"district_id","province_name","district_name","year","population","scenario","baseline_year"
"TUR.10.4_1","Artvin","Hopa",2024,27806,"main",2024
"TUR.10.4_1","Artvin","Hopa",2025,27944.4676771779,"main",2024
"TUR.10.4_1","Artvin","Hopa",2026,28078.9665809893,"main",2024
"TUR.10.4_1","Artvin","Hopa",2027,28209.4672243035,"main",2024
"TUR.10.4_1","Artvin","Hopa",2028,28335.8986435864,"main",2024
"TUR.10.4_1","Artvin","Hopa",2029,28458.1318731454,"main",2024
"TUR.10.4_1","Artvin","Hopa",2030,28576.0175331209,"main",2024
"TUR.10.4_1","Artvin","Hopa",2031,28692.5814567671,"main",2024
"TUR.10.4_1","Artvin","Hopa",2032,28807.6768564994,"main",2024
"TUR.10.4_1","Artvin","Hopa",2033,28921.1932365865,"main",2024
"TUR.10.4_1","Artvin","Hopa",2034,29033.0625498037,"main",2024
"TUR.10.4_1","Artvin","Hopa",2035,29143.256605158,"main",2024
"TUR.10.4_1","Artvin","Hopa",2036,29251.1166407083,"main",2024
"TUR.10.4_1","Artvin","Hopa",2037,29356.6510813492,"main",2024
"TUR.10.4_1","Artvin","Hopa",2038,29459.8291438122,"main",2024
"TUR.10.4_1","Artvin","Hopa",2039,29560.5711156344,"main",2024
"TUR.10.4_1","Artvin","Hopa",2040,29658.7438186761,"main",2024
"TUR.10.4_1","Artvin","Hopa",2041,29753.474304256,"main",2024
"TUR.10.4_1","Artvin","Hopa",2042,29844.5043169549,"main",2024
"TUR.10.4_1","Artvin","Hopa",2043,29931.5137107829,"main",2024
"TUR.10.4_1","Artvin","Hopa",2044,30014.1048955275,"main",2024
"TUR.10.4_1","Artvin","Hopa",2045,30091.7989483414,"main",2024
"TUR.10.4_1","Artvin","Hopa",2046,30164.0923197624,"main",2024
"TUR.10.4_1","Artvin","Hopa",2047,30230.4017478653,"main",2024
"TUR.10.4_1","Artvin","Hopa",2048,30290.015329067,"main",2024
"TUR.10.4_1","Artvin","Hopa",2049,30342.1816275873,"main",2024
"TUR.10.4_1","Artvin","Hopa",2050,30386.2023492879,"main",2024
"TUR.10.4_1","Artvin","Hopa",2051,30417.520598361,"main",2024
"TUR.10.4_1","Artvin","Hopa",2052,30435.8674262523,"main",2024
"TUR.10.4_1","Artvin","Hopa",2053,30441.1870990444,"main",2024
"TUR.10.4_1","Artvin","Hopa",2054,30433.6591317966,"main",2024
"TUR.10.4_1","Artvin","Hopa",2055,30413.6999087166,"main",2024
"TUR.10.4_1","Artvin","Hopa",2056,30381.9850415343,"main",2024
"TUR.10.4_1","Artvin","Hopa",2057,30339.3641484542,"main",2024
"TUR.10.4_1","Artvin","Hopa",2058,30286.6894399558,"main",2024
"TUR.10.4_1","Artvin","Hopa",2059,30224.845529959,"main",2024
"TUR.10.4_1","Artvin","Hopa",2060,30154.7704980602,"main",2024
"TUR.10.4_1","Artvin","Hopa",2061,30077.4186255758,"main",2024
"TUR.10.4_1","Artvin","Hopa",2062,29993.6933204211,"main",2024
"TUR.10.4_1","Artvin","Hopa",2063,29904.3729132317,"main",2024
"TUR.10.4_1","Artvin","Hopa",2064,29810.172547935,"main",2024
"TUR.10.4_1","Artvin","Hopa",2065,29711.7380250957,"main",2024
"TUR.10.4_1","Artvin","Hopa",2066,29609.7566216825,"main",2024
"TUR.10.4_1","Artvin","Hopa",2067,29504.8653893314,"main",2024
"TUR.10.4_1","Artvin","Hopa",2068,29397.5481114059,"main",2024
"TUR.10.4_1","Artvin","Hopa",2069,29288.2069146,"main",2024
"TUR.10.4_1","Artvin","Hopa",2070,29177.2270758187,"main",2024
"TUR.10.4_1","Artvin","Hopa",2071,29064.9763741093,"main",2024
"TUR.10.4_1","Artvin","Hopa",2072,28951.7483846408,"main",2024
"TUR.10.4_1","Artvin","Hopa",2073,28837.7524336375,"main",2024
"TUR.10.4_1","Artvin","Hopa",2074,28723.1278558926,"main",2024
"TUR.10.4_1","Artvin","Hopa",2075,28608.0062093736,"main",2024
"TUR.10.4_1","Artvin","Hopa",2076,28492.3771249798,"main",2024
"TUR.10.4_1","Artvin","Hopa",2077,28376.0478022413,"main",2024
"TUR.10.4_1","Artvin","Hopa",2078,28258.7554492574,"main",2024
"TUR.10.4_1","Artvin","Hopa",2079,28140.1964457927,"main",2024
"TUR.10.4_1","Artvin","Hopa",2080,28019.9988003525,"main",2024
"TUR.10.4_1","Artvin","Hopa",2081,27895.8978364953,"main",2024
"TUR.10.4_1","Artvin","Hopa",2082,27767.6884404438,"main",2024
"TUR.10.4_1","Artvin","Hopa",2083,27635.1962816895,"main",2024
"TUR.10.4_1","Artvin","Hopa",2084,27498.2279116937,"main",2024
"TUR.10.4_1","Artvin","Hopa",2085,27356.6796394476,"main",2024
"TUR.10.4_1","Artvin","Hopa",2086,27210.5628061552,"main",2024
"TUR.10.4_1","Artvin","Hopa",2087,27060.0037852336,"main",2024
"TUR.10.4_1","Artvin","Hopa",2088,26905.2514351044,"main",2024
"TUR.10.4_1","Artvin","Hopa",2089,26746.659277301,"main",2024
"TUR.10.4_1","Artvin","Hopa",2090,26584.6686466801,"main",2024
"TUR.10.4_1","Artvin","Hopa",2091,26419.7785562222,"main",2024
"TUR.10.4_1","Artvin","Hopa",2092,26252.5029244903,"main",2024
"TUR.10.4_1","Artvin","Hopa",2093,26083.3472451529,"main",2024
"TUR.10.4_1","Artvin","Hopa",2094,25912.8059947087,"main",2024
"TUR.10.4_1","Artvin","Hopa",2095,25741.3947118928,"main",2024
"TUR.10.4_1","Artvin","Hopa",2096,25569.5813023829,"main",2024
"TUR.10.4_1","Artvin","Hopa",2097,25397.7458585336,"main",2024
"TUR.10.4_1","Artvin","Hopa",2098,25226.2435220505,"main",2024
"TUR.10.4_1","Artvin","Hopa",2099,25055.4307307767,"main",2024
"TUR.10.4_1","Artvin","Hopa",2100,24885.6529053857,"main",2024
"TUR.39.3_1","Isparta","Eğirdir",2024,30053,"main",2024
"TUR.39.3_1","Isparta","Eğirdir",2025,30202.6572359285,"main",2024
"TUR.39.3_1","Isparta","Eğirdir",2026,30348.024982323,"main",2024
"TUR.39.3_1","Isparta","Eğirdir",2027,30489.0713692007,"main",2024
"TUR.39.3_1","Isparta","Eğirdir",2028,30625.7196984716,"main",2024
"TUR.39.3_1","Isparta","Eğirdir",2029,30757.8305827389,"main",2024
"TUR.39.3_1","Isparta","Eğirdir",2030,30885.2425707719,"main",2024
"TUR.39.3_1","Isparta","Eğirdir",2031,31011.2260130987,"main",2024
"TUR.39.3_1","Isparta","Eğirdir",2032,31135.6222602452,"main",2024
"TUR.39.3_1","Isparta","Eğirdir",2033,31258.3118873313,"main",2024
"TUR.39.3_1","Isparta","Eğirdir",2034,31379.2213482432,"main",2024
"TUR.39.3_1","Isparta","Eğirdir",2035,31498.3201738766,"main",2024
"TUR.39.3_1","Isparta","Eğirdir",2036,31614.8963678058,"main",2024
"TUR.39.3_1","Isparta","Eğirdir",2037,31728.95903574,"main",2024
"TUR.39.3_1","Isparta","Eğirdir",2038,31840.4749068183,"main",2024
"TUR.39.3_1","Isparta","Eğirdir",2039,31949.3578270215,"main",2024
"TUR.39.3_1","Isparta","Eğirdir",2040,32055.4638560984,"main",2024
"TUR.39.3_1","Isparta","Eğirdir",2041,32157.8495024745,"main",2024
"TUR.39.3_1","Isparta","Eğirdir",2042,32256.2356411367,"main",2024
"TUR.39.3_1","Isparta","Eğirdir",2043,32350.2762551305,"main",2024
"TUR.39.3_1","Isparta","Eğirdir",2044,32439.5416250194,"main",2024
"TUR.39.3_1","Isparta","Eğirdir",2045,32523.5141262498,"main",2024
"TUR.39.3_1","Isparta","Eğirdir",2046,32601.6495175796,"main",2024
"TUR.39.3_1","Isparta","Eğirdir",2047,32673.3174037472,"main",2024
"TUR.39.3_1","Isparta","Eğirdir",2048,32737.7483523143,"main",2024
"TUR.39.3_1","Isparta","Eğirdir",2049,32794.1302040524,"main",2024
"TUR.39.3_1","Isparta","Eğirdir",2050,32841.7082357458,"main",2024
"TUR.39.3_1","Isparta","Eğirdir",2051,32875.5573093053,"main",2024
"TUR.39.3_1","Isparta","Eğirdir",2052,32895.3867424714,"main",2024
"TUR.39.3_1","Isparta","Eğirdir",2053,32901.1362974747,"main",2024
"TUR.39.3_1","Isparta","Eğirdir",2054,32892.9999959679,"main",2024
"TUR.39.3_1","Isparta","Eğirdir",2055,32871.4278701237,"main",2024
"TUR.39.3_1","Isparta","Eğirdir",2056,32837.1501277865,"main",2024
"TUR.39.3_1","Isparta","Eğirdir",2057,32791.0850447204,"main",2024
"TUR.39.3_1","Isparta","Eğirdir",2058,32734.1536984461,"main",2024
"TUR.39.3_1","Isparta","Eğirdir",2059,32667.3121884435,"main",2024
"TUR.39.3_1","Isparta","Eğirdir",2060,32591.5744004245,"main",2024
"TUR.39.3_1","Isparta","Eğirdir",2061,32507.9717310807,"main",2024
"TUR.39.3_1","Isparta","Eğirdir",2062,32417.480592628,"main",2024
"TUR.39.3_1","Isparta","Eğirdir",2063,32320.9422125208,"main",2024
"TUR.39.3_1","Isparta","Eğirdir",2064,32219.1295253934,"main",2024
"TUR.39.3_1","Isparta","Eğirdir",2065,32112.7405188881,"main",2024
"TUR.39.3_1","Isparta","Eğirdir",2066,32002.5180087544,"main",2024
"TUR.39.3_1","Isparta","Eğirdir",2067,31889.1505267057,"main",2024
"TUR.39.3_1","Isparta","Eğirdir",2068,31773.1609505892,"main",2024
"TUR.39.3_1","Isparta","Eğirdir",2069,31654.9839029157,"main",2024
"TUR.39.3_1","Isparta","Eğirdir",2070,31535.0357947774,"main",2024
"TUR.39.3_1","Isparta","Eğirdir",2071,31413.7141254085,"main",2024
"TUR.39.3_1","Isparta","Eğirdir",2072,31291.3361937571,"main",2024
"TUR.39.3_1","Isparta","Eğirdir",2073,31168.1282416783,"main",2024
"TUR.39.3_1","Isparta","Eğirdir",2074,31044.2408635956,"main",2024
"TUR.39.3_1","Isparta","Eğirdir",2075,30919.8162486624,"main",2024
"TUR.39.3_1","Isparta","Eğirdir",2076,30794.8431898517,"main",2024
"TUR.39.3_1","Isparta","Eğirdir",2077,30669.1133065078,"main",2024
"TUR.39.3_1","Isparta","Eğirdir",2078,30542.3425705435,"main",2024
"TUR.39.3_1","Isparta","Eğirdir",2079,30414.2028262032,"main",2024
"TUR.39.3_1","Isparta","Eğirdir",2080,30284.2920213981,"main",2024
"TUR.39.3_1","Isparta","Eğirdir",2081,30150.162471416,"main",2024
"TUR.39.3_1","Isparta","Eğirdir",2082,30011.5924872567,"main",2024
"TUR.39.3_1","Isparta","Eğirdir",2083,29868.3936507809,"main",2024
"TUR.39.3_1","Isparta","Eğirdir",2084,29720.3568808937,"main",2024
"TUR.39.3_1","Isparta","Eğirdir",2085,29567.3701073264,"main",2024
"TUR.39.3_1","Isparta","Eğirdir",2086,29409.4455877646,"main",2024
"TUR.39.3_1","Isparta","Eğirdir",2087,29246.7199078482,"main",2024
"TUR.39.3_1","Isparta","Eğirdir",2088,29079.4620362221,"main",2024
"TUR.39.3_1","Isparta","Eğirdir",2089,28908.0540624587,"main",2024
"TUR.39.3_1","Isparta","Eğirdir",2090,28732.972985639,"main",2024
"TUR.39.3_1","Isparta","Eğirdir",2091,28554.758143931,"main",2024
"TUR.39.3_1","Isparta","Eğirdir",2092,28373.9649856041,"main",2024
"TUR.39.3_1","Isparta","Eğirdir",2093,28191.139853218,"main",2024
"TUR.39.3_1","Isparta","Eğirdir",2094,28006.8171818665,"main",2024
"TUR.39.3_1","Isparta","Eğirdir",2095,27821.5541709169,"main",2024
"TUR.39.3_1","Isparta","Eğirdir",2096,27635.8565374564,"main",2024
"TUR.39.3_1","Isparta","Eğirdir",2097,27450.1350890639,"main",2024
"TUR.39.3_1","Isparta","Eğirdir",2098,27264.7736664095,"main",2024
"TUR.39.3_1","Isparta","Eğirdir",2099,27080.1575110419,"main",2024
"TUR.39.3_1","Isparta","Eğirdir",2100,26896.6599570437,"main",2024
"TUR.40.25_1","Istanbul","Kartal",2024,475859,"main",2024
"TUR.40.25_1","Istanbul","Kartal",2025,478228.671667777,"main",2024
"TUR.40.25_1","Istanbul","Kartal",2026,480530.423587103,"main",2024
"TUR.40.25_1","Istanbul","Kartal",2027,482763.751128888,"main",2024
"TUR.40.25_1","Istanbul","Kartal",2028,484927.439856087,"main",2024
"TUR.40.25_1","Istanbul","Kartal",2029,487019.282709598,"main",2024
"TUR.40.25_1","Istanbul","Kartal",2030,489036.723271718,"main",2024
"TUR.40.25_1","Istanbul","Kartal",2031,491031.544250728,"main",2024
"TUR.40.25_1","Istanbul","Kartal",2032,493001.233591922,"main",2024
"TUR.40.25_1","Istanbul","Kartal",2033,494943.90032255,"main",2024
"TUR.40.25_1","Istanbul","Kartal",2034,496858.379913941,"main",2024
"TUR.40.25_1","Istanbul","Kartal",2035,498744.189918503,"main",2024
"TUR.40.25_1","Istanbul","Kartal",2036,500590.056589615,"main",2024
"TUR.40.25_1","Istanbul","Kartal",2037,502396.124107018,"main",2024
"TUR.40.25_1","Istanbul","Kartal",2038,504161.865660121,"main",2024
"TUR.40.25_1","Istanbul","Kartal",2039,505885.917086768,"main",2024
"TUR.40.25_1","Istanbul","Kartal",2040,507565.999237984,"main",2024
"TUR.40.25_1","Istanbul","Kartal",2041,509187.172874521,"main",2024
"TUR.40.25_1","Istanbul","Kartal",2042,510745.0183328,"main",2024
"TUR.40.25_1","Istanbul","Kartal",2043,512234.056782688,"main",2024
"TUR.40.25_1","Istanbul","Kartal",2044,513647.484049515,"main",2024
"TUR.40.25_1","Istanbul","Kartal",2045,514977.104069581,"main",2024
"TUR.40.25_1","Istanbul","Kartal",2046,516214.299330713,"main",2024
"TUR.40.25_1","Istanbul","Kartal",2047,517349.088158578,"main",2024
"TUR.40.25_1","Istanbul","Kartal",2048,518369.287365119,"main",2024
"TUR.40.25_1","Istanbul","Kartal",2049,519262.037226572,"main",2024
"TUR.40.25_1","Istanbul","Kartal",2050,520015.387460612,"main",2024
"TUR.40.25_1","Istanbul","Kartal",2051,520551.353463838,"main",2024
"TUR.40.25_1","Istanbul","Kartal",2052,520865.332575307,"main",2024
"TUR.40.25_1","Istanbul","Kartal",2053,520956.370990584,"main",2024
"TUR.40.25_1","Istanbul","Kartal",2054,520827.540847213,"main",2024
"TUR.40.25_1","Istanbul","Kartal",2055,520485.967951592,"main",2024
"TUR.40.25_1","Istanbul","Kartal",2056,519943.214409821,"main",2024
"TUR.40.25_1","Istanbul","Kartal",2057,519213.820194177,"main",2024
"TUR.40.25_1","Istanbul","Kartal",2058,518312.369639932,"main",2024
"TUR.40.25_1","Istanbul","Kartal",2059,517254.001619822,"main",2024
"TUR.40.25_1","Istanbul","Kartal",2060,516054.769993398,"main",2024
"TUR.40.25_1","Istanbul","Kartal",2061,514731.00588894,"main",2024
"TUR.40.25_1","Istanbul","Kartal",2062,513298.169810913,"main",2024
"TUR.40.25_1","Istanbul","Kartal",2063,511769.581749174,"main",2024
"TUR.40.25_1","Istanbul","Kartal",2064,510157.480345529,"main",2024
"TUR.40.25_1","Istanbul","Kartal",2065,508472.917531613,"main",2024
"TUR.40.25_1","Istanbul","Kartal",2066,506727.655047012,"main",2024
"TUR.40.25_1","Istanbul","Kartal",2067,504932.595098247,"main",2024
"TUR.40.25_1","Istanbul","Kartal",2068,503096.016929638,"main",2024
"TUR.40.25_1","Istanbul","Kartal",2069,501224.802351099,"main",2024
"TUR.40.25_1","Istanbul","Kartal",2070,499325.544813063,"main",2024
"TUR.40.25_1","Istanbul","Kartal",2071,497404.538315734,"main",2024
"TUR.40.25_1","Istanbul","Kartal",2072,495466.806968525,"main",2024
"TUR.40.25_1","Istanbul","Kartal",2073,493515.933083446,"main",2024
"TUR.40.25_1","Istanbul","Kartal",2074,491554.301171588,"main",2024
"TUR.40.25_1","Istanbul","Kartal",2075,489584.16265505,"main",2024
"TUR.40.25_1","Istanbul","Kartal",2076,487605.340081844,"main",2024
"TUR.40.25_1","Istanbul","Kartal",2077,485614.533954065,"main",2024
"TUR.40.25_1","Istanbul","Kartal",2078,483607.24697289,"main",2024
"TUR.40.25_1","Istanbul","Kartal",2079,481578.283122292,"main",2024
"TUR.40.25_1","Istanbul","Kartal",2080,479521.276312197,"main",2024
"TUR.40.25_1","Istanbul","Kartal",2081,477397.469919327,"main",2024
"TUR.40.25_1","Istanbul","Kartal",2082,475203.353721541,"main",2024
"TUR.40.25_1","Istanbul","Kartal",2083,472935.944307289,"main",2024
"TUR.40.25_1","Istanbul","Kartal",2084,470591.931087918,"main",2024
"TUR.40.25_1","Istanbul","Kartal",2085,468169.539543548,"main",2024
"TUR.40.25_1","Istanbul","Kartal",2086,465668.963762289,"main",2024
"TUR.40.25_1","Istanbul","Kartal",2087,463092.366440247,"main",2024
"TUR.40.25_1","Istanbul","Kartal",2088,460444.006425136,"main",2024
"TUR.40.25_1","Istanbul","Kartal",2089,457729.933720678,"main",2024
"TUR.40.25_1","Istanbul","Kartal",2090,454957.701127114,"main",2024
"TUR.40.25_1","Istanbul","Kartal",2091,452135.848521375,"main",2024
"TUR.40.25_1","Istanbul","Kartal",2092,449273.17086762,"main",2024
"TUR.40.25_1","Istanbul","Kartal",2093,446378.31895027,"main",2024
"TUR.40.25_1","Istanbul","Kartal",2094,443459.755011008,"main",2024
"TUR.40.25_1","Istanbul","Kartal",2095,440526.301740869,"main",2024
"TUR.40.25_1","Istanbul","Kartal",2096,437585.966660815,"main",2024
"TUR.40.25_1","Istanbul","Kartal",2097,434645.254495287,"main",2024
"TUR.40.25_1","Istanbul","Kartal",2098,431710.242974877,"main",2024
"TUR.40.25_1","Istanbul","Kartal",2099,428787.032011676,"main",2024
"TUR.40.25_1","Istanbul","Kartal",2100,425881.53297504,"main",2024
"TUR.59.4_1","Mugla","Fethiye",2024,182280,"main",2024
"TUR.59.4_1","Mugla","Fethiye",2025,183187.713737898,"main",2024
"TUR.59.4_1","Mugla","Fethiye",2026,184069.41050071,"main",2024
"TUR.59.4_1","Mugla","Fethiye",2027,184924.896987918,"main",2024
"TUR.59.4_1","Mugla","Fethiye",2028,185753.708003773,"main",2024
"TUR.59.4_1","Mugla","Fethiye",2029,186554.998124036,"main",2024
"TUR.59.4_1","Mugla","Fethiye",2030,187327.788101032,"main",2024
"TUR.59.4_1","Mugla","Fethiye",2031,188091.913541664,"main",2024
"TUR.59.4_1","Mugla","Fethiye",2032,188846.412191711,"main",2024
"TUR.59.4_1","Mugla","Fethiye",2033,189590.559705279,"main",2024
"TUR.59.4_1","Mugla","Fethiye",2034,190323.910004252,"main",2024
"TUR.59.4_1","Mugla","Fethiye",2035,191046.278284838,"main",2024
"TUR.59.4_1","Mugla","Fethiye",2036,191753.346086036,"main",2024
"TUR.59.4_1","Mugla","Fethiye",2037,192445.168636565,"main",2024
"TUR.59.4_1","Mugla","Fethiye",2038,193121.544139182,"main",2024
"TUR.59.4_1","Mugla","Fethiye",2039,193781.950045236,"main",2024
"TUR.59.4_1","Mugla","Fethiye",2040,194425.513316129,"main",2024
"TUR.59.4_1","Mugla","Fethiye",2041,195046.511406883,"main",2024
"TUR.59.4_1","Mugla","Fethiye",2042,195643.251344837,"main",2024
"TUR.59.4_1","Mugla","Fethiye",2043,196213.634438664,"main",2024
"TUR.59.4_1","Mugla","Fethiye",2044,196755.054317656,"main",2024
"TUR.59.4_1","Mugla","Fethiye",2045,197264.371441547,"main",2024
"TUR.59.4_1","Mugla","Fethiye",2046,197738.284832277,"main",2024
"TUR.59.4_1","Mugla","Fethiye",2047,198172.970963133,"main",2024
"TUR.59.4_1","Mugla","Fethiye",2048,198563.763007349,"main",2024
"TUR.59.4_1","Mugla","Fethiye",2049,198905.73498801,"main",2024
"TUR.59.4_1","Mugla","Fethiye",2050,199194.309293972,"main",2024
"TUR.59.4_1","Mugla","Fethiye",2051,199399.613560715,"main",2024
"TUR.59.4_1","Mugla","Fethiye",2052,199519.884717589,"main",2024
"TUR.59.4_1","Mugla","Fethiye",2053,199554.757405374,"main",2024
"TUR.59.4_1","Mugla","Fethiye",2054,199505.408420625,"main",2024
"TUR.59.4_1","Mugla","Fethiye",2055,199374.567336577,"main",2024
"TUR.59.4_1","Mugla","Fethiye",2056,199166.663071671,"main",2024
"TUR.59.4_1","Mugla","Fethiye",2057,198887.265229815,"main",2024
"TUR.59.4_1","Mugla","Fethiye",2058,198541.960408371,"main",2024
"TUR.59.4_1","Mugla","Fethiye",2059,198136.547622849,"main",2024
"TUR.59.4_1","Mugla","Fethiye",2060,197677.17637871,"main",2024
"TUR.59.4_1","Mugla","Fethiye",2061,197170.10239049,"main",2024
"TUR.59.4_1","Mugla","Fethiye",2062,196621.247876226,"main",2024
"TUR.59.4_1","Mugla","Fethiye",2063,196035.715119898,"main",2024
"TUR.59.4_1","Mugla","Fethiye",2064,195418.192190088,"main",2024
"TUR.59.4_1","Mugla","Fethiye",2065,194772.912580538,"main",2024
"TUR.59.4_1","Mugla","Fethiye",2066,194104.381680223,"main",2024
"TUR.59.4_1","Mugla","Fethiye",2067,193416.775629984,"main",2024
"TUR.59.4_1","Mugla","Fethiye",2068,192713.265832808,"main",2024
"TUR.59.4_1","Mugla","Fethiye",2069,191996.488397946,"main",2024
"TUR.59.4_1","Mugla","Fethiye",2070,191268.968977208,"main",2024
"TUR.59.4_1","Mugla","Fethiye",2071,190533.118516602,"main",2024
"TUR.59.4_1","Mugla","Fethiye",2072,189790.861524575,"main",2024
"TUR.59.4_1","Mugla","Fethiye",2073,189043.570222378,"main",2024
"TUR.59.4_1","Mugla","Fethiye",2074,188292.158008059,"main",2024
"TUR.59.4_1","Mugla","Fethiye",2075,187537.48729931,"main",2024
"TUR.59.4_1","Mugla","Fethiye",2076,186779.490122323,"main",2024
"TUR.59.4_1","Mugla","Fethiye",2077,186016.902589101,"main",2024
"TUR.59.4_1","Mugla","Fethiye",2078,185248.001988443,"main",2024
"TUR.59.4_1","Mugla","Fethiye",2079,184470.797962277,"main",2024
"TUR.59.4_1","Mugla","Fethiye",2080,183682.851950236,"main",2024
"TUR.59.4_1","Mugla","Fethiye",2081,182869.318047772,"main",2024
"TUR.59.4_1","Mugla","Fethiye",2082,182028.851647993,"main",2024
"TUR.59.4_1","Mugla","Fethiye",2083,181160.309941249,"main",2024
"TUR.59.4_1","Mugla","Fethiye",2084,180262.424791179,"main",2024
"TUR.59.4_1","Mugla","Fethiye",2085,179334.516459703,"main",2024
"TUR.59.4_1","Mugla","Fethiye",2086,178376.659293173,"main",2024
"TUR.59.4_1","Mugla","Fethiye",2087,177389.681722376,"main",2024
"TUR.59.4_1","Mugla","Fethiye",2088,176375.215118709,"main",2024
"TUR.59.4_1","Mugla","Fethiye",2089,175335.576964195,"main",2024
"TUR.59.4_1","Mugla","Fethiye",2090,174273.660394046,"main",2024
"TUR.59.4_1","Mugla","Fethiye",2091,173192.736647781,"main",2024
"TUR.59.4_1","Mugla","Fethiye",2092,172096.174677267,"main",2024
"TUR.59.4_1","Mugla","Fethiye",2093,170987.288205656,"main",2024
"TUR.59.4_1","Mugla","Fethiye",2094,169869.318733924,"main",2024
"TUR.59.4_1","Mugla","Fethiye",2095,168745.645834849,"main",2024
"TUR.59.4_1","Mugla","Fethiye",2096,167619.336826525,"main",2024
"TUR.59.4_1","Mugla","Fethiye",2097,166492.883373858,"main",2024
"TUR.59.4_1","Mugla","Fethiye",2098,165368.61357978,"main",2024
"TUR.59.4_1","Mugla","Fethiye",2099,164248.864043947,"main",2024
"TUR.59.4_1","Mugla","Fethiye",2100,163135.899143843,"main",2024
"TUR.81.6_1","Zonguldak","Merkez",2024,116325,"main",2024
"TUR.81.6_1","Zonguldak","Merkez",2025,116904.272550806,"main",2024
"TUR.81.6_1","Zonguldak","Merkez",2026,117466.9419382,"main",2024
"TUR.81.6_1","Zonguldak","Merkez",2027,118012.884804255,"main",2024
"TUR.81.6_1","Zonguldak","Merkez",2028,118541.804276602,"main",2024
"TUR.81.6_1","Zonguldak","Merkez",2029,119053.160833764,"main",2024
"TUR.81.6_1","Zonguldak","Merkez",2030,119546.329552625,"main",2024
"TUR.81.6_1","Zonguldak","Merkez",2031,120033.968854148,"main",2024
"TUR.81.6_1","Zonguldak","Merkez",2032,120515.464659868,"main",2024
"TUR.81.6_1","Zonguldak","Merkez",2033,120990.354716461,"main",2024
"TUR.81.6_1","Zonguldak","Merkez",2034,121458.354351792,"main",2024
"TUR.81.6_1","Zonguldak","Merkez",2035,121919.34563026,"main",2024
"TUR.81.6_1","Zonguldak","Merkez",2036,122370.572654477,"main",2024
"TUR.81.6_1","Zonguldak","Merkez",2037,122812.070669566,"main",2024
"TUR.81.6_1","Zonguldak","Merkez",2038,123243.710895273,"main",2024
"TUR.81.6_1","Zonguldak","Merkez",2039,123665.159858526,"main",2024
"TUR.81.6_1","Zonguldak","Merkez",2040,124075.860415288,"main",2024
"TUR.81.6_1","Zonguldak","Merkez",2041,124472.160628734,"main",2024
"TUR.81.6_1","Zonguldak","Merkez",2042,124852.98010033,"main",2024
"TUR.81.6_1","Zonguldak","Merkez",2043,125216.979515458,"main",2024
"TUR.81.6_1","Zonguldak","Merkez",2044,125562.495575496,"main",2024
"TUR.81.6_1","Zonguldak","Merkez",2045,125887.524730843,"main",2024
"TUR.81.6_1","Zonguldak","Merkez",2046,126189.960407695,"main",2024
"TUR.81.6_1","Zonguldak","Merkez",2047,126467.362559175,"main",2024
"TUR.81.6_1","Zonguldak","Merkez",2048,126716.752972514,"main",2024
"TUR.81.6_1","Zonguldak","Merkez",2049,126934.988053985,"main",2024
"TUR.81.6_1","Zonguldak","Merkez",2050,127119.146525243,"main",2024
"TUR.81.6_1","Zonguldak","Merkez",2051,127250.164842277,"main",2024
"TUR.81.6_1","Zonguldak","Merkez",2052,127326.917872358,"main",2024
"TUR.81.6_1","Zonguldak","Merkez",2053,127349.172455454,"main",2024
"TUR.81.6_1","Zonguldak","Merkez",2054,127317.679583768,"main",2024
"TUR.81.6_1","Zonguldak","Merkez",2055,127234.181179654,"main",2024
"TUR.81.6_1","Zonguldak","Merkez",2056,127101.503630745,"main",2024
"TUR.81.6_1","Zonguldak","Merkez",2057,126923.201271989,"main",2024
"TUR.81.6_1","Zonguldak","Merkez",2058,126702.839282992,"main",2024
"TUR.81.6_1","Zonguldak","Merkez",2059,126444.118401514,"main",2024
"TUR.81.6_1","Zonguldak","Merkez",2060,126150.963036282,"main",2024
"TUR.81.6_1","Zonguldak","Merkez",2061,125827.365375103,"main",2024
"TUR.81.6_1","Zonguldak","Merkez",2062,125477.104779471,"main",2024
"TUR.81.6_1","Zonguldak","Merkez",2063,125103.437356386,"main",2024
"TUR.81.6_1","Zonguldak","Merkez",2064,124709.354874435,"main",2024
"TUR.81.6_1","Zonguldak","Merkez",2065,124297.559007742,"main",2024
"TUR.81.6_1","Zonguldak","Merkez",2066,123870.924944876,"main",2024
"TUR.81.6_1","Zonguldak","Merkez",2067,123432.11775926,"main",2024
"TUR.81.6_1","Zonguldak","Merkez",2068,122983.161334219,"main",2024
"TUR.81.6_1","Zonguldak","Merkez",2069,122525.737946517,"main",2024
"TUR.81.6_1","Zonguldak","Merkez",2070,122061.459382673,"main",2024
"TUR.81.6_1","Zonguldak","Merkez",2071,121591.864227802,"main",2024
"TUR.81.6_1","Zonguldak","Merkez",2072,121118.180638831,"main",2024
"TUR.81.6_1","Zonguldak","Merkez",2073,120641.284321473,"main",2024
"TUR.81.6_1","Zonguldak","Merkez",2074,120161.758175815,"main",2024
"TUR.81.6_1","Zonguldak","Merkez",2075,119680.152567985,"main",2024
"TUR.81.6_1","Zonguldak","Merkez",2076,119196.424119372,"main",2024
"TUR.81.6_1","Zonguldak","Merkez",2077,118709.766258927,"main",2024
"TUR.81.6_1","Zonguldak","Merkez",2078,118219.079609971,"main",2024
"TUR.81.6_1","Zonguldak","Merkez",2079,117723.093992549,"main",2024
"TUR.81.6_1","Zonguldak","Merkez",2080,117220.253198986,"main",2024
"TUR.81.6_1","Zonguldak","Merkez",2081,116701.083069493,"main",2024
"TUR.81.6_1","Zonguldak","Merkez",2082,116164.725520917,"main",2024
"TUR.81.6_1","Zonguldak","Merkez",2083,115610.451250361,"main",2024
"TUR.81.6_1","Zonguldak","Merkez",2084,115037.450975609,"main",2024
"TUR.81.6_1","Zonguldak","Merkez",2085,114445.290910549,"main",2024
"TUR.81.6_1","Zonguldak","Merkez",2086,113834.018500539,"main",2024
"TUR.81.6_1","Zonguldak","Merkez",2087,113204.162422402,"main",2024
"TUR.81.6_1","Zonguldak","Merkez",2088,112556.763762804,"main",2024
"TUR.81.6_1","Zonguldak","Merkez",2089,111893.301461269,"main",2024
"TUR.81.6_1","Zonguldak","Merkez",2090,111215.621819933,"main",2024
"TUR.81.6_1","Zonguldak","Merkez",2091,110525.812434458,"main",2024
"TUR.81.6_1","Zonguldak","Merkez",2092,109826.023257259,"main",2024
"TUR.81.6_1","Zonguldak","Merkez",2093,109118.368995627,"main",2024
"TUR.81.6_1","Zonguldak","Merkez",2094,108404.918267082,"main",2024
"TUR.81.6_1","Zonguldak","Merkez",2095,107687.827801947,"main",2024
"TUR.81.6_1","Zonguldak","Merkez",2096,106969.055060048,"main",2024
"TUR.81.6_1","Zonguldak","Merkez",2097,106250.1901386,"main",2024
"TUR.81.6_1","Zonguldak","Merkez",2098,105532.718755036,"main",2024
"TUR.81.6_1","Zonguldak","Merkez",2099,104818.132049112,"main",2024
"TUR.81.6_1","Zonguldak","Merkez",2100,104107.875070812,"main",2024
