district_id,year,species,Lambda_import_year,mean_p_est_year,mean_p_local_major,p_ge1_major_year,mean_q_import_year,mean_p_month_major,mean_temp_c_year,mean_rh_year
TUR.10.4_1,2025,aegypti,1.3225350660816553,2.1560373303826839e-10,2.1560373303826839e-10,4.643141426896591e-11,0.010766404833184121,3.8692836066202725e-12,11.25774147442437,82.59211403038665
TUR.10.4_1,2026,aegypti,1.5051332508328426,1.3355853548960295e-8,1.3355853548960295e-8,2.6975419675778767e-9,0.012242466130653282,2.2479515952990187e-10,12.653347005130604,78.06356292870208
TUR.10.4_1,2027,aegypti,1.4328622598712504,1.3062167660930307e-10,1.3062167660930307e-10,3.040034890489096e-11,0.011658553016149145,2.5333651349176017e-12,12.084069478824306,82.12509335981373
TUR.10.4_1,2028,aegypti,1.3629798417293557,1.615990489571099e-13,1.615990489571099e-13,3.574918139293004e-14,0.011077932470278606,2.9769251591650484e-15,12.151536239499418,80.23289734032318
TUR.10.4_1,2029,aegypti,1.2849942667939707,2.1524181408727746e-4,2.1524181408727746e-4,4.504924341730554e-5,0.010462625849538942,3.7541036181022085e-6,11.571021723128426,82.09587913658783
TUR.10.4_1,2030,aegypti,1.5180704965675609,5.581109908808779e-9,5.581109908808779e-9,1.1685397094396421e-9,0.012346950975495707,9.737830929507104e-11,12.018559153690505,82.68236404564544
TUR.10.4_1,2031,aegypti,1.4522133537422333,3.477648541501978e-5,3.477648541501978e-5,8.216372739067168e-6,0.011814938707765649,6.846977282542737e-7,12.263408753588367,81.00572067406341
TUR.10.4_1,2032,aegypti,1.2827021182947127,7.12651773704387e-11,7.12651773704387e-11,1.253852577320913e-11,0.010429352935296074,1.0448802279777567e-12,11.321999185596473,83.34326924787526
TUR.10.4_1,2033,aegypti,1.4769238144150556,6.880495802737604e-13,6.880495802737604e-13,1.4654943925052066e-13,0.012014595004727588,1.221315063236179e-14,12.090877769703237,81.70063390241627
TUR.10.4_1,2034,aegypti,1.5033968243868066,2.710358409548826e-5,2.710358409548826e-5,6.626933384823452e-6,0.0122284413004382,5.522444487350032e-7,12.198136015052167,81.62732241458261
TUR.10.4_1,2035,aegypti,1.454308431117209,4.625275024094932e-13,4.625275024094932e-13,9.225953334635051e-14,0.011831868361819486,7.691825705596944e-15,11.97449657650249,81.1122626255608
TUR.10.4_1,2036,aegypti,1.609292910577427,3.2242249564662375e-12,3.2242249564662375e-12,7.116529587847253e-13,0.01306491730320078,5.930670528638478e-14,13.36302649310685,81.32179377383554
TUR.10.4_1,2037,aegypti,1.6029774939378818,6.54970933515703e-4,6.54970933515703e-4,1.7060140607738639e-4,0.01303237074477188,1.4216786370003386e-5,13.86988756389873,80.50319661603932
TUR.10.4_1,2038,aegypti,1.4806660456915515,2.0898349332614866e-5,2.0898349332614866e-5,5.033253437702889e-6,0.012044827577859685,4.194377864722975e-7,12.28173581094997,81.68036768740976
TUR.10.4_1,2039,aegypti,1.6363122319594054,1.3137075060657792e-10,1.3137075060657792e-10,3.485822741566835e-11,0.013301320095357469,2.904859536471e-12,13.127686275357572,80.00668261355722
TUR.10.4_1,2040,aegypti,1.3875800442808002,8.104157244593022e-7,8.104157244593022e-7,1.541523214632079e-7,0.011276585195257418,1.2846026787914673e-8,12.12288662127114,81.35170926557545
TUR.10.4_1,2041,aegypti,1.6578292372522652,1.6183350955619363e-14,1.6183350955619363e-14,4.3298697960381105e-15,0.013474877879923713,3.6320416555584333e-16,13.09170783888754,81.78951253400807
TUR.10.4_1,2042,aegypti,1.581090526332609,1.0769845951613908e-6,1.0769845951613908e-6,2.341517699733231e-7,0.012855738095898406,1.9512647583950067e-8,12.243462238028217,81.34447659955983
TUR.10.4_1,2043,aegypti,1.4342269651615678,2.877359679224571e-12,2.877359679224571e-12,5.663247648612924e-13,0.011669582795745434,4.719681090645877e-14,11.600983625466196,83.3414852411207
TUR.10.4_1,2044,aegypti,1.523485717012002,3.3193797923672445e-4,3.3193797923672445e-4,8.211798379875734e-5,0.012373236387757733,6.843165316563756e-6,12.397740392202703,78.66411516970956
TUR.10.4_1,2045,aegypti,1.58191536587626,1.6561301469097955e-11,1.6561301469097955e-11,3.672950832367405e-12,0.012862395387080505,3.060827595600985e-13,12.954491447224784,80.09505516197845
TUR.10.4_1,2046,aegypti,1.6052577474355054,8.39548128153236e-4,8.39548128153236e-4,2.1902864692213697e-4,0.013050770817060445,1.825238724355662e-5,13.804312917902635,79.27783892459237
TUR.10.4_1,2047,aegypti,1.5944413524297327,0.0010500150844431925,0.0010500150844431925,2.721113211302528e-4,0.012963486495492615,2.267594343282645e-5,12.903374128852851,79.55367269025807
TUR.10.4_1,2048,aegypti,1.6596695021535828,0.007056436201981509,0.007056436201981509,0.0018999715370878745,0.013470738952962894,1.5833096142399327e-4,13.19078520269649,80.62452910250985
TUR.10.4_1,2049,aegypti,1.5056976582946542,1.0507836813629842e-11,1.0507836813629842e-11,2.5730528818712628e-12,0.012247024707740806,2.1442482652572325e-13,12.494356317633954,81.9372137974358
TUR.10.4_1,2050,aegypti,1.5382460147695916,6.836069377416654e-8,6.836069377416654e-8,1.7006774544192638e-8,0.012509868967377824,1.417231212830484e-9,12.92781553746717,80.51815022932057
TUR.10.4_1,2051,aegypti,1.5866711056336835,1.5356052946171686e-7,1.5356052946171686e-7,3.908353896076022e-8,0.012900778027621193,3.2569615914828744e-9,12.447550141130455,80.22266346123382
TUR.10.4_1,2052,aegypti,1.534327715698463,8.838771177673618e-4,8.838771177673618e-4,2.202017954997526e-4,0.012460662905472744,1.8350149626353468e-5,12.584206137373615,81.70499282982513
TUR.10.4_1,2053,aegypti,1.594951366632782,3.5298246438969505e-9,3.5298246438969505e-9,8.93645046851077e-10,0.012967602320137236,7.447041977024152e-11,13.167613797698982,80.21398725019459
TUR.10.4_1,2054,aegypti,1.5610992035767817,1.3847461911166402e-5,1.3847461911166402e-5,3.514325889741876e-6,0.012694372180264072,2.928604908120834e-7,12.85984369448281,81.38191085961029
TUR.10.4_1,2055,aegypti,1.532934256272023,1.5393906686804923e-7,1.5393906686804923e-7,3.8370473021132057e-8,0.012466979313663409,3.1975394213793936e-9,12.264643468771942,80.91435740298593
TUR.10.4_1,2056,aegypti,1.696420306606808,9.016739820293569e-8,9.016739820293569e-8,2.4809291510052844e-8,0.013766674361445158,2.067440956052702e-9,13.506800048862464,79.49361727542245
TUR.10.4_1,2057,aegypti,1.4561563561462005,1.0866086430620185e-7,1.0866086430620185e-7,2.573089452617694e-8,0.011846800581512116,2.1442412031349976e-9,11.722047225450046,83.35998143659596
TUR.10.4_1,2058,aegypti,1.5736579256006242,1.4793752126141042e-4,1.4793752126141042e-4,3.7843634061229814e-5,0.0127957471621478,3.1536361717729627e-6,13.30204035174307,80.34041235751474
TUR.10.4_1,2059,aegypti,1.5091806453643197,0.0026796620494299694,0.0026796620494299694,6.576827270433627e-4,0.012275155386668605,5.480689393024116e-5,12.420829150393176,81.23531649417245
TUR.10.4_1,2060,aegypti,1.564110551213254,0.0044800697040241425,0.0044800697040241425,0.0011370752601137513,0.01270077699203151,9.475642901951075e-5,12.802069133335916,80.37156031436288
TUR.10.4_1,2061,aegypti,1.4574255583244853,8.685314956835566e-4,8.685314956835566e-4,2.0592464186308668e-4,0.011857056262721303,1.7160387356422683e-5,12.072583549533851,81.57179123070404
TUR.10.4_1,2062,aegypti,1.571891083778079,8.79839237141448e-7,8.79839237141448e-7,1.9260351336036763e-7,0.01278148579579307,1.6050293054583345e-8,12.755454205785759,80.97219584292733
TUR.10.4_1,2063,aegypti,1.7195205050035396,0.002067142082051328,0.002067142082051328,5.772296953223677e-4,0.013972291094913547,4.8102474994001164e-5,13.285780145043699,80.08597363935475
TUR.10.4_1,2064,aegypti,1.5592168973892693,1.4151390761649798e-5,1.4151390761649798e-5,3.5662174976414107e-6,0.012661328132017072,2.9718481638685087e-7,12.904704136962263,83.29206774539315
TUR.10.4_1,2065,aegypti,1.6190923494251404,1.269932954330033e-8,1.269932954330033e-8,3.2716527265108653e-09,0.013162398112779639,2.7263773430006726e-10,13.680283579542804,80.53984059797291
TUR.10.4_1,2066,aegypti,1.5803127220862447,0.006340717257397651,0.006340717257397651,0.0016287929242737587,0.012849460380282118,1.357327436895027e-4,12.998796108677555,83.32582272993092
TUR.10.4_1,2067,aegypti,1.6390237754184598,1.312252926275829e-10,1.312252926275829e-10,3.494726730224329e-11,0.013323193528701547,2.91227296512566e-12,13.227474444423683,81.38741673933033
TUR.10.4_1,2068,aegypti,1.574986227837848,1.5096225273305195e-7,1.5096225273305195e-7,3.2558244655866986e-8,0.012788441859185937,2.71318705882816e-9,13.124037204498617,80.85209264265065
TUR.10.4_1,2069,aegypti,1.6646730165650176,7.639797899584595e-5,7.639797899584595e-5,2.066043252757499e-5,0.013530073012711705,1.7217027132595925e-6,13.51135628751374,78.89603255099618
TUR.10.4_1,2070,aegypti,1.5559784771266478,9.84518127877561e-4,9.84518127877561e-4,2.490484521779912e-4,0.012653033866658595,2.075403768156937e-5,12.91664934487598,81.49115552412037
TUR.10.4_1,2071,aegypti,1.6512018623311677,0.017746512743291164,0.017746512743291164,0.004760884473047122,0.013421424689658484,3.967403727539311e-4,12.826650265171695,80.7217342645582
TUR.10.4_1,2072,aegypti,1.6689228555790074,2.6297762127804512e-8,2.6297762127804512e-8,7.119778877573424e-9,0.01354526101854539,5.933149111918035e-10,12.867303434326816,81.86614408002858
TUR.10.4_1,2073,aegypti,1.5746223118482514,4.5525803416202916e-4,4.5525803416202916e-4,1.1630311822319328e-4,0.012803531271671257,9.691938212306257e-6,12.845009548777906,80.32284090823495
TUR.10.4_1,2074,aegypti,1.6341069698673454,6.711451406692085e-4,6.711451406692085e-4,1.782058754080662e-4,0.01328353031583244,1.4850489617366543e-5,13.12341517042574,81.1707686375237
TUR.10.4_1,2075,aegypti,1.5826996621177816,4.7724305980864635e-8,4.7724305980864635e-8,1.0363428781801076e-8,0.01286872540517727,8.636190631108845e-10,12.926865009779302,81.91435231672291
TUR.39.3_1,2025,albopictus,0.019530895076422024,1.2212538471158737e-8,1.2212538471158737e-8,3.673339410426024e-11,1.5996576433286816e-4,3.0611221986870417e-12,11.69362138508472,61.71530329458402
TUR.39.3_1,2026,albopictus,0.022227463265034705,2.6270562374317945e-9,2.6270562374317945e-9,8.726019906646343e-12,1.820494308504561e-4,7.271613488633358e-13,12.900305245555572,55.42583293986804
TUR.39.3_1,2027,albopictus,0.021160181816141346,9.470180348127485e-9,9.470180348127485e-9,2.979250179890869e-11,1.733089479693343e-4,2.482701042487385e-12,12.293482306586833,63.70434970927722
TUR.39.3_1,2028,albopictus,0.020128174263812505,7.452106654292265e-9,7.452106654292265e-9,2.449751512756393e-11,1.64623508349393e-4,2.0414599428340156e-12,11.693548525857063,64.12285474213448
TUR.39.3_1,2029,albopictus,0.018976501147083658,9.786563092632298e-8,9.786563092632298e-8,3.048944430261713e-10,1.5542546130591547e-4,2.5407877706897005e-11,10.961031367865337,65.57761561147855
TUR.39.3_1,2030,albopictus,0.02241851754820868,3.209585448807339e-8,3.209585448807339e-8,1.1618606077234972e-10,1.8361405737953493e-4,9.682172751137617e-12,13.433729010807605,58.3459871935098
TUR.39.3_1,2031,albopictus,0.02144595434021356,1.5195952474311713e-7,1.5195952474311713e-7,5.352772669553474e-10,1.756492856393732e-4,4.4606440993811134e-11,12.5053898672135,60.665658824369174
TUR.39.3_1,2032,albopictus,0.018942651222808134,2.735090576664693e-8,2.735090576664693e-8,8.188194566827178e-11,1.5492825714703376e-4,6.823499177863212e-12,11.5735536247364,64.7545368201781
TUR.39.3_1,2033,albopictus,0.02181087276624881,2.0161497063862314e-8,2.0161497063862314e-8,6.184164291767047e-11,1.786377805762148e-4,5.153469967082572e-12,12.965139779435725,59.45144704254952
TUR.39.3_1,2034,albopictus,0.022201820116814878,1.249030671112844e-7,1.249030671112844e-7,4.552431764892617e-10,1.818394277561993e-4,3.7936933282571205e-11,12.515888577190173,59.57329737417386
TUR.39.3_1,2035,albopictus,0.02147689396324289,1.9349133443244406e-8,1.9349133443244406e-8,5.849243311928376e-11,1.759026656951157e-4,4.8743712505311015e-12,12.843555845804147,61.02848358226306
TUR.39.3_1,2036,albopictus,0.0237656692739646,2.7540658199057264e-8,2.7540658199057264e-8,9.39546218603482e-11,1.9437040714433604e-4,7.829546472849782e-12,13.436554529256753,63.18524236751086
TUR.39.3_1,2037,albopictus,0.023672404646875134,6.248178868827522e-8,6.248178868827522e-8,2.417657185560529e-10,1.9388261422812839e-4,2.0147149392712424e-11,12.925764186170829,62.57412357402331
TUR.39.3_1,2038,albopictus,0.0218661371809985,7.044237788074216e-7,7.044237788074216e-7,2.5105814094317225e-9,1.790903669283602e-4,2.092151109246619e-10,12.399435354259742,61.454127821052936
TUR.39.3_1,2039,albopictus,0.024164684426365077,1.9153042345255536e-8,1.9153042345255536e-8,6.934774976485869e-11,1.9791404707840873e-4,5.778977947582707e-12,13.892484881467752,58.636703046883014
TUR.39.3_1,2040,albopictus,0.0204914644231536,6.525347272167322e-9,6.525347272167322e-9,1.9050094834938136e-11,1.6759448720692535e-4,1.587503404641368e-12,12.117548756785325,60.9078711199014
TUR.39.3_1,2041,albopictus,0.024482442634454597,8.449412415054147e-9,8.449412415054147e-9,3.382849556032852e-11,2.0051625842512633e-4,2.819041680693235e-12,14.003349957850707,59.08041146668282
TUR.39.3_1,2042,albopictus,0.023349182920054595,5.232706447994932e-8,5.232706447994932e-8,1.776153668586744e-10,1.912356404766095e-4,1.480128182252846e-11,13.585031706081958,57.441784732267124
TUR.39.3_1,2043,albopictus,0.021180335471434886,6.232533657279937e-9,6.232533657279937e-9,2.1146417950035357e-11,1.734739967870861e-4,1.7621992201455852e-12,12.638662723687423,58.47700742157784
TUR.39.3_1,2044,albopictus,0.0224984882839786,2.7253507350333275e-9,2.7253507350333275e-9,9.53748191534487e-12,1.8400770218017967e-4,7.947896078656498e-13,12.981938687947524,59.7338323918232
TUR.39.3_1,2045,albopictus,0.023361363961597527,3.541270896570414e-8,3.541270896570414e-8,1.3001688614622253e-10,1.9133539535517996e-4,1.0834737919055118e-11,13.23839379895442,61.49997889272855
TUR.39.3_1,2046,albopictus,0.023706078908489747,1.3275749555767545e-7,1.3275749555767545e-7,4.987230628472616e-10,1.941583838639497e-4,4.1560249226079084e-11,12.999935326960815,63.42318490418282
TUR.39.3_1,2047,albopictus,0.023546344863336014,5.710093893286176e-8,5.710093893286176e-8,2.1843371555974045e-10,1.928502683091101e-4,1.8202807652788913e-11,13.571092858152719,55.90630232565091
TUR.39.3_1,2048,albopictus,0.024509619245209384,2.044091804302243e-8,2.044091804302243e-8,8.194578349218773e-11,2.004541960810291e-4,6.828813368379979e-12,13.716604506459964,57.81870686285184
TUR.39.3_1,2049,albopictus,0.022235798305216024,3.679197459550513e-9,3.679197459550513e-9,1.3336109994099843e-11,1.821176901739737e-4,1.111346033274468e-12,12.727301929629974,62.14832007162259
TUR.39.3_1,2050,albopictus,0.02271646498205916,1.055291975252115e-7,1.055291975252115e-7,3.489712963045122e-10,1.8605407278209549e-4,2.908095069779981e-11,12.963118377315135,57.723393949592975
TUR.39.3_1,2051,albopictus,0.02343159563756224,1.0833485961724935e-7,1.0833485961724935e-7,3.983162688570019e-10,1.9191054728975865e-4,3.3193021452695983e-11,13.709981856730712,57.39308535329984
TUR.39.3_1,2052,albopictus,0.022658600438427063,6.139727791434855e-7,6.139727791434855e-7,2.2803191557230207e-9,1.8531706809158757e-4,1.9002659593566852e-10,12.85194081364784,62.297256661181514
TUR.39.3_1,2053,albopictus,0.02355387663632465,7.363039174495638e-8,7.363039174495638e-8,2.4502355699951295e-10,1.9291194856269067e-4,2.0418629747436876e-11,13.267478513704868,62.215483221138385
TUR.39.3_1,2054,albopictus,0.023053955642384178,9.35047012500893e-9,9.35047012500893e-9,3.3540059618530904e-11,1.8881791589613525e-4,2.795002264570975e-12,13.197838011060787,58.40382626923409
TUR.39.3_1,2055,albopictus,0.022638022148634203,1.6491676681835063e-7,1.6491676681835063e-7,6.006611874553869e-10,1.8541167246700443e-4,5.005510468206924e-11,12.924624515560401,61.123104286913936
TUR.39.3_1,2056,albopictus,0.025052346711692854,1.4591759024370117e-8,1.4591759024370117e-8,5.992695228940192e-11,2.048924239901421e-4,4.993907619594409e-12,14.011743483927978,60.033695889239375
TUR.39.3_1,2057,albopictus,0.02150418369700946,3.814024281358815e-7,3.814024281358815e-7,1.3106163931908554e-9,1.7612615492034375e-4,1.0921803653171955e-10,12.7176941017182,59.868858528857295
TUR.39.3_1,2058,albopictus,0.023239419974054668,1.5803829128567539e-7,1.5803829128567539e-7,6.027000010178085e-10,1.9033675218755688e-4,5.022499812028489e-11,13.029509374734891,63.69450556509183
TUR.39.3_1,2059,albopictus,0.022287234260870276,5.586726994171269e-7,5.586726994171269e-7,2.045572933262463e-9,1.8253892180343975e-4,1.7046440209607875e-10,12.694336881724132,62.05497919790433
TUR.39.3_1,2060,albopictus,0.02309842653486556,7.192762218548772e-8,7.192762218548772e-8,2.4403257192773253e-10,1.889138698888034e-4,2.0336046999590707e-11,13.266254522390298,57.964357885445025
TUR.39.3_1,2061,albopictus,0.02152292698420886,9.221405956259994e-7,9.221405956259994e-7,2.7701140270508517e-9,1.762796530038746e-4,2.3084284088265694e-10,12.815626738456023,58.88308957489815
TUR.39.3_1,2062,albopictus,0.023213327658517805,1.3203428871092864e-7,1.3203428871092864e-7,4.639085782187635e-10,1.9012307268443754e-4,3.865904544843991e-11,12.85369052289638,62.447973760689166
TUR.39.3_1,2063,albopictus,0.025393485153086166,6.631965849047036e-8,6.631965849047036e-8,2.761501027848112e-10,2.0797699901827413e-4,2.3012506177061673e-11,14.197085934864612,54.4165381120889
TUR.39.3_1,2064,albopictus,0.023026158175539744,1.9384853989372341e-7,1.9384853989372341e-7,6.232916405224387e-10,1.8832287603730755e-4,5.194097199982213e-11,12.999619442211719,62.710772228961055
TUR.39.3_1,2065,albopictus,0.023910385143396745,2.4994405848063894e-8,2.4994405848063894e-8,9.661971223096089e-11,1.9583151315073302e-4,8.051641161206433e-12,13.360287505375476,63.684491984769565
TUR.39.3_1,2066,albopictus,0.023337696485013788,6.644103103219686e-6,6.644103103219686e-6,2.544322030839652e-8,1.9114157396715736e-4,2.120268352155665e-9,12.907832282768817,63.790641340340045
TUR.39.3_1,2067,albopictus,0.02420472787939113,3.8226068538455e-9,3.8226068538455e-9,1.4837020501090592e-11,1.9824197460457013e-4,1.2364221538166498e-12,13.806424138930572,57.175084464475376
TUR.39.3_1,2068,albopictus,0.023259036037394185,5.925335213576947e-8,5.925335213576947e-8,2.046012248513307e-10,1.9022729565623675e-4,1.7050103265950923e-11,13.084622626987231,63.167584292814
TUR.39.3_1,2069,albopictus,0.024583510000539318,3.18742698706113e-7,3.18742698706113e-7,1.278633088297454e-9,2.0134392589432615e-4,1.0655275562109487e-10,13.841314462807906,59.76182034882393
TUR.39.3_1,2070,albopictus,0.02297833392650111,6.850088076971554e-8,6.850088076971554e-8,2.487759998004435e-10,1.881986208238743e-4,2.0731328981052065e-11,12.932410458431525,60.09682356588529
TUR.39.3_1,2071,albopictus,0.024384571078882495,1.253187793740183e-7,1.253187793740183e-7,4.967620759188662e-10,1.9971476155057158e-4,4.1396837092042755e-11,13.825526806699369,57.87769654663887
TUR.39.3_1,2072,albopictus,0.02464627065014526,8.694268592744174e-8,8.694268592744174e-8,3.4951874727795484e-10,2.0157168370836995e-4,2.912656955524655e-11,13.922274282065166,54.98230603607979
TUR.39.3_1,2073,albopictus,0.023253661809374278,3.240430801901284e-8,3.240430801901284e-8,1.2375600544345389e-10,1.9045338375738483e-4,1.031299669145994e-11,13.590222937849296,59.48801949890938
TUR.39.3_1,2074,albopictus,0.024132117620659393,4.591029510302297e-7,4.591029510302297e-7,1.8030180681805064e-9,1.976473479091967e-4,1.5025151488659612e-10,13.935664651778472,60.2110994981973
TUR.39.3_1,2075,albopictus,0.023372946268936552,2.156957538105205e-8,2.156957538105205e-8,8.238121296244572e-11,1.9143024697600616e-4,6.865101153739318e-12,13.165143234518302,59.51848112814115
TUR.40.25_1,2025,albopictus,3.422764063056073,0.0032404659411177698,0.0032404659411177698,0.0016778827222692083,0.027593000063612722,1.3987560050461847e-4,14.97866865320533,72.63806865937781
TUR.40.25_1,2026,albopictus,3.8953341451464714,0.005440201906490197,0.005440201906490197,0.003156005846179477,0.03133393897979867,2.632136737891617e-4,15.200420243775143,73.22835205323767
TUR.40.25_1,2027,albopictus,3.7082944537168334,0.010641859663949758,0.010641859663949758,0.005889778872516183,0.029855272363780095,4.915072169707565e-4,15.465303622916634,74.61062350200882
TUR.40.25_1,2028,albopictus,3.527436466968551,0.005087762086963725,0.005087762086963725,0.0028372970701514566,0.02838337797133586,0.00023648583569899661,14.774236404136117,75.76589471426875
TUR.40.25_1,2029,albopictus,3.325607245066376,0.008515600950067809,0.008515600950067809,0.004459953850115883,0.026821848046132912,3.718007388599036e-4,14.55814946019182,74.03198637890091
TUR.40.25_1,2030,albopictus,3.9288161607930685,0.012682804110839763,0.012682804110839763,0.0073201001410379,0.03159836367129331,6.111265343070453e-4,15.517890853916898,74.96856099692256
TUR.40.25_1,2031,albopictus,3.7583757183888253,0.011628410648210363,0.011628410648210363,0.006962604783080195,0.0302514489027077,5.803198821349087e-4,15.238847298657193,73.2502258452502
TUR.40.25_1,2032,albopictus,3.3196750896841434,0.0072936225808626,0.0072936225808626,0.003638034410798574,0.026737357759925418,3.0342585167193617e-4,14.211297753686999,75.82233570344519
TUR.40.25_1,2033,albopictus,3.8223271998592416,0.0038775203785841273,0.0038775203785841273,0.0022465736915641132,0.03075707958325481,1.8730348221983496e-4,15.156772616739367,74.52921563712032
TUR.40.25_1,2034,albopictus,3.8908402166374594,0.00982712215988045,0.00982712215988045,0.006070553025492087,0.031298441838915725,5.060004131090846e-4,15.00018203579912,74.35000274903845
TUR.40.25_1,2035,albopictus,3.763797847247483,0.008066500140679589,0.008066500140679589,0.004362726051464816,0.03029433050701541,3.6395062521643064e-4,15.861098650331591,74.6399283242948
TUR.40.25_1,2036,albopictus,4.164902755716605,0.009859035699131415,0.009859035699131415,0.0059783505626684885,0.03341398870986321,4.990250915471847e-4,16.432419025138312,75.30933648672969
TUR.40.25_1,2037,albopictus,4.1485582506282785,0.012853128438195225,0.012853128438195225,0.007905466663421956,0.033331735121853175,6.60058118089311e-4,15.826205932334359,73.20622680909705
TUR.40.25_1,2038,albopictus,3.8320122169580952,0.009604590814312763,0.009604590814312763,0.0058685793120583085,0.03083362765433023,4.891069245425085e-4,15.261874798173999,73.0877273711291
TUR.40.25_1,2039,albopictus,4.234829644315783,0.008235125018216476,0.008235125018216476,0.005148183752733071,0.03401129284714572,4.295546778914831e-4,16.52116700334876,74.45273095694454
TUR.40.25_1,2040,albopictus,3.5911025968099706,0.00590345768316565,0.00590345768316565,0.0030186319662591776,0.02888714568550052,2.517614538264665e-4,15.178653680518563,73.99611995942664
TUR.40.25_1,2041,albopictus,4.290516358679575,6.900877015347125e-4,6.900877015347125e-4,4.540644264027227e-4,0.034449645975310854,3.7841743617294605e-5,15.851603233054574,74.63361817923457
TUR.40.25_1,2042,albopictus,4.091914061683972,0.014534691548475242,0.014534691548475242,0.008535482978276443,0.03288525321125415,7.127460653469034e-4,16.162084383999602,72.45363154339066
TUR.40.25_1,2043,albopictus,3.711826355701255,0.0040993823386122775,0.0040993823386122775,0.0022412133565046233,0.029883218145750567,1.8687236502174862e-4,15.464669946069812,73.39407331076534
TUR.40.25_1,2044,albopictus,3.9428309286477115,0.006293961434791443,0.006293961434791443,0.003849384476719564,0.03166487744184013,3.2094845420993354e-4,15.407030585641955,73.12199193564327
TUR.40.25_1,2045,albopictus,4.09404877343582,0.00875003322732432,0.00875003322732432,0.005490481874140363,0.03290208374786954,4.579832601212201e-4,16.080365581547515,73.86555717713904
TUR.40.25_1,2046,albopictus,4.15445962135673,0.009673235500692072,0.009673235500692072,0.006214073929336594,0.033378237474951944,5.182854861953408e-4,15.872258467709317,75.53058892813594
TUR.40.25_1,2047,albopictus,4.1264664368529225,0.017465577687499755,0.017465577687499755,0.010863574754062522,0.033157630617134844,9.074299687461338e-4,15.890468878781094,74.02644998160274
TUR.40.25_1,2048,albopictus,4.295279024511488,0.011090528418580287,0.011090528418580287,0.007341833231861217,0.034439193950213436,6.124850888576001e-4,16.210368040437793,73.91265565482051
TUR.40.25_1,2049,albopictus,3.896794850141563,0.0052378042808875185,0.0052378042808875185,0.0030279538373334525,0.0313454766384551,2.525193684256948e-4,15.687424106632962,73.94483262625606
TUR.40.25_1,2050,albopictus,3.981031062633093,0.01315119992807302,0.01315119992807302,0.007916309263074517,0.032010567066796496,6.608003500633697e-4,15.9500353368474,73.85961515036495
TUR.40.25_1,2051,albopictus,4.106356783674962,0.01112822054543563,0.01112822054543563,0.006768722337964328,0.03299911628041257,5.649946073347065e-4,15.796551270519986,72.35674109386673
TUR.40.25_1,2052,albopictus,3.9708903763156407,0.016184540426388127,0.016184540426388127,0.009805643833479705,0.03188608237019677,8.186293467649369e-4,15.830123864844735,75.73919533021521
TUR.40.25_1,2053,albopictus,4.1277863703129984,0.014672948936048801,0.014672948936048801,0.008830359009215583,0.03316803395428192,7.375004379609289e-4,16.11221345587104,74.74695537812781
TUR.40.25_1,2054,albopictus,4.040175863690985,0.018320454823736294,0.018320454823736294,0.011125760186254552,0.03247723554897242,9.294544055062451e-4,15.489027264947985,73.89533915447464
TUR.40.25_1,2055,albopictus,3.9672840576852577,0.008180664571799456,0.008180664571799456,0.004817172872287112,0.03190206265730378,4.0193493742037565e-4,15.737080100412463,73.11852723685176
TUR.40.25_1,2056,albopictus,4.390391309997862,0.005143266668008102,0.005143266668008102,0.0034500074662734415,0.035186319591347714,2.8765439811804345e-4,16.586009108260566,71.96540846752396
TUR.40.25_1,2057,albopictus,3.768580337740679,0.018019659075631834,0.018019659075631834,0.010254084775427774,0.03033215165130972,8.563681882475329e-4,15.397208217020129,75.17248771913123
TUR.40.25_1,2058,albopictus,4.072678247577467,0.011811880975652092,0.011811880975652092,0.007648990701405123,0.03273357873366076,6.375411019787931e-4,15.757557792698636,75.99695029186478
TUR.40.25_1,2059,albopictus,3.9058089347430855,0.017110250338280508,0.017110250338280508,0.01007290005374839,0.0314166726420903,8.412783860924961e-4,16.5319045814229,73.15387485749793
TUR.40.25_1,2060,albopictus,4.047969329993564,0.014420087062022793,0.014420087062022793,0.008514855300981061,0.03249343256752122,7.111021139306936e-4,15.609384818112149,74.05929611451697
TUR.40.25_1,2061,albopictus,3.7718650745435047,0.020156794684412643,0.020156794684412643,0.011118062629428604,0.030358127204633722,9.291087920371357e-4,15.607846581176215,74.52941018668086
TUR.40.25_1,2062,albopictus,4.068105603077968,0.011914673355629478,0.011914673355629478,0.0070767134498208595,0.032697519414859384,5.9077352431678e-4,15.418095949525927,73.99362610108923
TUR.40.25_1,2063,albopictus,4.450175379962867,0.020077734846032185,0.020077734846032185,0.013367316764970494,0.03570518628469105,0.0011173176373226194,16.57440380576779,71.88059789267452
TUR.40.25_1,2064,albopictus,4.03530439363358,0.021544224188385218,0.021544224188385218,0.012811643565486808,0.03239366800747321,0.0010711386298903583,16.30927483562161,73.29678168224564
TUR.40.25_1,2065,albopictus,4.1902640243787985,0.009244488480646322,0.009244488480646322,0.005865740717546419,0.03366031867506808,4.893615386782562e-4,16.044531547263556,75.60093194571407
TUR.40.25_1,2066,albopictus,4.089901078821873,0.01994967114193708,0.01994967114193708,0.012313319513079679,0.03286938210545964,0.0010288190399844923,15.954877340033944,75.29367238608272
TUR.40.25_1,2067,albopictus,4.241847207588841,0.008710915052106569,0.008710915052106569,0.00573890318027348,0.03406654602313395,4.7858111673770046e-4,15.973298195238208,75.16574238069128
TUR.40.25_1,2068,albopictus,4.076115937268309,0.011245616348730895,0.011245616348730895,0.006684833581876104,0.032715107672342446,5.58100940341735e-4,16.12208744211524,73.9456063740181
TUR.40.25_1,2069,albopictus,4.308228283669645,0.01919984848855972,0.01919984848855972,0.012398737399878956,0.03458902258066652,0.001036164502163868,16.41804747108151,74.31227984356156
TUR.40.25_1,2070,albopictus,4.026923255938067,0.012694199997595985,0.012694199997595985,0.007597276940033981,0.03237269123231628,6.342717091661151e-4,15.891244295473193,73.59788972464473
TUR.40.25_1,2071,albopictus,4.27336449534219,0.00966093802943862,0.00966093802943862,0.006304920143047954,0.03431465463461373,5.260299827105358e-4,16.6568167241765,71.2966920368599
TUR.40.25_1,2072,albopictus,4.319227006216908,0.0074250302121533895,0.0074250302121533895,0.004956967024207004,0.034627372272825085,4.1336083388925733e-4,16.232560757036303,71.66032582846553
TUR.40.25_1,2073,albopictus,4.075174110769256,0.014489055419164645,0.014489055419164645,0.008840028400173727,0.03275326015969515,7.381783377814416e-4,15.703704876934781,73.63683841950964
TUR.40.25_1,2074,albopictus,4.229122353800843,0.01799211522264024,0.01799211522264024,0.011539708999951603,0.03396635351472191,9.638330127157368e-4,16.73061128778785,73.73043964631628
TUR.40.25_1,2075,albopictus,4.096078557793995,0.009951685536592784,0.009951685536592784,0.006225658775038223,0.03291808670354951,5.194076878340712e-4,15.90288675152788,73.42546350088985
TUR.59.4_1,2025,albopictus,17.383002599753333,7.911704517446077e-7,7.911704517446077e-7,1.8690629356443722e-6,0.13147628884087276,1.557553168711562e-7,14.636299395751136,57.36246494228266
TUR.59.4_1,2026,albopictus,19.783018146898122,1.3145183401204463e-7,1.3145183401204463e-7,3.572035172094701e-7,0.14802624158148678,2.9766962068625057e-8,15.286597077241716,55.31595806056879
TUR.59.4_1,2027,albopictus,18.83311000760456,1.6069410052487835e-6,1.6069410052487835e-6,4.046940021762424e-6,0.14151945633885926,3.37245343504925e-7,15.064670229148046,60.25540673508864
TUR.59.4_1,2028,albopictus,17.914596550084937,2.7191903590293256e-6,2.7191903590293256e-6,6.507990499171612e-6,0.13499727677691484,5.42333418469304e-7,14.32007776120422,61.79984954769037
TUR.59.4_1,2029,albopictus,16.889577640105156,1.7976726180248047e-5,1.7976726180248047e-5,4.4481389241513014e-5,0.12802829493615644,3.7067837101960007e-6,13.881200874041692,63.25399974758051
TUR.59.4_1,2030,albopictus,19.953061408515783,1.2329548731734288e-5,1.2329548731734288e-5,3.524447075031745e-5,0.149185052357629,2.9370414619006323e-6,15.965114895692643,58.49063050523024
TUR.59.4_1,2031,albopictus,19.087454957462096,1.9851537340375513e-5,1.9851537340375513e-5,5.478122672719632e-5,0.1432672588284243,4.56510244858742e-6,14.79547667919713,60.176805851604755
TUR.59.4_1,2032,albopictus,16.8594503305589,8.097909207854063e-7,8.097909207854063e-7,1.7921424305678002e-6,0.1276497584160128,1.4934525924544257e-7,14.3232101641011,61.79140762264154
TUR.59.4_1,2033,albopictus,19.412241810478704,8.343672116210381e-7,8.343672116210381e-7,2.0150695643206262e-6,0.14549320108899047,1.6792252848420077e-7,15.580450936348415,58.66219524318598
TUR.59.4_1,2034,albopictus,19.760195080652206,1.5973493941998097e-7,1.5973493941998097e-7,4.203092713872536e-7,0.14787056939337923,3.502577667424529e-8,15.240176383844194,56.01517681056879
TUR.59.4_1,2035,albopictus,19.114992023502836,2.4631028767396203e-6,2.4631028767396203e-6,5.886749162131721e-6,0.14345624287124986,4.905625744013746e-7,15.485117538959956,60.13278011257074
TUR.59.4_1,2036,albopictus,21.15206134474233,2.073511164219638e-7,2.073511164219638e-7,5.486965545253852e-7,0.1571028991323358,4.572471795763888e-8,16.171363377761022,60.362315851197856
TUR.59.4_1,2037,albopictus,21.069053410450657,7.112715802098278e-6,7.112715802098278e-6,2.1351606050767913e-5,0.15674566064737994,1.7793009182093802e-6,15.420838419786271,59.67710753058018
TUR.59.4_1,2038,albopictus,19.46142857132652,7.362270618672164e-6,7.362270618672164e-6,2.0579385447527798e-5,0.1458297270578562,1.7149496806659198e-6,15.430950864346004,57.69218289628249
TUR.59.4_1,2039,albopictus,21.50719516755887,1.818062587739903e-7,1.818062587739903e-7,5.332190806672799e-7,0.1596929152658287,4.443492825912474e-8,16.503765924961545,57.020078060772235
TUR.59.4_1,2040,albopictus,18.237934203560673,4.220178988492834e-7,4.220178988492834e-7,9.686917049611665e-7,0.13723463854660617,8.07243276229316e-8,14.668052856317338,60.20951084072016
TUR.59.4_1,2041,albopictus,21.79000820483647,1.4672063717805773e-6,1.4672063717805773e-6,4.4574791089324606e-06,0.16158905014635372,3.714567423589547e-7,16.446668768118993,59.65990356380365
TUR.59.4_1,2042,albopictus,20.781377699960508,6.845579267324339e-7,6.845579267324339e-7,1.83592069957772e-6,0.15480410772941317,1.5299346381448924e-7,16.306194806288854,56.125197448080996
TUR.59.4_1,2043,albopictus,18.851047282931233,3.044419605223956e-7,3.044419605223956e-7,8.275251175415832e-7,0.14164285109664798,6.89604276414087e-8,15.525477532735643,54.95939099564772
TUR.59.4_1,2044,albopictus,20.024237435131734,8.131002611260808e-7,8.131002611260808e-7,2.309521023313721e-6,0.1494763138789245,1.9246011174593326e-7,15.779711330126897,57.68974180792393
TUR.59.4_1,2045,albopictus,20.792219142504745,2.877515646827538e-6,2.877515646827538e-6,8.459049846032407e-6,0.15487737053812406,7.049211609188447e-7,15.926130676459447,58.95731707190098
TUR.59.4_1,2046,albopictus,21.099024375677857,6.0440250944806444e-6,6.0440250944806444e-6,1.7914972094357218e-5,0.1569476437126477,1.4929165058734294e-6,15.521496637852168,61.158721643434184
TUR.59.4_1,2047,albopictus,20.95685693730334,2.803698612220217e-5,2.803698612220217e-5,8.380058606438645e-5,0.15598904354285567,6.98338717872721e-6,16.11641715386627,56.29510978633783
TUR.59.4_1,2048,albopictus,21.814196092465505,2.457949459894517e-7,2.457949459894517e-7,7.597536958448003e-7,0.16154388465534297,6.331280829536876e-8,16.155735596210935,57.00468925411127
TUR.59.4_1,2049,albopictus,19.790436548593174,7.251187761412685e-8,7.251187761412685e-8,1.6149218484695638e-7,0.1480768342017078,1.3457682230546369e-8,15.57233590303975,59.04927336945754
TUR.59.4_1,2050,albopictus,20.218242343488146,1.4065476136851995e-5,1.4065476136851995e-5,3.538009897008365e-5,0.1509886061076749,2.9483472033293836e-6,15.492564225386756,56.5957146065893
TUR.59.4_1,2051,albopictus,20.854727153586808,1.3034909955534802e-5,1.3034909955534802e-5,3.885058539765396e-5,0.15529963670615934,3.2375488654704498e-6,16.359403673997697,57.05369603409987
TUR.59.4_1,2052,albopictus,20.16674140057414,2.2139677882178246e-5,2.2139677882178246e-5,6.392084622852678e-5,0.15044430563575845,5.326740114287047e-6,15.574287021350044,59.94456167791905
TUR.59.4_1,2053,albopictus,20.96356041038688,1.3947785142150309e-5,1.3947785142150309e-5,3.7396909515763355e-5,0.15603427145972298,3.1164336401230887e-6,15.933838669648942,61.258320845908145
TUR.59.4_1,2054,albopictus,20.518617774458768,9.714957338266088e-8,9.714957338266088e-8,2.4497855410920977e-7,0.15302623783202035,2.0414880281577527e-8,15.755285624852952,57.10654326056065
TUR.59.4_1,2055,albopictus,20.148426189542178,2.6537016009537114e-5,2.6537016009537114e-5,7.61064773739939e-5,0.1505141961869359,6.342230187289119e-6,15.77874231754857,59.16598768805088
TUR.59.4_1,2056,albopictus,22.29723759793285,2.066969533243715e-6,2.066969533243715e-6,5.8515407429515776e-6,0.16476676878655047,4.876290692533864e-7,16.866261267851964,57.85973520849766
TUR.59.4_1,2057,albopictus,19.13928059354301,2.255143704096298e-5,2.255143704096298e-5,5.836398795477926e-5,0.14362289319457824,4.863735035162278e-6,15.74760463256754,57.59071639949701
TUR.59.4_1,2058,albopictus,20.683685834420935,3.640808722363809e-5,3.640808722363809e-5,1.07749430353965e-4,0.1541436108157244,8.97911958509234e-6,15.47102513332285,61.088732121136005
TUR.59.4_1,2059,albopictus,19.836215881663172,1.4333493200572737e-5,1.4333493200572737e-5,3.987126108562222e-5,0.14838896769637114,3.322622724021038e-6,15.67990130602437,59.102892595277446
TUR.59.4_1,2060,albopictus,20.55819802086286,4.7718514078783406e-6,4.7718514078783406e-6,1.2522659745495268e-5,0.15309687894045115,1.0435576483159009e-6,15.56406718908864,58.96417844071608
TUR.59.4_1,2061,albopictus,19.155962604727865,2.3292195420838318e-5,2.3292195420838318e-5,5.558098767344255e-5,0.14373733138843037,4.631755041865804e-6,15.438825035285133,58.71630672389887
TUR.59.4_1,2062,albopictus,20.660462997626407,5.4602522532522095e-6,5.4602522532522095e-6,1.5184468336926216e-5,0.15398651371583455,1.2653769359606625e-6,15.858973388067064,58.423659362143496
TUR.59.4_1,2063,albopictus,22.60085964855635,1.123583501250935e-5,1.123583501250935e-5,3.588427211398404e-5,0.166998326993303,2.990356040342289e-6,16.940786226780393,53.1431672153336
TUR.59.4_1,2064,albopictus,20.493877308825596,1.4317808658990266e-5,1.4317808658990266e-5,3.816146628732309e-5,0.1526616834935518,3.1801510967347724e-6,15.79119740346191,60.05453685695551
TUR.59.4_1,2065,albopictus,21.280862217652725,2.4012638145742977e-6,2.4012638145742977e-6,7.210487403042087e-6,0.15817191427059374,6.008740964307626e-7,15.818903351019994,61.8638391869726
TUR.59.4_1,2066,albopictus,20.771154475198152,2.727859163498385e-5,2.727859163498385e-5,8.100502400132381e-5,0.15473501596247663,6.750419729247465e-6,15.798330052883601,59.89454940730951
TUR.59.4_1,2067,albopictus,21.54283487814721,3.6863359792342157e-8,3.6863359792342157e-8,9.71740091726403e-8,0.15993213393987218,8.097834283537545e-9,16.415862504831132,56.54483830704909
TUR.59.4_1,2068,albopictus,20.701144638981276,9.224371007184873e-7,9.224371007184873e-7,2.6432207510529437e-6,0.15406314258051126,2.2026848720772664e-7,15.726440632533208,61.02658180171869
TUR.59.4_1,2069,albopictus,21.87996077897742,1.4594696464959732e-5,1.4594696464959732e-5,4.421377786467673e-5,0.16219111398608213,3.684500963867035e-6,16.555861218960263,57.96298412258051
TUR.59.4_1,2070,albopictus,20.451312488211027,9.55422099592961e-7,9.55422099592961e-7,2.6271686646150982e-6,0.15257015201487342,2.1893086132999436e-7,15.542763614844457,58.60560707027338
TUR.59.4_1,2071,albopictus,21.70289998484477,6.3093607848384535e-6,6.3093607848384535e-6,1.7116702447972365e-5,0.16100555142127115,1.4263966991595569e-6,16.49216225166239,56.90120319301508
TUR.59.4_1,2072,albopictus,21.93581938305027,2.614254776917661e-7,2.614254776917661e-7,8.08295098742029e-7,0.16235670329210333,6.735792663082506e-8,16.555350128999528,53.88962431524815
TUR.59.4_1,2073,albopictus,20.696361436814858,3.4757811538770242e-6,3.4757811538770242e-6,1.0102972559322687e-5,0.1542293442250157,8.419152367905052e-7,15.851456586709794,58.8069471098445
TUR.59.4_1,2074,albopictus,21.478209866781178,1.4054152707739044e-5,1.4054152707739044e-5,4.2495156523325583e-5,0.15949830436236,3.5412710788282447e-6,16.538747553220567,59.00699619228266
TUR.59.4_1,2075,albopictus,20.802527696096252,4.989606007505116e-7,4.989606007505116e-7,1.480357280092548e-6,0.1549470255157629,1.2336310887166703e-7,15.764513000042415,57.60903870835524
TUR.81.6_1,2025,aegypti,0.013054328833463425,1.1464643567317875e-9,1.1464643567317875e-9,2.1260770921571748e-12,1.0692335924868586e-4,1.7717026023491714e-13,12.490222059847678,79.21574761918366
TUR.81.6_1,2026,aegypti,0.014856698244505064,4.66813457375972e-6,4.66813457375972e-6,9.925013588762965e-9,1.2168490011841653e-4,8.270844675493576e-10,13.56138716455476,74.40224848639151
TUR.81.6_1,2027,aegypti,0.014143333960011575,1.0359643496785712e-4,1.0359643496785712e-4,2.405502261826342e-7,1.1584242278256385e-4,2.004585220766695e-8,13.290950102768107,79.27279069474518
TUR.81.6_1,2028,aegypti,0.013453546528662243,1.5036910165729436e-6,1.5036910165729436e-6,3.3190511450342797e-9,1.1003675764344652e-4,2.7658759999217465e-10,12.912151419283713,79.31670167496979
TUR.81.6_1,2029,aegypti,0.012683775378102547,1.7336836961855546e-4,1.7336836961855546e-4,3.612895134175176e-7,1.0388846778702776e-4,3.010745945903502e-8,12.508855614226823,78.53384568742096
TUR.81.6_1,2030,aegypti,0.014984397739476267,8.803095765465899e-5,8.803095765465899e-5,2.0619552365541693e-7,1.2273075913902623e-4,1.718296101017999e-8,13.675913456243043,75.6988841141381
TUR.81.6_1,2031,aegypti,0.014334342538277457,0.0024255270202727455,0.0024255270202727455,5.712366899723875e-6,1.1740679324327245e-4,4.760305749760409e-7,13.246888263187573,76.9592699453352
TUR.81.6_1,2032,aegypti,0.01266115029918264,2.757701779830558e-6,2.757701779830558e-6,4.9231336785027224e-9,1.0355612009816754e-4,4.1026113817121787e-10,12.323186291418239,80.30196168473542
TUR.81.6_1,2033,aegypti,0.014578251745316562,1.7815965710617683e-8,1.7815965710617683e-8,4.265365838307389e-11,1.1940441861865714e-4,3.554468243711104e-12,13.302862945359712,78.06466399084708
TUR.81.6_1,2034,aegypti,0.014839558523674194,7.790104375415816e-5,7.790104375415816e-5,1.8993060502126013e-7,1.21544525688753e-4,1.582755041690393e-8,12.967818024915223,78.5882795100528
TUR.81.6_1,2035,aegypti,0.014355022389939546,1.7483669788495765e-6,1.7483669788495765e-6,3.581950624997887e-9,1.1757616216563165e-4,2.9849589038856974e-10,13.935066385231181,75.90529897263825
TUR.81.6_1,2036,aegypti,0.015884825576898617,7.613708762552095e-5,7.613708762552095e-5,1.7183444678270376e-7,1.2992075077989754e-4,1.4319537580440917e-8,14.447672409973308,78.7926226700463
TUR.81.6_1,2037,aegypti,0.015822488080035713,6.470984685690031e-4,6.470984685690031e-4,1.453909465154446e-6,1.2959468906905322e-4,1.2115914603721313e-7,14.029741926155255,78.56928041032135
TUR.81.6_1,2038,aegypti,0.014615190136522314,6.890029621433259e-4,6.890029621433259e-4,1.6544624804604169e-6,1.1970694500387791e-4,1.3787187336447695e-7,13.085582179985211,78.82175551306388
TUR.81.6_1,2039,aegypti,0.016151524823839872,1.010799758500098e-6,1.010799758500098e-6,2.1160809771103573e-9,1.3228947353659723e-4,1.7634008546609875e-10,14.568024042409425,76.76711506099682
TUR.81.6_1,2040,aegypti,0.013696367412366914,8.678130902501487e-4,8.678130902501487e-4,1.6452621005580426e-6,1.1202266629987505e-4,1.3710517760966304e-7,13.193775815925761,77.55292648525219
TUR.81.6_1,2041,aegypti,0.016363912434428203,1.6363433015994153e-12,1.6363433015994153e-12,4.3298697960381105e-15,1.3402890658278932e-4,3.6301473192201576e-16,14.035284283917909,78.343789840253
TUR.81.6_1,2042,aegypti,0.01560644868749763,1.7018727410367428e-4,1.7018727410367428e-4,3.691710144249072e-7,1.2782533931181747e-4,3.0764251517232034e-8,13.92621700283067,76.5267331843692
TUR.81.6_1,2043,aegypti,0.014156804537902074,2.617487425432552e-7,2.617487425432552e-7,5.414738657449902e-10,1.159527476267223e-4,4.5122819328231394e-11,13.171928130747641,78.54267480424225
TUR.81.6_1,2044,aegypti,0.01503784968203751,2.4903119555989996e-4,2.4903119555989996e-4,6.144017755671527e-7,1.2299388718306492e-4,5.12001479674169e-8,13.453309002679353,76.96369467627188
TUR.81.6_1,2045,aegypti,0.015614590419927882,8.520812009838134e-5,8.520812009838134e-5,2.1841020381163645e-7,1.2789201968027575e-4,1.8200850336513392e-8,14.354808889986838,75.94795746059398
TUR.81.6_1,2046,aegypti,0.015844995747125272,0.00782210062933821,0.00782210062933821,2.0363068636730652e-5,1.2977902531637517e-4,1.6969223863957136e-6,14.118388814888165,78.47931840470612
TUR.81.6_1,2047,aegypti,0.015738230504509565,0.0016593672944893586,0.0016593672944893586,4.28688712117431e-6,1.289046249690895e-4,3.5724060061572815e-7,14.153074982923036,75.95647822271964
TUR.81.6_1,2048,aegypti,0.016382077112082956,0.003802495862606726,0.003802495862606726,1.0219918572640374e-5,1.3398742134975347e-4,8.516598810724245e-7,14.306150757433738,77.27464527339916
TUR.81.6_1,2049,aegypti,0.01486226933353817,1.0558506216839468e-6,1.0558506216839468e-6,2.556073686044158e-9,1.217305273705042e-4,2.1300614655404204e-10,13.49831259564734,78.76636483720124
TUR.81.6_1,2050,aegypti,0.015183543951739023,5.353627405655693e-4,5.353627405655693e-4,1.3312623573513704e-6,1.2436176437000124e-4,1.1093853224933817e-7,14.063718779049085,77.91723547827384
TUR.81.6_1,2051,aegypti,0.01566153283546906,3.91096465683437e-4,3.91096465683437e-4,9.66489637210799e-7,1.282764755422272e-4,8.054081645286904e-8,14.022259039840861,74.2322445954003
TUR.81.6_1,2052,aegypti,0.015144867650554877,2.2634686687534987e-4,2.2634686687534987e-4,5.612749236494352e-7,1.238691203925372e-4,4.677291058325583e-8,13.793882849973206,78.99364704341869
TUR.81.6_1,2053,aegypti,0.015743264694745494,1.6453843319273368e-5,1.6453843319273368e-5,4.0966590453273e-8,1.2894585467716305e-4,3.4138825516752175e-9,14.236045125287538,77.88497712662995
TUR.81.6_1,2054,aegypti,0.015409120610712741,0.0017373471901031997,0.0017373471901031997,4.39737856805511e-6,1.2620923099333306e-4,3.664482159705596e-7,13.477584722798829,78.95889006506583
TUR.81.6_1,2055,aegypti,0.015131113249605244,3.6532403380640556e-6,3.6532403380640556e-6,9.080904916913823e-9,1.2393235780572276e-4,7.56742067523508e-10,13.615598880411948,77.3050239329654
TUR.81.6_1,2056,aegypti,0.016744832776209213,3.345315812801623e-4,3.345315812801623e-4,9.190210739085103e-7,1.3695413287676908e-4,7.658508949097713e-8,14.500540021222596,77.10810798854808
TUR.81.6_1,2057,aegypti,0.014373262678312022,4.0945926983901814e-4,4.0945926983901814e-4,9.669288368874263e-7,1.177255509269004e-4,8.05774030763448e-8,12.982863409481213,81.11401218624096
TUR.81.6_1,2058,aegypti,0.015533083816855192,0.001510863451411448,0.001510863451411448,3.855772908178956e-6,1.272244845781275e-4,3.2131440901317757e-7,14.088600956560935,78.64990689805329
TUR.81.6_1,2059,aegypti,0.014896648806488423,0.0028301077567219695,0.0028301077567219695,6.9266286880642625e-6,1.2201209540433726e-4,5.772190573495398e-7,14.24117559508658,76.6667624558129
TUR.81.6_1,2060,aegypti,0.015438844678744339,0.004921646740563106,0.004921646740563106,1.2360495453944687e-5,1.262733706306196e-4,1.0300418427774626e-6,13.815601848723258,76.87321069291413
TUR.81.6_1,2061,aegypti,0.01438579057493753,0.002836260420625457,0.002836260420625457,6.592949996275799e-6,1.1782815493462569e-4,5.494127951314251e-7,13.704951468270783,76.143381540489
TUR.81.6_1,2062,aegypti,0.015515643875382368,2.699284968761988e-5,2.699284968761988e-5,6.278045527885467e-8,1.2708165224237233e-4,5.231704691077041e-9,13.418401900094514,78.26909552466056
TUR.81.6_1,2063,aegypti,0.016972847589368473,0.00676983903744572,0.00676983903744572,1.884914622873879e-5,1.3901600475664985e-4,1.5707624260649716e-6,14.349539163869386,76.16903983008048
TUR.81.6_1,2064,aegypti,0.015390540956707912,0.002984723900803665,0.002984723900803665,7.512366724804487e-6,1.2587832581115177e-4,6.260306396991788e-7,14.1676375102617,79.11581971696198
TUR.81.6_1,2065,aegypti,0.015981552764239276,5.653920008898833e-6,5.653920008898833e-6,1.4841159634571e-8,1.308974170742642e-4,1.2367633030235056e-9,14.111832462908591,80.14492267818432
TUR.81.6_1,2066,aegypti,0.015598771225734604,1.524315628319583e-4,1.524315628319583e-4,3.902038575587241e-7,1.2776246129151772e-4,3.2516988207645914e-8,13.746236009559794,81.37279870560944
TUR.81.6_1,2067,aegypti,0.016178289618867647,1.260529749402457e-4,1.260529749402457e-4,3.350470620944179e-7,1.3250867469064934e-4,2.7920588508484264e-8,14.159255785904094,77.05474418849926
TUR.81.6_1,2068,aegypti,0.015546195071626166,2.551885097475186e-4,2.551885097475186e-4,5.492757628733358e-7,1.2715131924354028e-4,4.57729805677291e-8,14.17669964150763,77.629052583885
TUR.81.6_1,2069,aegypti,0.016431465233521098,0.002271714642912071,0.002271714642912071,6.01243947251362e-6,1.345821564499398e-4,5.010369100241903e-7,14.5037472676851,76.82512134761791
TUR.81.6_1,2070,aegypti,0.01535857552600333,0.005756272841838197,0.005756272841838197,1.45186499876937e-5,1.2579526848058298e-4,1.2098875410129883e-6,13.826428714555268,78.12548743139884
TUR.81.6_1,2071,aegypti,0.016298495695211617,0.006776442842900118,0.006776442842900118,1.8145698721827586e-5,1.3349315047405294e-4,1.5121415608155323e-6,14.612645370922252,74.8244305695214
TUR.81.6_1,2072,aegypti,0.016473414061496054,2.4675542136796367e-4,2.4675542136796367e-4,6.668987966307327e-7,1.3473439996586345e-4,5.557489972348536e-8,14.124096754354005,76.34406227321605
TUR.81.6_1,2073,aegypti,0.01554260297103255,0.002853248910443832,0.002853248910443832,6.807312682766131e-6,1.2730244601261154e-4,5.672769621964068e-7,14.054787241579856,76.07553397070548
TUR.81.6_1,2074,aegypti,0.016129757373394102,0.003582782453999966,0.003582782453999966,8.633495384935408e-6,1.3211120012425934e-4,7.194594951930465e-7,14.616997861029471,78.88009049943268
TUR.81.6_1,2075,aegypti,0.01562233196213894,9.551127079714941e-6,9.551127079714941e-6,2.293843914813465e-8,1.27955422506811e-4,1.9115366048863188e-9,13.74031166549699,78.73948202978751
