district_id,province_name,district_name,pi_scenario,year,lambda_import_year,q_import_year,M_climate_mean,weighted_rate_pp_year
TUR.10.4_1,Artvin,Hopa,high,2024,0.026944131977684183,0.002641189471701222,1,3.858537867424856e-4
TUR.10.4_1,Artvin,Hopa,high,2025,0.03237354371398172,0.0031770586426431713,1.203212843421189,3.858537867424856e-4
TUR.10.4_1,Artvin,Hopa,high,2026,0.031301825301810485,0.0030720445979315336,1.1633806969029414,3.858537867424856e-4
TUR.10.4_1,Artvin,Hopa,high,2027,0.032017926766901295,0.003142214173006974,1.1899957644146502,3.858537867424856e-4
TUR.10.4_1,Artvin,Hopa,high,2028,0.031057231900999495,0.0030437605259572287,1.1526531804568647,3.858537867424856e-4
TUR.10.4_1,Artvin,Hopa,high,2029,0.03522355646301339,0.003456267886044806,1.3091381969341958,3.858537867424856e-4
TUR.10.4_1,Artvin,Hopa,high,2030,0.034214728460298924,0.0033574442525194925,1.271643461350961,3.858537867424856e-4
TUR.10.4_1,Artvin,Hopa,high,2031,0.03336991525976943,0.0032746797812667205,1.2402446064479842,3.858537867424856e-4
TUR.10.4_1,Artvin,Hopa,high,2032,0.03528537003983329,0.003457421612077183,1.3095759548210726,3.858537867424856e-4
TUR.10.4_1,Artvin,Hopa,high,2033,0.03401933297255158,0.003338302401907578,1.2643812703619135,3.858537867424856e-4
TUR.10.4_1,Artvin,Hopa,high,2034,0.03272198902352649,0.003211199231254902,1.2161633774688125,3.858537867424856e-4
TUR.10.4_1,Artvin,Hopa,high,2035,0.031886311373704644,0.0031293177730227217,1.1851040655660257,3.858537867424856e-4
TUR.10.4_1,Artvin,Hopa,high,2036,0.03281922696971693,0.003216166674219312,1.2180477123792561,3.858537867424856e-4
TUR.10.4_1,Artvin,Hopa,high,2037,0.03326406964008702,0.003264309836709667,1.236310682271279,3.858537867424856e-4
TUR.10.4_1,Artvin,Hopa,high,2038,0.03430560701995355,0.0033663470135703033,1.2750211108490248,3.858537867424856e-4
TUR.10.4_1,Artvin,Hopa,high,2039,0.03550661950581876,0.003483994656400924,1.319658696687297,3.858537867424856e-4
TUR.10.4_1,Artvin,Hopa,high,2040,0.032499313954358844,0.0031848663213931427,1.206174487519587,3.858537867424856e-4
TUR.10.4_1,Artvin,Hopa,high,2041,0.034145832933127646,0.003350694968259127,1.2690828470528472,3.858537867424856e-4
TUR.10.4_1,Artvin,Hopa,high,2042,0.037814269977235006,0.003710006317796055,1.4054263040490425,3.858537867424856e-4
TUR.10.4_1,Artvin,Hopa,high,2043,0.03605339881799383,0.0035375509454264042,1.339980642797454,3.858537867424856e-4
TUR.10.4_1,Artvin,Hopa,high,2044,0.03947420955478489,0.00386706865365094,1.465040280265467,3.858537867424856e-4
TUR.10.4_1,Artvin,Hopa,high,2045,0.0388520545520113,0.0038116303970058274,1.4439972741887057,3.858537867424856e-4
TUR.10.4_1,Artvin,Hopa,high,2046,0.03507694568666768,0.003441906671207473,1.3036891684156995,3.858537867424856e-4
TUR.10.4_1,Artvin,Hopa,high,2047,0.03572261900652442,0.0035051518572908336,1.3276866707266106,3.858537867424856e-4
TUR.10.4_1,Artvin,Hopa,high,2048,0.03904837045893713,0.003825431462462725,1.4492357114231684,3.858537867424856e-4
TUR.10.4_1,Artvin,Hopa,high,2049,0.03606466620021213,0.0035386545399026526,1.3403994134586765,3.858537867424856e-4
TUR.10.4_1,Artvin,Hopa,high,2050,0.03673000740630317,0.0036038198506699315,1.36512790777173,3.858537867424856e-4
TUR.10.4_1,Artvin,Hopa,high,2051,0.03588525190883502,0.0035210814911339483,1.33373118814874,3.858537867424856e-4
TUR.10.4_1,Artvin,Hopa,high,2052,0.03615992690981281,0.0035429627048937373,1.3420341969740086,3.858537867424856e-4
TUR.10.4_1,Artvin,Hopa,high,2053,0.040470012676157,0.003970046747831191,1.5041313577260746,3.858537867424856e-4
TUR.10.4_1,Artvin,Hopa,high,2054,0.03727912155621957,0.003657598360373604,1.3855366348523184,3.858537867424856e-4
TUR.10.4_1,Artvin,Hopa,high,2055,0.039374558031238134,0.0038627921357615724,1.4634169769579046,3.858537867424856e-4
TUR.10.4_1,Artvin,Hopa,high,2056,0.039589124980712175,0.0038783044199928174,1.469305245211331,3.858537867424856e-4
TUR.10.4_1,Artvin,Hopa,high,2057,0.040779435922648585,0.004000339904260408,1.5156315845601835,3.858537867424856e-4
TUR.10.4_1,Artvin,Hopa,high,2058,0.03864535233862115,0.0037913901037530673,1.436314846178837,3.858537867424856e-4
TUR.10.4_1,Artvin,Hopa,high,2059,0.03880403164497437,0.0038069280277125417,1.4422124237858518,3.858537867424856e-4
TUR.10.4_1,Artvin,Hopa,high,2060,0.038908588237325785,0.0038117636224112017,1.4440478418841924,3.858537867424856e-4
TUR.10.4_1,Artvin,Hopa,high,2061,0.039671597552920615,0.0038918760498737326,1.474456940745894,3.858537867424856e-4
TUR.10.4_1,Artvin,Hopa,high,2062,0.042729291287814324,0.0041912134604402684,1.5881011946053998,3.858537867424856e-4
TUR.10.4_1,Artvin,Hopa,high,2063,0.04037095137933006,0.0039603482534864565,1.5004495808328584,3.858537867424856e-4
TUR.10.4_1,Artvin,Hopa,high,2064,0.04219594624368892,0.004133150297668253,1.5660546850804258,3.858537867424856e-4
TUR.10.4_1,Artvin,Hopa,high,2065,0.03993286526914803,0.003917456751316828,1.4841673867033136,3.858537867424856e-4
TUR.10.4_1,Artvin,Hopa,high,2066,0.04127129331183158,0.004048491832881362,1.5339122790175967,3.858537867424856e-4
TUR.10.4_1,Artvin,Hopa,high,2067,0.041634141709379034,0.004084012527727943,1.5473981412880313,3.858537867424856e-4
TUR.10.4_1,Artvin,Hopa,high,2068,0.04189359592133687,0.0041035955214288045,1.5548332681313697,3.858537867424856e-4
TUR.10.4_1,Artvin,Hopa,high,2069,0.04004086556533554,0.003928030859874809,1.4881813960839514,3.858537867424856e-4
TUR.10.4_1,Artvin,Hopa,high,2070,0.04332101974570719,0.004249131196132461,1.6100937679005116,3.858537867424856e-4
TUR.10.4_1,Artvin,Hopa,high,2071,0.041964821842676484,0.004116383037929383,1.5596884172211012,3.858537867424856e-4
TUR.10.4_1,Artvin,Hopa,high,2072,0.04125462329610684,0.0040411329936475004,1.5311184667097018,3.858537867424856e-4
TUR.10.4_1,Artvin,Hopa,high,2073,0.044679593973682395,0.004382094213721044,1.6605874467444472,3.858537867424856e-4
TUR.10.4_1,Artvin,Hopa,high,2074,0.04107089131350365,0.004028873128949506,1.5264640067436615,3.858537867424856e-4
TUR.10.4_1,Artvin,Hopa,high,2075,0.04571293025862359,0.004483214459631624,1.6989931199601758,3.858537867424856e-4
TUR.10.4_1,Artvin,Hopa,low,2024,0.013575690820458185,0.0013316256091581158,1,1.9441070114292855e-4
TUR.10.4_1,Artvin,Hopa,low,2025,0.016311280350340122,0.0016020119146075151,1.203212843421189,1.9441070114292855e-4
TUR.10.4_1,Artvin,Hopa,low,2026,0.01577129882651243,0.0015490187424277435,1.1633806969029414,1.9441070114292855e-4
TUR.10.4_1,Artvin,Hopa,low,2027,0.01613210400803216,0.0015844280641081898,1.1899957644146502,1.9441070114292855e-4
TUR.10.4_1,Artvin,Hopa,low,2028,0.01564806129203551,0.001534746242667806,1.1526531804568647,1.9441070114292855e-4
TUR.10.4_1,Artvin,Hopa,low,2029,0.017747249339174966,0.001742922592203766,1.3091381969341958,1.9441070114292855e-4
TUR.10.4_1,Artvin,Hopa,low,2030,0.01723895483896667,0.0016930462665210033,1.271643461350961,1.9441070114292855e-4
TUR.10.4_1,Artvin,Hopa,low,2031,0.016813298653153935,0.0016512768965080138,1.2402446064479842,1.9441070114292855e-4
TUR.10.4_1,Artvin,Hopa,low,2032,0.017778393870538263,0.0017435048926353058,1.3095759548210726,1.9441070114292855e-4
TUR.10.4_1,Artvin,Hopa,low,2033,0.01714050550146312,0.001683385651182756,1.2643812703619135,1.9441070114292855e-4
TUR.10.4_1,Artvin,Hopa,low,2034,0.016486843291568267,0.0016192408559473348,1.2161633774688125,1.9441070114292855e-4
TUR.10.4_1,Artvin,Hopa,low,2035,0.016065790057540573,0.00157792012536484,1.1851040655660257,1.9441070114292855e-4
TUR.10.4_1,Artvin,Hopa,low,2036,0.016535836266539247,0.0016217476849680335,1.2180477123792561,1.9441070114292855e-4
TUR.10.4_1,Artvin,Hopa,low,2037,0.016759968708099107,0.0016460435398208961,1.236310682271279,1.9441070114292855e-4
TUR.10.4_1,Artvin,Hopa,low,2038,0.01728474368563885,0.0016975393927314286,1.2750211108490248,1.9441070114292855e-4
TUR.10.4_1,Artvin,Hopa,low,2039,0.017889869679725612,0.0017569167451885193,1.319658696687297,1.9441070114292855e-4
TUR.10.4_1,Artvin,Hopa,low,2040,0.01637464922092232,0.0016059520094945379,1.206174487519587,1.9441070114292855e-4
TUR.10.4_1,Artvin,Hopa,low,2041,0.017204242066757875,0.0016896399897733394,1.2690828470528472,1.9441070114292855e-4
TUR.10.4_1,Artvin,Hopa,low,2042,0.019052571520568825,0.0018709957299182234,1.4054263040490425,1.9441070114292855e-4
TUR.10.4_1,Artvin,Hopa,low,2043,0.01816536256257256,0.0017839480249671746,1.339980642797454,1.9441070114292855e-4
TUR.10.4_1,Artvin,Hopa,low,2044,0.019888926493990964,0.0019502802360263916,1.465040280265467,1.9441070114292855e-4
TUR.10.4_1,Artvin,Hopa,low,2045,0.019575455799310224,0.0019222944930602504,1.4439972741887057,1.9441070114292855e-4
TUR.10.4_1,Artvin,Hopa,low,2046,0.01767338000440847,0.0017356743289727028,1.3036891684156995,1.9441070114292855e-4
TUR.10.4_1,Artvin,Hopa,low,2047,0.017998700287003983,0.0017675952594927713,1.3276866707266106,1.9441070114292855e-4
TUR.10.4_1,Artvin,Hopa,low,2048,0.019674368882475795,0.0019292613257876345,1.4492357114231684,1.9441070114292855e-4
TUR.10.4_1,Artvin,Hopa,low,2049,0.018171039593614487,0.0017845050458683565,1.3403994134586765,1.9441070114292855e-4
TUR.10.4_1,Artvin,Hopa,low,2050,0.01850626949207615,0.001817396698247542,1.36512790777173,1.9441070114292855e-4
TUR.10.4_1,Artvin,Hopa,low,2051,0.01808064231697625,0.00177563537759029,1.33373118814874,1.9441070114292855e-4
TUR.10.4_1,Artvin,Hopa,low,2052,0.01821903634963533,0.0017866795236147759,1.3420341969740086,1.9441070114292855e-4
TUR.10.4_1,Artvin,Hopa,low,2053,0.020390658639339365,0.0020022665807154505,1.5041313577260746,1.9441070114292855e-4
TUR.10.4_1,Artvin,Hopa,low,2054,0.018782938794179038,0.0018445417616428372,1.3855366348523184,1.9441070114292855e-4
TUR.10.4_1,Artvin,Hopa,low,2055,0.0198387174378431,0.0019481213828905775,1.4634169769579046,1.9441070114292855e-4
TUR.10.4_1,Artvin,Hopa,low,2056,0.01994682625061482,0.001955952248805959,1.469305245211331,1.9441070114292855e-4
TUR.10.4_1,Artvin,Hopa,low,2057,0.02054656052597932,0.0020175599576460757,1.5156315845601835,1.9441070114292855e-4
TUR.10.4_1,Artvin,Hopa,low,2058,0.01947130957914839,0.0019120771991968377,1.436314846178837,1.9441070114292855e-4
TUR.10.4_1,Artvin,Hopa,low,2059,0.01955125961772302,0.0019199207292706078,1.4422124237858518,1.9441070114292855e-4
TUR.10.4_1,Artvin,Hopa,low,2060,0.019603940076014414,0.0019223617455051967,1.4440478418841924,1.9441070114292855e-4
TUR.10.4_1,Artvin,Hopa,low,2061,0.019988379815279348,0.0019628034889271895,1.474456940745894,1.9441070114292855e-4
TUR.10.4_1,Artvin,Hopa,low,2062,0.02152898881203992,0.0021139270118225584,1.5881011946053998,1.9441070114292855e-4
TUR.10.4_1,Artvin,Hopa,low,2063,0.020340746931445202,0.001997370384142161,1.5004495808328584,1.9441070114292855e-4
TUR.10.4_1,Artvin,Hopa,low,2064,0.02126026459747639,0.0020846114722742337,1.5660546850804258,1.9441070114292855e-4
TUR.10.4_1,Artvin,Hopa,low,2065,0.020120018689257176,0.001975717283424272,1.4841673867033136,1.9441070114292855e-4
TUR.10.4_1,Artvin,Hopa,low,2066,0.020794381261585584,0.002041869738643509,1.5339122790175967,1.9441070114292855e-4
TUR.10.4_1,Artvin,Hopa,low,2067,0.02097720124393196,0.0020598029420961783,1.5473981412880313,1.9441070114292855e-4
TUR.10.4_1,Artvin,Hopa,low,2068,0.021107926368119763,0.0020696898724152923,1.5548332681313697,1.9441070114292855e-4
TUR.10.4_1,Artvin,Hopa,low,2069,0.020174434282061584,0.001981055412930477,1.4881813960839514,1.9441070114292855e-4
TUR.10.4_1,Artvin,Hopa,low,2070,0.021827129293100163,0.002143169972491976,1.6100937679005116,1.9441070114292855e-4
TUR.10.4_1,Artvin,Hopa,low,2071,0.021143813354514988,0.0020761460000399135,1.5596884172211012,1.9441070114292855e-4
TUR.10.4_1,Artvin,Hopa,low,2072,0.020785982093276763,0.002038154548117288,1.5311184667097018,1.9441070114292855e-4
TUR.10.4_1,Artvin,Hopa,low,2073,0.02251164259140127,0.0022103068762019396,1.6605874467444472,1.9441070114292855e-4
TUR.10.4_1,Artvin,Hopa,low,2074,0.02069340937007436,0.0020319650514982746,1.5264640067436615,1.9441070114292855e-4
TUR.10.4_1,Artvin,Hopa,low,2075,0.023032285822717265,0.0022613684177341664,1.6989931199601758,1.9441070114292855e-4
TUR.10.4_1,Artvin,Hopa,main,2024,0.019425425570132625,0.0019048733018587338,1,2.781819323442242e-4
TUR.10.4_1,Artvin,Hopa,main,2025,0.023339772865035243,0.002291523661149375,1.203212843421189,2.781819323442242e-4
TUR.10.4_1,Artvin,Hopa,main,2026,0.022567114876814898,0.0022157473870761946,1.1633806969029414,2.781819323442242e-4
TUR.10.4_1,Artvin,Hopa,main,2027,0.023083389962273798,0.002266380262052059,1.1899957644146502,2.781819323442242e-4
TUR.10.4_1,Artvin,Hopa,main,2028,0.022390774658325518,0.0021953384830083467,1.1526531804568647,2.781819323442242e-4
TUR.10.4_1,Artvin,Hopa,main,2029,0.02539449660329965,0.0024930069535492594,1.3091381969341958,2.781819323442242e-4
TUR.10.4_1,Artvin,Hopa,main,2030,0.02466717953822914,0.002421691927519287,1.271643461350961,2.781819323442242e-4
TUR.10.4_1,Artvin,Hopa,main,2031,0.024058109373840945,0.002361967345712035,1.2402446064479842,2.781819323442242e-4
TUR.10.4_1,Artvin,Hopa,main,2032,0.025439061236297217,0.0024938395394337176,1.3095759548210726,2.781819323442242e-4
TUR.10.4_1,Artvin,Hopa,main,2033,0.024526308677413053,0.0024078786427024212,1.2643812703619135,2.781819323442242e-4
TUR.10.4_1,Artvin,Hopa,main,2034,0.023590985362700986,0.0023161593854861273,1.2161633774688125,2.781819323442242e-4
TUR.10.4_1,Artvin,Hopa,main,2035,0.022988501523995085,0.002257074418969607,1.1851040655660257,2.781819323442242e-4
TUR.10.4_1,Artvin,Hopa,main,2036,0.023661089279628865,0.0023197438938341586,1.2180477123792561,2.781819323442242e-4
TUR.10.4_1,Artvin,Hopa,main,2037,0.023981799713483347,0.0023544842734172233,1.236310682271279,2.781819323442242e-4
TUR.10.4_1,Artvin,Hopa,main,2038,0.02473269866206443,0.002428116429599503,1.2750211108490248,2.781819323442242e-4
TUR.10.4_1,Artvin,Hopa,main,2039,0.025598571615012736,0.002513016038021565,1.319658696687297,2.781819323442242e-4
TUR.10.4_1,Artvin,Hopa,main,2040,0.02343044720981027,0.0022971576329625654,1.206174487519587,2.781819323442242e-4
TUR.10.4_1,Artvin,Hopa,main,2041,0.02461750913729994,0.0024168214502912067,1.2690828470528472,2.781819323442242e-4
TUR.10.4_1,Artvin,Hopa,main,2042,0.027262278084803294,0.002676123649200668,1.4054263040490425,2.781819323442242e-4
TUR.10.4_1,Artvin,Hopa,main,2043,0.025992773538255534,0.002551665491454247,1.339980642797454,2.781819323442242e-4
TUR.10.4_1,Artvin,Hopa,main,2044,0.028459015791772044,0.0027894781470356733,1.465040280265467,2.781819323442242e-4
TUR.10.4_1,Artvin,Hopa,main,2045,0.028010471550819878,0.002749466865736072,1.4439972741887057,2.781819323442242e-4
TUR.10.4_1,Artvin,Hopa,main,2046,0.02528879719760992,0.0024826432126949793,1.3036891684156995,2.781819323442242e-4
TUR.10.4_1,Artvin,Hopa,main,2047,0.025754296997838474,0.0025282842828435736,1.3276866707266106,2.781819323442242e-4
TUR.10.4_1,Artvin,Hopa,main,2048,0.028152005988428486,0.0027594274078787118,1.4492357114231684,2.781819323442242e-4
TUR.10.4_1,Artvin,Hopa,main,2049,0.026000896785570316,0.002552461917961768,1.3403994134586765,2.781819323442242e-4
TUR.10.4_1,Artvin,Hopa,main,2050,0.02648057621407642,0.0025994899399454097,1.36512790777173,2.781819323442242e-4
TUR.10.4_1,Artvin,Hopa,main,2051,0.0258715475990572,0.0025397800764982437,1.33373118814874,2.781819323442242e-4
TUR.10.4_1,Artvin,Hopa,main,2052,0.02606957521240473,0.0025555709761959644,1.3420341969740086,2.781819323442242e-4
TUR.10.4_1,Artvin,Hopa,main,2053,0.029176942686706234,0.0028638018591579106,1.5041313577260746,2.781819323442242e-4
TUR.10.4_1,Artvin,Hopa,main,2054,0.02687646145944183,0.002638301066271165,1.3855366348523184,2.781819323442242e-4
TUR.10.4_1,Artvin,Hopa,main,2055,0.0283871717923242,0.0027863916468754413,1.4634169769579046,2.781819323442242e-4
TUR.10.4_1,Artvin,Hopa,main,2056,0.02854186436761743,0.002797587377687094,1.469305245211331,2.781819323442242e-4
TUR.10.4_1,Artvin,Hopa,main,2057,0.029400022190655056,0.002885666139408549,1.5156315845601835,2.781819323442242e-4
TUR.10.4_1,Artvin,Hopa,main,2058,0.027861449055518118,0.0027348590566775854,1.436314846178837,2.781819323442242e-4
TUR.10.4_1,Artvin,Hopa,main,2059,0.027975849311815154,0.0027460730679610412,1.4422124237858518,2.781819323442242e-4
TUR.10.4_1,Artvin,Hopa,main,2060,0.02805122963234864,0.0027495630173455243,1.4440478418841924,2.781819323442242e-4
TUR.10.4_1,Artvin,Hopa,main,2061,0.028601323210780287,0.002807382513796197,1.474456940745894,2.781819323442242e-4
TUR.10.4_1,Artvin,Hopa,main,2062,0.030805775605598797,0.0030234346288670055,1.5881011946053998,2.781819323442242e-4
TUR.10.4_1,Artvin,Hopa,main,2063,0.029105524183553274,0.002856801947730081,1.5004495808328584,2.781819323442242e-4
TUR.10.4_1,Artvin,Hopa,main,2064,0.030421259038178546,0.002981525087297543,1.5660546850804258,2.781819323442242e-4
TUR.10.4_1,Artvin,Hopa,main,2065,0.028789684853400783,0.0028258451323769362,1.4841673867033136,2.781819323442242e-4
TUR.10.4_1,Artvin,Hopa,main,2066,0.029754628076716975,0.002920420485787667,1.5339122790175967,2.781819323442242e-4
TUR.10.4_1,Artvin,Hopa,main,2067,0.030016224591698105,0.0029460583584806077,1.5473981412880313,2.781819323442242e-4
TUR.10.4_1,Artvin,Hopa,main,2068,0.0302032787665567,0.002960192940634876,1.5548332681313697,2.781819323442242e-4
TUR.10.4_1,Artvin,Hopa,main,2069,0.028867547949833344,0.00283347692949798,1.4881813960839514,2.781819323442242e-4
TUR.10.4_1,Artvin,Hopa,main,2070,0.031232383829758018,0.0030652398824744242,1.6100937679005116,2.781819323442242e-4
TUR.10.4_1,Artvin,Hopa,main,2071,0.030254629313646586,0.002969422735926819,1.5596884172211012,2.781819323442242e-4
TUR.10.4_1,Artvin,Hopa,main,2072,0.029742609755816746,0.0029151091074285373,1.5311184667097018,2.781819323442242e-4
TUR.10.4_1,Artvin,Hopa,main,2073,0.03221185160742447,0.003161215691269814,1.6605874467444472,2.781819323442242e-4
TUR.10.4_1,Artvin,Hopa,main,2074,0.029610147725615866,0.002906260347704026,1.5264640067436615,2.781819323442242e-4
TUR.10.4_1,Artvin,Hopa,main,2075,0.03295683823677967,0.0032342090417166736,1.6989931199601758,2.781819323442242e-4
TUR.39.3_1,Isparta,Eğirdir,high,2024,0.002111234468978802,2.072053617837577e-4,1,3.858537867424856e-4
TUR.39.3_1,Isparta,Eğirdir,high,2025,0.002536661467831211,2.4930682304169505e-4,1.203212843421189,3.858537867424856e-4
TUR.39.3_1,Isparta,Eğirdir,high,2026,0.0024526858973920105,2.4105457518863727e-4,1.1633806969029414,3.858537867424856e-4
TUR.39.3_1,Isparta,Eğirdir,high,2027,0.002508796745484578,2.465685747649049e-4,1.1899957644146502,3.858537867424856e-4
TUR.39.3_1,Isparta,Eğirdir,high,2028,0.0024335205362994872,2.388320839851188e-4,1.1526531804568647,3.858537867424856e-4
TUR.39.3_1,Isparta,Eğirdir,high,2029,0.0027599770735359393,2.712516325478198e-4,1.3091381969341958,3.858537867424856e-4
TUR.39.3_1,Isparta,Eğirdir,high,2030,0.0026809293441688985,2.6348381418184186e-4,1.271643461350961,3.858537867424856e-4
TUR.39.3_1,Isparta,Eğirdir,high,2031,0.0026147331590298337,2.5697883779207675e-4,1.2402446064479842,3.858537867424856e-4
TUR.39.3_1,Isparta,Eğirdir,high,2032,0.002764820538307458,2.713423228841716e-4,1.3095759548210726,3.858537867424856e-4
TUR.39.3_1,Isparta,Eğirdir,high,2033,0.0026656189348687664,2.6197929240723283e-4,1.2643812703619135,3.858537867424856e-4
TUR.39.3_1,Isparta,Eğirdir,high,2034,0.002563964249330136,2.519898424795386e-4,1.2161633774688125,3.858537867424856e-4
TUR.39.3_1,Isparta,Eğirdir,high,2035,0.0024984838894239296,2.455551351558949e-4,1.1851040655660257,3.858537867424856e-4
TUR.39.3_1,Isparta,Eğirdir,high,2036,0.0025715834260718468,2.52380227869331e-4,1.2180477123792561,3.858537867424856e-4
TUR.39.3_1,Isparta,Eğirdir,high,2037,0.0026064395194036246,2.56163834218337e-4,1.236310682271279,3.858537867424856e-4
TUR.39.3_1,Isparta,Eğirdir,high,2038,0.0026880502248041657,2.64183567398768e-4,1.2750211108490248,3.858537867424856e-4
TUR.39.3_1,Isparta,Eğirdir,high,2039,0.0027821567619875725,2.7343116301048465e-4,1.319658696687297,3.858537867424856e-4
TUR.39.3_1,Isparta,Eğirdir,high,2040,0.0025465163210837056,2.4992040059523823e-4,1.206174487519587,3.858537867424856e-4
TUR.39.3_1,Isparta,Eğirdir,high,2041,0.0026755309660788954,2.6295332716030906e-4,1.2690828470528472,3.858537867424856e-4
TUR.39.3_1,Isparta,Eğirdir,high,2042,0.0029629750277845287,2.9119944625832783e-4,1.4054263040490425,3.858537867424856e-4
TUR.39.3_1,Isparta,Eğirdir,high,2043,0.0028250002030657494,2.776412440834708e-4,1.339980642797454,3.858537867424856e-4
TUR.39.3_1,Isparta,Eğirdir,high,2044,0.003093041257249555,3.0354935140142203e-4,1.465040280265467,3.858537867424856e-4
TUR.39.3_1,Isparta,Eğirdir,high,2045,0.0030442916783805425,2.9919000329614587e-4,1.4439972741887057,3.858537867424856e-4
TUR.39.3_1,Isparta,Eğirdir,high,2046,0.002748489239197793,2.7012275617155357e-4,1.3036891684156995,3.858537867424856e-4
TUR.39.3_1,Isparta,Eğirdir,high,2047,0.0027990816193758047,2.7509431402561457e-4,1.3276866707266106,3.858537867424856e-4
TUR.39.3_1,Isparta,Eğirdir,high,2048,0.0030596742080480008,3.002752194155578e-4,1.4492357114231684,3.858537867424856e-4
TUR.39.3_1,Isparta,Eğirdir,high,2049,0.0028258830700934987,2.7772800027503486e-4,1.3403994134586765,3.858537867424856e-4
TUR.39.3_1,Isparta,Eğirdir,high,2050,0.002878016547211809,2.8285095763291856e-4,1.36512790777173,3.858537867424856e-4
TUR.39.3_1,Isparta,Eğirdir,high,2051,0.0028118248834539564,2.763465515600583e-4,1.33373118814874,3.858537867424856e-4
TUR.39.3_1,Isparta,Eğirdir,high,2052,0.002833347318480306,2.7806667623797576e-4,1.3420341969740086,3.858537867424856e-4
TUR.39.3_1,Isparta,Eğirdir,high,2053,0.0031710684089833246,3.1164755447865566e-4,1.5041313577260746,3.858537867424856e-4
TUR.39.3_1,Isparta,Eğirdir,high,2054,0.0029210429368415683,2.870789765693216e-4,1.3855366348523184,3.858537867424856e-4
TUR.39.3_1,Isparta,Eğirdir,high,2055,0.0030852329622348034,3.0321306248259905e-4,1.4634169769579046,3.858537867424856e-4
TUR.39.3_1,Isparta,Eğirdir,high,2056,0.003102045570635342,3.0443289519299643e-4,1.469305245211331,3.858537867424856e-4
TUR.39.3_1,Isparta,Eğirdir,high,2057,0.0031953135776173493,3.1402995687979107e-4,1.5156315845601835,3.858537867424856e-4
TUR.39.3_1,Isparta,Eğirdir,high,2058,0.003028095319259197,2.97598477868144e-4,1.436314846178837,3.858537867424856e-4
TUR.39.3_1,Isparta,Eğirdir,high,2059,0.00304052879536316,2.9882024609939606e-4,1.4422124237858518,3.858537867424856e-4
TUR.39.3_1,Isparta,Eğirdir,high,2060,0.0030487214319607726,2.992004791139147e-4,1.4440478418841924,3.858537867424856e-4
TUR.39.3_1,Isparta,Eğirdir,high,2061,0.0031085077916983925,3.0550013587515856e-4,1.474456940745894,3.858537867424856e-4
TUR.39.3_1,Isparta,Eğirdir,high,2062,0.003348096449222589,3.290427257676143e-4,1.5881011946053998,3.858537867424856e-4
TUR.39.3_1,Isparta,Eğirdir,high,2063,0.0031633063617748274,3.108848314276047e-4,1.5004495808328584,3.858537867424856e-4
TUR.39.3_1,Isparta,Eğirdir,high,2064,0.0033063056636834904,3.2447560588588775e-4,1.5660546850804258,3.858537867424856e-4
TUR.39.3_1,Isparta,Eğirdir,high,2065,0.003128979685489127,3.075117778078562e-4,1.4841673867033136,3.858537867424856e-4
TUR.39.3_1,Isparta,Eğirdir,high,2066,0.003233853556367643,3.178169981659096e-4,1.5339122790175967,3.858537867424856e-4
TUR.39.3_1,Isparta,Eğirdir,high,2067,0.003262284906264176,3.206107293760585e-4,1.5473981412880313,3.858537867424856e-4
TUR.39.3_1,Isparta,Eğirdir,high,2068,0.0032826147011100737,3.2215098684751364e-4,1.5548332681313697,3.858537867424856e-4
TUR.39.3_1,Isparta,Eğirdir,high,2069,0.0031374421569526664,3.083433295156812e-4,1.4881813960839514,3.858537867424856e-4
TUR.39.3_1,Isparta,Eğirdir,high,2070,0.003394461925668955,3.3359865119397814e-4,1.6100937679005116,3.858537867424856e-4
TUR.39.3_1,Isparta,Eğirdir,high,2071,0.0032881956795710434,3.231567760114684e-4,1.5596884172211012,3.858537867424856e-4
TUR.39.3_1,Isparta,Eğirdir,high,2072,0.0032325473605760826,3.1723823102614013e-4,1.5311184667097018,3.858537867424856e-4
TUR.39.3_1,Isparta,Eğirdir,high,2073,0.0035009143710898385,3.440587132368389e-4,1.6605874467444472,3.858537867424856e-4
TUR.39.3_1,Isparta,Eğirdir,high,2074,0.003218150856912616,3.162740106935624e-4,1.5264640067436615,3.858537867424856e-4
TUR.39.3_1,Isparta,Eğirdir,high,2075,0.0035818824714770104,3.520145995392632e-4,1.6989931199601758,3.858537867424856e-4
TUR.39.3_1,Isparta,Eğirdir,low,2024,0.0010637368620406325,1.0440494202090811e-4,1,1.9441070114292855e-4
TUR.39.3_1,Isparta,Eğirdir,low,2025,0.0012780867217150006,1.2562001410554302e-4,1.203212843421189,1.9441070114292855e-4
TUR.39.3_1,Isparta,Eğirdir,low,2026,0.001235775928156651,1.214616423843573e-4,1.1633806969029414,1.9441070114292855e-4
TUR.39.3_1,Isparta,Eğirdir,low,2027,0.0012640471798132827,1.242401876359045e-4,1.1899957644146502,1.9441070114292855e-4
TUR.39.3_1,Isparta,Eğirdir,low,2028,0.0012261195276136636,1.2034171477093292e-4,1.1526531804568647,1.9441070114292855e-4
TUR.39.3_1,Isparta,Eğirdir,low,2029,0.0013906035112008768,1.366782580182191e-4,1.3091381969341958,1.9441070114292855e-4
TUR.39.3_1,Isparta,Eğirdir,low,2030,0.0013507755861402035,1.3276395030925592e-4,1.271643461350961,1.9441070114292855e-4
TUR.39.3_1,Isparta,Eğirdir,low,2031,0.0013174228690377861,1.2948601737627907e-4,1.2402446064479842,1.9441070114292855e-4
TUR.39.3_1,Isparta,Eğirdir,low,2032,0.0013930438721740507,1.3672395817998506e-4,1.3095759548210726,1.9441070114292855e-4
TUR.39.3_1,Isparta,Eğirdir,low,2033,0.0013430614896178968,1.3200580340611e-4,1.2643812703619135,1.9441070114292855e-4
TUR.39.3_1,Isparta,Eğirdir,low,2034,0.001291843131953161,1.2697201213918152e-4,1.2161633774688125,1.9441070114292855e-4
TUR.39.3_1,Isparta,Eğirdir,low,2035,0.0012588510837517005,1.2372950732220112e-4,1.1851040655660257,1.9441070114292855e-4
TUR.39.3_1,Isparta,Eğirdir,low,2036,0.0012956820256158784,1.2716873106211057e-4,1.2180477123792561,1.9441070114292855e-4
TUR.39.3_1,Isparta,Eğirdir,low,2037,0.00131324414773692,1.2907532839412372e-4,1.236310682271279,1.9441070114292855e-4
TUR.39.3_1,Isparta,Eğirdir,low,2038,0.0013543634171183604,1.3311656469827682e-4,1.2750211108490248,1.9441070114292855e-4
TUR.39.3_1,Isparta,Eğirdir,low,2039,0.0014017786709424266,1.3777655536129085e-4,1.319658696687297,1.9441070114292855e-4
TUR.39.3_1,Isparta,Eğirdir,low,2040,0.001283052053088236,1.2592920129017582e-4,1.206174487519587,1.9441070114292855e-4
TUR.39.3_1,Isparta,Eğirdir,low,2041,0.001348055632078899,1.3249663135184164e-4,1.2690828470528472,1.9441070114292855e-4
TUR.39.3_1,Isparta,Eğirdir,low,2042,0.0014928833391338672,1.4673029869571863e-4,1.4054263040490425,1.9441070114292855e-4
TUR.39.3_1,Isparta,Eğirdir,low,2043,0.0014233651919224508,1.3989808033398887e-4,1.339980642797454,1.9441070114292855e-4
TUR.39.3_1,Isparta,Eğirdir,low,2044,0.0015584167714097,1.529536753860361e-4,1.465040280265467,1.9441070114292855e-4
TUR.39.3_1,Isparta,Eğirdir,low,2045,0.0015338544609157922,1.5075690385912832e-4,1.4439972741887057,1.9441070114292855e-4
TUR.39.3_1,Isparta,Eğirdir,low,2046,0.0013848154054311777,1.3610940113939485e-4,1.3036891684156995,1.9441070114292855e-4
TUR.39.3_1,Isparta,Eğirdir,low,2047,0.0014103062022637657,1.3861464234532495e-4,1.3276866707266106,1.9441070114292855e-4
TUR.39.3_1,Isparta,Eğirdir,low,2048,0.001541604894694289,1.5130376771266274e-4,1.4492357114231684,1.9441070114292855e-4
TUR.39.3_1,Isparta,Eğirdir,low,2049,0.0014238100213802007,1.39941798160792e-4,1.3403994134586765,1.9441070114292855e-4
TUR.39.3_1,Isparta,Eğirdir,low,2050,0.0014500772960970372,1.425233417928773e-4,1.36512790777173,1.9441070114292855e-4
TUR.39.3_1,Isparta,Eğirdir,low,2051,0.001416726852158103,1.392456642613782e-4,1.33373118814874,1.9441070114292855e-4
TUR.39.3_1,Isparta,Eğirdir,low,2052,0.0014275708553085043,1.4011246242251474e-4,1.3420341969740086,1.9441070114292855e-4
TUR.39.3_1,Isparta,Eğirdir,low,2053,0.0015977304965774485,1.5703455110105402e-4,1.5041313577260746,1.9441070114292855e-4
TUR.39.3_1,Isparta,Eğirdir,low,2054,0.0014717559965870624,1.4465391605067435e-4,1.3855366348523184,1.9441070114292855e-4
TUR.39.3_1,Isparta,Eğirdir,low,2055,0.0015544825904874103,1.5278421182540747e-4,1.4634169769579046,1.9441070114292855e-4
TUR.39.3_1,Isparta,Eğirdir,low,2056,0.0015629535648766788,1.5339891315691023e-4,1.469305245211331,1.9441070114292855e-4
TUR.39.3_1,Isparta,Eğirdir,low,2057,0.0016099463451757893,1.58235103087212e-4,1.5156315845601835,1.9441070114292855e-4
TUR.39.3_1,Isparta,Eğirdir,low,2058,0.0015256939794424376,1.4995490033986592e-4,1.436314846178837,1.9441070114292855e-4
TUR.39.3_1,Isparta,Eğirdir,low,2059,0.0015319585448541101,1.505705752837816e-4,1.4422124237858518,1.9441070114292855e-4
TUR.39.3_1,Isparta,Eğirdir,low,2060,0.0015360863749686042,1.5076218284526544e-4,1.4440478418841924,1.9441070114292855e-4
TUR.39.3_1,Isparta,Eğirdir,low,2061,0.0015662095360878257,1.5393672021679627e-4,1.474456940745894,1.9441070114292855e-4
TUR.39.3_1,Isparta,Eğirdir,low,2062,0.0016869254982822526,1.6580044488756496e-4,1.5881011946053998,1.9441070114292855e-4
TUR.39.3_1,Isparta,Eğirdir,low,2063,0.0015938196146756292,1.5665019624289123e-4,1.5004495808328584,1.9441070114292855e-4
TUR.39.3_1,Isparta,Eğirdir,low,2064,0.0016658693430902552,1.634989431376077e-4,1.5660546850804258,1.9441070114292855e-4
TUR.39.3_1,Isparta,Eğirdir,low,2065,0.0015765242320086195,1.549504335174312e-4,1.4841673867033136,1.9441070114292855e-4
TUR.39.3_1,Isparta,Eğirdir,low,2066,0.0016293645873211647,1.6014349060045063e-4,1.5339122790175967,1.9441070114292855e-4
TUR.39.3_1,Isparta,Eğirdir,low,2067,0.0016436896302903514,1.6155132595385702e-4,1.5473981412880313,1.9441070114292855e-4
TUR.39.3_1,Isparta,Eğirdir,low,2068,0.0016539327284304367,1.6232750344458147e-4,1.5548332681313697,1.9441070114292855e-4
TUR.39.3_1,Isparta,Eğirdir,low,2069,0.0015807880203271198,1.553694721262433e-4,1.4881813960839514,1.9441070114292855e-4
TUR.39.3_1,Isparta,Eğirdir,low,2070,0.0017102865945214497,1.6809631070557884e-4,1.6100937679005116,1.9441070114292855e-4
TUR.39.3_1,Isparta,Eğirdir,low,2071,0.0016567446892213102,1.6283434819797105e-4,1.5596884172211012,1.9441070114292855e-4
TUR.39.3_1,Isparta,Eğirdir,low,2072,0.0016287064620692908,1.598518347176725e-4,1.5311184667097018,1.9441070114292855e-4
TUR.39.3_1,Isparta,Eğirdir,low,2073,0.001763922320142323,1.7336746587082175e-4,1.6605874467444472,1.9441070114292855e-4
TUR.39.3_1,Isparta,Eğirdir,low,2074,0.0016214528335510659,1.5936593908749686e-4,1.5264640067436615,1.9441070114292855e-4
TUR.39.3_1,Isparta,Eğirdir,low,2075,0.001804717842406882,1.7737670649209392e-4,1.6989931199601758,1.9441070114292855e-4
TUR.39.3_1,Isparta,Eğirdir,main,2024,0.001522098691923461,1.4938943705555818e-4,1,2.781819323442242e-4
TUR.39.3_1,Isparta,Eğirdir,main,2025,0.0018288112978220989,1.7974451910329758e-4,1.203212843421189,2.781819323442242e-4
TUR.39.3_1,Isparta,Eğirdir,main,2026,0.001768268906669411,1.737946338913332e-4,1.1633806969029414,2.781819323442242e-4
TUR.39.3_1,Isparta,Eğirdir,main,2027,0.001808722158486859,1.7777023574350181e-4,1.1899957644146502,2.781819323442242e-4
TUR.39.3_1,Isparta,Eğirdir,main,2028,0.0017544515920923304,1.7219221619890757e-4,1.1526531804568647,2.781819323442242e-4
TUR.39.3_1,Isparta,Eğirdir,main,2029,0.0019898112359179204,1.9556683306543032e-4,1.3091381969341958,2.781819323442242e-4
TUR.39.3_1,Isparta,Eğirdir,main,2030,0.0019328215782468132,1.899661871421765e-4,1.271643461350961,2.781819323442242e-4
TUR.39.3_1,Isparta,Eğirdir,main,2031,0.0018850972750052782,1.852760677262255e-4,1.2402446064479842,2.781819323442242e-4
TUR.39.3_1,Isparta,Eğirdir,main,2032,0.001993303142406494,1.956322214473616e-4,1.3095759548210726,2.781819323442242e-4
TUR.39.3_1,Isparta,Eğirdir,main,2033,0.001921783500743483,1.888814189056065e-4,1.2643812703619135,2.781819323442242e-4
TUR.39.3_1,Isparta,Eğirdir,main,2034,0.0018484953048834303,1.8167898383991687e-4,1.2161633774688125,2.781819323442242e-4
TUR.39.3_1,Isparta,Eğirdir,main,2035,0.0018012870797926368,1.7703954381320663e-4,1.1851040655660257,2.781819323442242e-4
TUR.39.3_1,Isparta,Eğirdir,main,2036,0.0018539883675640593,1.8196045294893715e-4,1.2180477123792561,2.781819323442242e-4
TUR.39.3_1,Isparta,Eğirdir,main,2037,0.0018791179550777903,1.8468844681640562e-4,1.236310682271279,2.781819323442242e-4
TUR.39.3_1,Isparta,Eğirdir,main,2038,0.001937955394869034,1.904707131138439e-4,1.2750211108490248,2.781819323442242e-4
TUR.39.3_1,Isparta,Eğirdir,main,2039,0.0020058017380184434,1.9713829046363873e-4,1.319658696687297,2.781819323442242e-4
TUR.39.3_1,Isparta,Eğirdir,main,2040,0.001835916176995778,1.8018691016108423e-4,1.206174487519587,2.781819323442242e-4
TUR.39.3_1,Isparta,Eğirdir,main,2041,0.0019289296041941112,1.8958370311406014e-4,1.2690828470528472,2.781819323442242e-4
TUR.39.3_1,Isparta,Eğirdir,main,2042,0.0021361631261007904,2.0994938876461866e-4,1.4054263040490425,2.781819323442242e-4
TUR.39.3_1,Isparta,Eğirdir,main,2043,0.0020366898248485262,2.001737924410829e-4,1.339980642797454,2.781819323442242e-4
TUR.39.3_1,Isparta,Eğirdir,main,2044,0.0022299347086988737,2.1885382380648633e-4,1.465040280265467,2.781819323442242e-4
TUR.39.3_1,Isparta,Eğirdir,main,2045,0.0021947885750938107,2.1571067609982286e-4,1.4439972741887057,2.781819323442242e-4
TUR.39.3_1,Isparta,Eğirdir,main,2046,0.0019815290530356675,1.9475290533432776e-4,1.3036891684156995,2.781819323442242e-4
TUR.39.3_1,Isparta,Eğirdir,main,2047,0.0020180037564834995,1.983374351499645e-4,1.3276866707266106,2.781819323442242e-4
TUR.39.3_1,Isparta,Eğirdir,main,2048,0.0022058786478218653,2.1649313093341505e-4,1.4492357114231684,2.781819323442242e-4
TUR.39.3_1,Isparta,Eğirdir,main,2049,0.0020373263300343387,2.0023634438104398e-4,1.3403994134586765,2.781819323442242e-4
TUR.39.3_1,Isparta,Eğirdir,main,2050,0.0020749120924690276,2.0393004239871448e-4,1.36512790777173,2.781819323442242e-4
TUR.39.3_1,Isparta,Eğirdir,main,2051,0.002027191044869946,1.9924030843287976e-4,1.33373118814874,2.781819323442242e-4
TUR.39.3_1,Isparta,Eğirdir,main,2052,0.002042707697009832,2.0048053260601773e-4,1.3420341969740086,2.781819323442242e-4
TUR.39.3_1,Isparta,Eğirdir,main,2053,0.0022861885901765675,2.2469274575909193e-4,1.5041313577260746,2.781819323442242e-4
TUR.39.3_1,Isparta,Eğirdir,main,2054,0.0021059320776913317,2.0697848585626843e-4,1.3855366348523184,2.781819323442242e-4
TUR.39.3_1,Isparta,Eğirdir,main,2055,0.002224305300108194,2.1861135490486294e-4,1.4634169769579046,2.781819323442242e-4
TUR.39.3_1,Isparta,Eğirdir,main,2056,0.0022364263919037904,2.1949087105144205e-4,1.469305245211331,2.781819323442242e-4
TUR.39.3_1,Isparta,Eğirdir,main,2057,0.002303668208315668,2.2641049501237465e-4,1.5156315845601835,2.781819323442242e-4
TUR.39.3_1,Isparta,Eğirdir,main,2058,0.002183111768099439,2.145631661673031e-4,1.436314846178837,2.781819323442242e-4
TUR.39.3_1,Isparta,Eğirdir,main,2059,0.002192075714852459,2.154440764462473e-4,1.4422124237858518,2.781819323442242e-4
TUR.39.3_1,Isparta,Eğirdir,main,2060,0.0021979822154264902,2.157182292981119e-4,1.4440478418841924,2.781819323442242e-4
TUR.39.3_1,Isparta,Eğirdir,main,2061,0.0022410853491593072,2.2026036650280023e-4,1.474456940745894,2.781819323442242e-4
TUR.39.3_1,Isparta,Eğirdir,main,2062,0.0024138174262222593,2.3723496202487926e-4,1.5881011946053998,2.781819323442242e-4
TUR.39.3_1,Isparta,Eğirdir,main,2063,0.0022805925217745764,2.2414281079286003e-4,1.5004495808328584,2.781819323442242e-4
TUR.39.3_1,Isparta,Eğirdir,main,2064,0.0023836882451559183,2.339419844277213e-4,1.5660546850804258,2.781819323442242e-4
TUR.39.3_1,Isparta,Eğirdir,main,2065,0.002255844614474041,2.2171078907806674e-4,1.4841673867033136,2.781819323442242e-4
TUR.39.3_1,Isparta,Eğirdir,main,2066,0.0023314537079627434,2.2914101319049252e-4,1.5339122790175967,2.781819323442242e-4
TUR.39.3_1,Isparta,Eğirdir,main,2067,0.002351951365109402,2.311553405682787e-4,1.5473981412880313,2.781819323442242e-4
TUR.39.3_1,Isparta,Eğirdir,main,2068,0.002366608182477092,2.3226589289504496e-4,1.5548332681313697,2.781819323442242e-4
TUR.39.3_1,Isparta,Eğirdir,main,2069,0.0022619456554422933,2.223103499836565e-4,1.4881813960839514,2.781819323442242e-4
TUR.39.3_1,Isparta,Eğirdir,main,2070,0.002447244741243606,2.4051987246220818e-4,1.6100937679005116,2.781819323442242e-4
TUR.39.3_1,Isparta,Eğirdir,main,2071,0.002370631806066335,2.3299108457175421e-4,1.5596884172211012,2.781819323442242e-4
TUR.39.3_1,Isparta,Eğirdir,main,2072,0.0023305120003818563,2.2872371250670653e-4,1.5311184667097018,2.781819323442242e-4
TUR.39.3_1,Isparta,Eğirdir,main,2073,0.0025239919207473344,2.480617957583142e-4,1.6605874467444472,2.781819323442242e-4
TUR.39.3_1,Isparta,Eğirdir,main,2074,0.002320132805230102,2.2802849385195056e-4,1.5264640067436615,2.781819323442242e-4
TUR.39.3_1,Isparta,Eğirdir,main,2075,0.0025823660948393295,2.537981709933579e-4,1.6989931199601758,2.781819323442242e-4
TUR.40.25_1,Istanbul,Kartal,high,2024,5.652913943377249,0.4258462451656463,1,3.858537867424856e-4
TUR.40.25_1,Istanbul,Kartal,high,2025,6.792011589346038,0.4870680637431235,1.203212843421189,3.858537867424856e-4
TUR.40.25_1,Istanbul,Kartal,high,2026,6.567163672161155,0.475605482052916,1.1633806969029414,3.858537867424856e-4
TUR.40.25_1,Istanbul,Kartal,high,2027,6.717402691189024,0.4832926061026006,1.1899957644146502,3.858537867424856e-4
TUR.40.25_1,Istanbul,Kartal,high,2028,6.515847658453692,0.4724748540088596,1.1526531804568647,3.858537867424856e-4
TUR.40.25_1,Istanbul,Kartal,high,2029,7.389947971974637,0.5163460053159503,1.3091381969341958,3.858537867424856e-4
TUR.40.25_1,Istanbul,Kartal,high,2030,7.178294544514542,0.5061785730769195,1.271643461350961,3.858537867424856e-4
TUR.40.25_1,Istanbul,Kartal,high,2031,7.001051635936983,0.4974999026731386,1.2402446064479842,3.858537867424856e-4
TUR.40.25_1,Istanbul,Kartal,high,2032,7.402916540811246,0.5164634671547252,1.3095759548210726,3.858537867424856e-4
TUR.40.25_1,Istanbul,Kartal,high,2033,7.13730031697458,0.5041847174188717,1.2643812703619135,3.858537867424856e-4
TUR.40.25_1,Istanbul,Kartal,high,2034,6.865115868617734,0.4907406238754074,1.2161633774688125,3.858537867424856e-4
TUR.40.25_1,Istanbul,Kartal,high,2035,6.6897896104640395,0.48188825776061617,1.1851040655660257,3.858537867424856e-4
TUR.40.25_1,Istanbul,Kartal,high,2036,6.885516516235573,0.49127279464526186,1.2180477123792561,3.858537867424856e-4
TUR.40.25_1,Istanbul,Kartal,high,2037,6.978845087221899,0.49640186540922293,1.236310682271279,3.858537867424856e-4
TUR.40.25_1,Istanbul,Kartal,high,2038,7.197360984563571,0.5071031827701723,1.2750211108490248,3.858537867424856e-4
TUR.40.25_1,Istanbul,Kartal,high,2039,7.449334966621729,0.5191610479028916,1.319658696687297,3.858537867424856e-4
TUR.40.25_1,Istanbul,Kartal,high,2040,6.8183983494049105,0.4879102666624482,1.206174487519587,3.858537867424856e-4
TUR.40.25_1,Istanbul,Kartal,high,2041,7.163840173280559,0.5054764657863331,1.2690828470528472,3.858537867424856e-4
TUR.40.25_1,Istanbul,Kartal,high,2042,7.933483037790403,0.5415076174677906,1.4054263040490425,3.858537867424856e-4
TUR.40.25_1,Istanbul,Kartal,high,2043,7.564049977678855,0.5245524222394946,1.339980642797454,3.858537867424856e-4
TUR.40.25_1,Istanbul,Kartal,high,2044,8.281740520750592,0.5564251844422347,1.465040280265467,3.858537867424856e-4
TUR.40.25_1,Istanbul,Kartal,high,2045,8.151211591741726,0.5512157199234267,1.4439972741887057,3.858537867424856e-4
TUR.40.25_1,Istanbul,Kartal,high,2046,7.359188840355907,0.5148814986971884,1.3036891684156995,3.858537867424856e-4
TUR.40.25_1,Istanbul,Kartal,high,2047,7.494651942886277,0.521298121430183,1.3276866707266106,3.858537867424856e-4
TUR.40.25_1,Istanbul,Kartal,high,2048,8.192398924422804,0.552518253619153,1.4492357114231684,3.858537867424856e-4
TUR.40.25_1,Istanbul,Kartal,high,2049,7.566413889127177,0.5246628832934352,1.3403994134586765,3.858537867424856e-4
TUR.40.25_1,Istanbul,Kartal,high,2050,7.706003339777528,0.5311403337504865,1.36512790777173,3.858537867424856e-4
TUR.40.25_1,Istanbul,Kartal,high,2051,7.5287725373773124,0.5229009218293859,1.33373118814874,3.858537867424856e-4
TUR.40.25_1,Istanbul,Kartal,high,2052,7.5863997099360905,0.5250938520247725,1.3420341969740086,3.858537867424856e-4
TUR.40.25_1,Istanbul,Kartal,high,2053,8.490661311159622,0.5659427014910517,1.5041313577260746,3.858537867424856e-4
TUR.40.25_1,Istanbul,Kartal,high,2054,7.8212082028304195,0.5364197127916639,1.3855366348523184,3.858537867424856e-4
TUR.40.25_1,Istanbul,Kartal,high,2055,8.260833501463322,0.5560254765532406,1.4634169769579046,3.858537867424856e-4
TUR.40.25_1,Istanbul,Kartal,high,2056,8.30584992661572,0.5574736378678491,1.469305245211331,3.858537867424856e-4
TUR.40.25_1,Istanbul,Kartal,high,2057,8.55557871083485,0.5687035914614271,1.5156315845601835,3.858537867424856e-4
TUR.40.25_1,Istanbul,Kartal,high,2058,8.107845198451791,0.54929862911522,1.436314846178837,3.858537867424856e-4
TUR.40.25_1,Istanbul,Kartal,high,2059,8.141136323367318,0.5507710526984104,1.4422124237858518,3.858537867424856e-4
TUR.40.25_1,Istanbul,Kartal,high,2060,8.16307243247133,0.551228311651403,1.4440478418841924,3.858537867424856e-4
TUR.40.25_1,Istanbul,Kartal,high,2061,8.323152779562307,0.5587367716032063,1.474456940745894,3.858537867424856e-4
TUR.40.25_1,Istanbul,Kartal,high,2062,8.964660903218828,0.5857020653271914,1.5881011946053998,3.858537867424856e-4
TUR.40.25_1,Istanbul,Kartal,high,2063,8.469878122206058,0.5650550781379017,1.5004495808328584,3.858537867424856e-4
TUR.40.25_1,Istanbul,Kartal,high,2064,8.852764419076578,0.5806029831501097,1.5660546850804258,3.858537867424856e-4
TUR.40.25_1,Istanbul,Kartal,high,2065,8.377967086337506,0.5611078614764516,1.4841673867033136,3.858537867424856e-4
TUR.40.25_1,Istanbul,Kartal,high,2066,8.658771030994522,0.5730561870380637,1.5339122790175967,3.858537867424856e-4
TUR.40.25_1,Istanbul,Kartal,high,2067,8.734897096867675,0.5762389629867328,1.5473981412880313,3.858537867424856e-4
TUR.40.25_1,Istanbul,Kartal,high,2068,8.78933092808774,0.5779835568185561,1.5548332681313697,3.858537867424856e-4
TUR.40.25_1,Istanbul,Kartal,high,2069,8.400625688986606,0.5620842736366428,1.4881813960839514,3.858537867424856e-4
TUR.40.25_1,Istanbul,Kartal,high,2070,9.088806303526626,0.5907269037907725,1.6100937679005116,3.858537867424856e-4
TUR.40.25_1,Istanbul,Kartal,high,2071,8.804274219050093,0.5791189009961042,1.5596884172211012,3.858537867424856e-4
TUR.40.25_1,Istanbul,Kartal,high,2072,8.655273640007692,0.5723938407971992,1.5311184667097018,3.858537867424856e-4
TUR.40.25_1,Istanbul,Kartal,high,2073,9.373836944068124,0.6020342578151843,1.6605874467444472,3.858537867424856e-4
TUR.40.25_1,Istanbul,Kartal,high,2074,8.616726431021256,0.5712880966569813,1.5264640067436615,3.858537867424856e-4
TUR.40.25_1,Istanbul,Kartal,high,2075,9.590632241024792,0.6104250358410488,1.6989931199601758,3.858537867424856e-4
TUR.40.25_1,Istanbul,Kartal,low,2024,2.8481975961781383,0.24388588104219466,1,1.9441070114292855e-4
TUR.40.25_1,Istanbul,Kartal,low,2025,3.4221278385639065,0.28564389411715363,1.203212843421189,1.9441070114292855e-4
TUR.40.25_1,Istanbul,Kartal,low,2026,3.3088390123460205,0.27764466866574666,1.1633806969029414,1.9441070114292855e-4
TUR.40.25_1,Istanbul,Kartal,low,2027,3.384536408838321,0.2829994645415408,1.1899957644146502,1.9441070114292855e-4
TUR.40.25_1,Istanbul,Kartal,low,2028,3.282983617280075,0.27547506382174936,1.1526531804568647,1.9441070114292855e-4
TUR.40.25_1,Istanbul,Kartal,low,2029,3.7233960006247533,0.3064878108924204,1.3091381969341958,1.9441070114292855e-4
TUR.40.25_1,Istanbul,Kartal,low,2030,3.616755153187204,0.2991800953531659,1.271643461350961,1.9441070114292855e-4
TUR.40.25_1,Istanbul,Kartal,low,2031,3.527451931622729,0.2930012567702287,1.2402446064479842,1.9441070114292855e-4
TUR.40.25_1,Istanbul,Kartal,low,2032,3.7299301638239752,0.3065726782229571,1.3095759548210726,1.9441070114292855e-4
TUR.40.25_1,Istanbul,Kartal,low,2033,3.596100354095847,0.29775581943093143,1.2643812703619135,1.9441070114292855e-4
TUR.40.25_1,Istanbul,Kartal,low,2034,3.4589611720418927,0.2882255338668994,1.2161633774688125,1.9441070114292855e-4
TUR.40.25_1,Istanbul,Kartal,low,2035,3.3706236557503835,0.28201826950487463,1.1851040655660257,1.9441070114292855e-4
TUR.40.25_1,Istanbul,Kartal,low,2036,3.4692399619309255,0.28860039054448505,1.2180477123792561,1.9441070114292855e-4
TUR.40.25_1,Istanbul,Kartal,low,2037,3.5162632397676834,0.29222328724492963,1.236310682271279,1.9441070114292855e-4
TUR.40.25_1,Istanbul,Kartal,low,2038,3.6263617127905596,0.2998415423910046,1.2750211108490248,1.9441070114292855e-4
TUR.40.25_1,Istanbul,Kartal,low,2039,3.753317933622102,0.3085245295207646,1.319658696687297,1.9441070114292855e-4
TUR.40.25_1,Istanbul,Kartal,low,2040,3.4354227100552897,0.28623511123620715,1.206174487519587,1.9441070114292855e-4
TUR.40.25_1,Istanbul,Kartal,low,2041,3.609472368416297,0.29867823238307145,1.2690828470528472,1.9441070114292855e-4
TUR.40.25_1,Istanbul,Kartal,low,2042,3.997254292512291,0.32490713165498497,1.4054263040490425,1.9441070114292855e-4
TUR.40.25_1,Istanbul,Kartal,low,2043,3.811116698861098,0.31244184048882273,1.339980642797454,1.9441070114292855e-4
TUR.40.25_1,Istanbul,Kartal,low,2044,4.172722654038528,0.3360648830765186,1.465040280265467,1.9441070114292855e-4
TUR.40.25_1,Istanbul,Kartal,low,2045,4.106956094467466,0.33214755035661736,1.4439972741887057,1.9441070114292855e-4
TUR.40.25_1,Istanbul,Kartal,low,2046,3.707898118086345,0.3054305477557595,1.3036891684156995,1.9441070114292855e-4
TUR.40.25_1,Istanbul,Kartal,low,2047,3.7761507366183036,0.3100746824503521,1.3276866707266106,1.9441070114292855e-4
TUR.40.25_1,Istanbul,Kartal,low,2048,4.1277081880020505,0.33312488496460746,1.4492357114231684,1.9441070114292855e-4
TUR.40.25_1,Istanbul,Kartal,low,2049,3.8123077473595424,0.31252232999427054,1.3403994134586765,1.9441070114292855e-4
TUR.40.25_1,Istanbul,Kartal,low,2050,3.8826394161926814,0.31725858420197806,1.36512790777173,1.9441070114292855e-4
TUR.40.25_1,Istanbul,Kartal,low,2051,3.793342281113501,0.3112395482212369,1.33373118814874,1.9441070114292855e-4
TUR.40.25_1,Istanbul,Kartal,low,2052,3.82237752921675,0.3128364522222439,1.3420341969740086,1.9441070114292855e-4
TUR.40.25_1,Istanbul,Kartal,low,2053,4.277986710888813,0.34328112894954566,1.5041313577260746,1.9441070114292855e-4
TUR.40.25_1,Istanbul,Kartal,low,2054,3.9406849957221013,0.3211428849308472,1.3855366348523184,1.9441070114292855e-4
TUR.40.25_1,Istanbul,Kartal,low,2055,4.1621887287364565,0.3357635111340457,1.4634169769579046,1.9441070114292855e-4
TUR.40.25_1,Istanbul,Kartal,low,2056,4.184870098306105,0.33685603737218683,1.469305245211331,1.9441070114292855e-4
TUR.40.25_1,Istanbul,Kartal,low,2057,4.310695129535061,0.3453891109097019,1.5156315845601835,1.9441070114292855e-4
TUR.40.25_1,Istanbul,Kartal,low,2058,4.085106081982727,0.33071164947589504,1.436314846178837,1.9441070114292855e-4
TUR.40.25_1,Istanbul,Kartal,low,2059,4.10187970409111,0.3318142239765822,1.4422124237858518,1.9441070114292855e-4
TUR.40.25_1,Istanbul,Kartal,low,2060,4.112932132778201,0.33215699160383305,1.4440478418841924,1.9441070114292855e-4
TUR.40.25_1,Istanbul,Kartal,low,2061,4.1935880902341305,0.33781042382312343,1.474456940745894,1.9441070114292855e-4
TUR.40.25_1,Istanbul,Kartal,low,2062,4.516809862095004,0.35851794396509284,1.5881011946053998,1.9441070114292855e-4
TUR.40.25_1,Istanbul,Kartal,low,2063,4.26751516963722,0.3426048288920349,1.5004495808328584,1.9441070114292855e-4
TUR.40.25_1,Istanbul,Kartal,low,2064,4.460431172267941,0.35455203913447075,1.5660546850804258,1.9441070114292855e-4
TUR.40.25_1,Istanbul,Kartal,low,2065,4.2212060972575545,0.3396056167107361,1.4841673867033136,1.9441070114292855e-4
TUR.40.25_1,Istanbul,Kartal,low,2066,4.36268824228135,0.3487260290975459,1.5339122790175967,1.9441070114292855e-4
TUR.40.25_1,Istanbul,Kartal,low,2067,4.40104411242739,0.35117680124934914,1.5473981412880313,1.9441070114292855e-4
TUR.40.25_1,Istanbul,Kartal,low,2068,4.428470413556074,0.35252403320266545,1.5548332681313697,1.9441070114292855e-4
TUR.40.25_1,Istanbul,Kartal,low,2069,4.232622559422896,0.3403462735788906,1.4881813960839514,1.9441070114292855e-4
TUR.40.25_1,Istanbul,Kartal,low,2070,4.579360122903795,0.36244986719597605,1.6100937679005116,1.9441070114292855e-4
TUR.40.25_1,Istanbul,Kartal,low,2071,4.435999549990952,0.3534022675606785,1.5596884172211012,1.9441070114292855e-4
TUR.40.25_1,Istanbul,Kartal,low,2072,4.360926085842797,0.3482171560223003,1.5311184667097018,1.9441070114292855e-4
TUR.40.25_1,Istanbul,Kartal,low,2073,4.7229719034428115,0.37138638916462474,1.6605874467444472,1.9441070114292855e-4
TUR.40.25_1,Istanbul,Kartal,low,2074,4.341504208077327,0.34736849602225095,1.5264640067436615,1.9441070114292855e-4
TUR.40.25_1,Istanbul,Kartal,low,2075,4.832203530732522,0.3780995739456964,1.6989931199601758,1.9441070114292855e-4
TUR.40.25_1,Istanbul,Kartal,main,2024,4.075479557195879,0.3296973937861305,1,2.781819323442242e-4
TUR.40.25_1,Istanbul,Kartal,main,2025,4.896714712253112,0.3820305955633435,1.203212843421189,2.781819323442242e-4
TUR.40.25_1,Istanbul,Kartal,main,2026,4.734610061092329,0.3721050854940273,1.1633806969029414,2.781819323442242e-4
TUR.40.25_1,Istanbul,Kartal,main,2027,4.842925245698241,0.3787546354522874,1.1899957644146502,2.781819323442242e-4
TUR.40.25_1,Istanbul,Kartal,main,2028,4.6976136538336934,0.3694048234457191,1.1526531804568647,2.781819323442242e-4
TUR.40.25_1,Istanbul,Kartal,main,2029,5.327798425747504,0.40766868930114686,1.3091381969341958,2.781819323442242e-4
TUR.40.25_1,Istanbul,Kartal,main,2030,5.175206359252338,0.39871744382562146,1.271643461350961,2.781819323442242e-4
TUR.40.25_1,Istanbul,Kartal,main,2031,5.04742264636017,0.39111750320098526,1.2402446064479842,2.781819323442242e-4
TUR.40.25_1,Istanbul,Kartal,main,2032,5.337148143729218,0.40777240586448926,1.3095759548210726,2.781819323442242e-4
TUR.40.25_1,Istanbul,Kartal,main,2033,5.145651469379384,0.39696814210606657,1.2643812703619135,2.781819323442242e-4
TUR.40.25_1,Istanbul,Kartal,main,2034,4.949419421092182,0.3852237338846982,1.2161633774688125,2.781819323442242e-4
TUR.40.25_1,Istanbul,Kartal,main,2035,4.823017527897003,0.3775377900225524,1.1851040655660257,2.781819323442242e-4
TUR.40.25_1,Istanbul,Kartal,main,2036,4.96412731406922,0.38568696640100486,1.2180477123792561,2.781819323442242e-4
TUR.40.25_1,Istanbul,Kartal,main,2037,5.031412780337872,0.390158569140725,1.236310682271279,2.781819323442242e-4
TUR.40.25_1,Istanbul,Kartal,main,2038,5.188952356673711,0.3995293153192603,1.2750211108490248,2.781819323442242e-4
TUR.40.25_1,Istanbul,Kartal,main,2039,5.370613628707586,0.4101562572662911,1.319658696687297,2.781819323442242e-4
TUR.40.25_1,Istanbul,Kartal,main,2040,4.915738307754718,0.38276229066706513,1.206174487519587,2.781819323442242e-4
TUR.40.25_1,Istanbul,Kartal,main,2041,5.164785444515937,0.3981012282282079,1.2690828470528472,2.781819323442242e-4
TUR.40.25_1,Istanbul,Kartal,main,2042,5.719661410560617,0.4300501056818046,1.4054263040490425,2.781819323442242e-4
TUR.40.25_1,Istanbul,Kartal,main,2043,5.453317705062725,0.41493183181958004,1.339980642797454,2.781819323442242e-4
TUR.40.25_1,Istanbul,Kartal,main,2044,5.970738538444787,0.4434809723566394,1.465040280265467,2.781819323442242e-4
TUR.40.25_1,Istanbul,Kartal,main,2045,5.876633373134578,0.43877657216998545,1.4439972741887057,2.781819323442242e-4
TUR.40.25_1,Istanbul,Kartal,main,2046,5.305622552918309,0.40637614743388983,1.3036891684156995,2.781819323442242e-4
TUR.40.25_1,Istanbul,Kartal,main,2047,5.403285016623978,0.412047438705205,1.3276866707266106,2.781819323442242e-4
TUR.40.25_1,Istanbul,Kartal,main,2048,5.906327482281921,0.4399513882548376,1.4492357114231684,2.781819323442242e-4
TUR.40.25_1,Istanbul,Kartal,main,2049,5.455021972917755,0.41502983354938416,1.3403994134586765,2.781819323442242e-4
TUR.40.25_1,Istanbul,Kartal,main,2050,5.555659341083825,0.42078784505241595,1.36512790777173,2.781819323442242e-4
TUR.40.25_1,Istanbul,Kartal,main,2051,5.427884345303323,0.4134673669195904,1.33373118814874,2.781819323442242e-4
TUR.40.25_1,Istanbul,Kartal,main,2052,5.469430796218614,0.4154122524676154,1.3420341969740086,2.781819323442242e-4
TUR.40.25_1,Istanbul,Kartal,main,2053,6.121360535028691,0.45211580100199356,1.5041313577260746,2.781819323442242e-4
TUR.40.25_1,Istanbul,Kartal,main,2054,5.638716580610299,0.42549728614772575,1.3855366348523184,2.781819323442242e-4
TUR.40.25_1,Istanbul,Kartal,main,2055,5.955665573891203,0.4431194726169153,1.4634169769579046,2.781819323442242e-4
TUR.40.25_1,Istanbul,Kartal,main,2056,5.9881202774435875,0.4444296361830137,1.469305245211331,2.781819323442242e-4
TUR.40.25_1,Istanbul,Kartal,main,2057,6.168162905184776,0.45463048744418,1.5156315845601835,2.781819323442242e-4
TUR.40.25_1,Istanbul,Kartal,main,2058,5.8453682597412095,0.43704918736641374,1.436314846178837,2.781819323442242e-4
TUR.40.25_1,Istanbul,Kartal,main,2059,5.8693695823476695,0.4383757239470617,1.4422124237858518,2.781819323442242e-4
TUR.40.25_1,Istanbul,Kartal,main,2060,5.885184471665793,0.438787924679615,1.4440478418841924,2.781819323442242e-4
TUR.40.25_1,Istanbul,Kartal,main,2061,6.000594820095427,0.4455733809327834,1.474456940745894,2.781819323442242e-4
TUR.40.25_1,Istanbul,Kartal,main,2062,6.4630918005326485,0.4702135982067559,1.5881011946053998,2.781819323442242e-4
TUR.40.25_1,Istanbul,Kartal,main,2063,6.106376840151348,0.4513082808949064,1.5004495808328584,2.781819323442242e-4
TUR.40.25_1,Istanbul,Kartal,main,2064,6.382419724429779,0.4655206660170923,1.5660546850804258,2.781819323442242e-4
TUR.40.25_1,Istanbul,Kartal,main,2065,6.040113337776706,0.44772283067641483,1.4841673867033136,2.781819323442242e-4
TUR.40.25_1,Istanbul,Kartal,main,2066,6.242559681424711,0.4586040842225787,1.5339122790175967,2.781819323442242e-4
TUR.40.25_1,Istanbul,Kartal,main,2067,6.297442970606211,0.4615168796666813,1.5473981412880313,2.781819323442242e-4
TUR.40.25_1,Istanbul,Kartal,main,2068,6.3366871798500215,0.4631160767238297,1.5548332681313697,2.781819323442242e-4
TUR.40.25_1,Istanbul,Kartal,main,2069,6.05644911670856,0.4486089130645129,1.4881813960839514,2.781819323442242e-4
TUR.40.25_1,Istanbul,Kartal,main,2070,6.552594760980822,0.47485399408419404,1.6100937679005116,2.781819323442242e-4
TUR.40.25_1,Istanbul,Kartal,main,2071,6.347460591436815,0.4641577906893277,1.5596884172211012,2.781819323442242e-4
TUR.40.25_1,Istanbul,Kartal,main,2072,6.240038222063944,0.4579986846380041,1.5311184667097018,2.781819323442242e-4
TUR.40.25_1,Istanbul,Kartal,main,2073,6.758088375028036,0.4853548687518934,1.6605874467444472,2.781819323442242e-4
TUR.40.25_1,Istanbul,Kartal,main,2074,6.212247515793994,0.4569885919506207,1.5264640067436615,2.781819323442242e-4
TUR.40.25_1,Istanbul,Kartal,main,2075,6.9143875390983265,0.49320105308481266,1.6989931199601758,2.781819323442242e-4
TUR.59.4_1,Mugla,Fethiye,high,2024,1.747885440021783,0.15765241963815413,1,3.858537867424856e-4
TUR.59.4_1,Mugla,Fethiye,high,2025,2.1000953286022614,0.18651369981471133,1.203212843421189,3.858537867424856e-4
TUR.59.4_1,Mugla,Fethiye,high,2026,2.030572175657909,0.18093554890554808,1.1633806969029414,3.858537867424856e-4
TUR.59.4_1,Mugla,Fethiye,high,2027,2.077026198576411,0.18466698539566906,1.1899957644146502,3.858537867424856e-4
TUR.59.4_1,Mugla,Fethiye,high,2028,2.0147052238348913,0.17942672502097767,1.1526531804568647,3.858537867424856e-4
TUR.59.4_1,Mugla,Fethiye,high,2029,2.284977728674927,0.20116349035385683,1.3091381969341958,3.858537867424856e-4
TUR.59.4_1,Mugla,Fethiye,high,2030,2.2195343223372768,0.19600827060038295,1.271643461350961,3.858537867424856e-4
TUR.59.4_1,Mugla,Fethiye,high,2031,2.1647306755184927,0.19166559788391546,1.2402446064479842,3.858537867424856e-4
TUR.59.4_1,Mugla,Fethiye,high,2032,2.2889876203652095,0.20122348285193226,1.3095759548210726,3.858537867424856e-4
TUR.59.4_1,Mugla,Fethiye,high,2033,2.206858874920288,0.1950059394002408,1.2643812703619135,3.858537867424856e-4
TUR.59.4_1,Mugla,Fethiye,high,2034,2.1226992292846667,0.18831911485107355,1.2161633774688125,3.858537867424856e-4
TUR.59.4_1,Mugla,Fethiye,high,2035,2.068488212285307,0.18398244587709456,1.1851040655660257,3.858537867424856e-4
TUR.59.4_1,Mugla,Fethiye,high,2036,2.129007125583002,0.18858147309185436,1.2180477123792561,3.858537867424856e-4
TUR.59.4_1,Mugla,Fethiye,high,2037,2.1578643931796813,0.19111985877436632,1.236310682271279,3.858537867424856e-4
TUR.59.4_1,Mugla,Fethiye,high,2038,2.225429680605341,0.19647403013350306,1.2750211108490248,3.858537867424856e-4
TUR.59.4_1,Mugla,Fethiye,high,2039,2.303340234156178,0.20260402518614784,1.319658696687297,3.858537867424856e-4
TUR.59.4_1,Mugla,Fethiye,high,2040,2.108254135578314,0.18692693214662826,1.206174487519587,3.858537867424856e-4
TUR.59.4_1,Mugla,Fethiye,high,2041,2.21506501937643,0.1956549958745235,1.2690828470528472,3.858537867424856e-4
TUR.59.4_1,Mugla,Fethiye,high,2042,2.453039198776323,0.21425138096795182,1.4054263040490425,3.858537867424856e-4
TUR.59.4_1,Mugla,Fethiye,high,2043,2.338810205853447,0.20537928608442457,1.339980642797454,3.858537867424856e-4
TUR.59.4_1,Mugla,Fethiye,high,2044,2.560720686579246,0.22224666566853069,1.465040280265467,3.858537867424856e-4
TUR.59.4_1,Mugla,Fethiye,high,2045,2.520361039006063,0.2194337610373116,1.4439972741887057,3.858537867424856e-4
TUR.59.4_1,Mugla,Fethiye,high,2046,2.2754669809715984,0.20041635140660685,1.3036891684156995,3.858537867424856e-4
TUR.59.4_1,Mugla,Fethiye,high,2047,2.3173522788807244,0.20370151957015648,1.3276866707266106,3.858537867424856e-4
TUR.59.4_1,Mugla,Fethiye,high,2048,2.533096194684654,0.22013495399958039,1.4492357114231684,3.858537867424856e-4
TUR.59.4_1,Mugla,Fethiye,high,2049,2.339541129133619,0.2054363736955449,1.3403994134586765,3.858537867424856e-4
TUR.59.4_1,Mugla,Fethiye,high,2050,2.3827022971287963,0.20880014721747042,1.36512790777173,3.858537867424856e-4
TUR.59.4_1,Mugla,Fethiye,high,2051,2.327902393549574,0.20452686109674934,1.33373118814874,3.858537867424856e-4
TUR.59.4_1,Mugla,Fethiye,high,2052,2.3457207606561736,0.20565919122581466,1.3420341969740086,3.858537867424856e-4
TUR.59.4_1,Mugla,Fethiye,high,2053,2.6253191593901763,0.22744525076198974,1.5041313577260746,3.858537867424856e-4
TUR.59.4_1,Mugla,Fethiye,high,2054,2.41832373144866,0.21156558126329672,1.3855366348523184,3.858537867424856e-4
TUR.59.4_1,Mugla,Fethiye,high,2055,2.5542562197622183,0.22203003337950067,1.4634169769579046,3.858537867424856e-4
TUR.59.4_1,Mugla,Fethiye,high,2056,2.56817533384636,0.22281554430096706,1.469305245211331,3.858537867424856e-4
TUR.59.4_1,Mugla,Fethiye,high,2057,2.645391670458444,0.22896800005192475,1.5156315845601835,3.858537867424856e-4
TUR.59.4_1,Mugla,Fethiye,high,2058,2.5069521160723367,0.21840428631674547,1.436314846178837,3.858537867424856e-4
TUR.59.4_1,Mugla,Fethiye,high,2059,2.517245758095663,0.2191947052475698,1.4422124237858518,3.858537867424856e-4
TUR.59.4_1,Mugla,Fethiye,high,2060,2.5240284202938996,0.2194405328082526,1.4440478418841924,3.858537867424856e-4
TUR.59.4_1,Mugla,Fethiye,high,2061,2.573525389594442,0.2235021438783361,1.474456940745894,3.858537867424856e-4
TUR.59.4_1,Mugla,Fethiye,high,2062,2.771880206283025,0.2384949166185174,1.5881011946053998,3.858537867424856e-4
TUR.59.4_1,Mugla,Fethiye,high,2063,2.6188929810097825,0.2269571100764869,1.5004495808328584,3.858537867424856e-4
TUR.59.4_1,Mugla,Fethiye,high,2064,2.7372817253259596,0.2356091896896353,1.5660546850804258,3.858537867424856e-4
TUR.59.4_1,Mugla,Fethiye,high,2065,2.5904740163870907,0.22479466862610642,1.4841673867033136,3.858537867424856e-4
TUR.59.4_1,Mugla,Fethiye,high,2066,2.6772988170620944,0.23138237830219255,1.5339122790175967,3.858537867424856e-4
TUR.59.4_1,Mugla,Fethiye,high,2067,2.7008370565397555,0.23315864347317794,1.5473981412880313,3.858537867424856e-4
TUR.59.4_1,Mugla,Fethiye,high,2068,2.717668039991329,0.2341361912310722,1.5548332681313697,3.858537867424856e-4
TUR.59.4_1,Mugla,Fethiye,high,2069,2.597480074158056,0.22532833117870865,1.4881813960839514,3.858537867424856e-4
TUR.59.4_1,Mugla,Fethiye,high,2070,2.810266061758128,0.24136272920723534,1.6100937679005116,3.858537867424856e-4
TUR.59.4_1,Mugla,Fethiye,high,2071,2.7222885173169584,0.23477385873212608,1.5596884172211012,3.858537867424856e-4
TUR.59.4_1,Mugla,Fethiye,high,2072,2.6762174210165903,0.2310138823622292,1.5311184667097018,3.858537867424856e-4
TUR.59.4_1,Mugla,Fethiye,high,2073,2.898397760126939,0.24790626323774023,1.6605874467444472,3.858537867424856e-4
TUR.59.4_1,Mugla,Fethiye,high,2074,2.664298593662106,0.23039957986779935,1.5264640067436615,3.858537867424856e-4
TUR.59.4_1,Mugla,Fethiye,high,2075,2.9654310365594774,0.25284548160151554,1.6989931199601758,3.858537867424856e-4
TUR.59.4_1,Mugla,Fethiye,low,2024,0.8806649382124833,0.082810419544743,1,1.9441070114292855e-4
TUR.59.4_1,Mugla,Fethiye,low,2025,1.0581246208297161,0.098781020749245,1.203212843421189,1.9441070114292855e-4
TUR.59.4_1,Mugla,Fethiye,low,2026,1.023095626607119,0.09567265816910797,1.1633806969029414,1.9441070114292855e-4
TUR.59.4_1,Mugla,Fethiye,low,2027,1.0465013211748664,0.097750791984205,1.1899957644146502,1.9441070114292855e-4
TUR.59.4_1,Mugla,Fethiye,low,2028,1.0151011181050527,0.09483368900837319,1.1526531804568647,1.9441070114292855e-4
TUR.59.4_1,Mugla,Fethiye,low,2029,1.151276973630912,0.10699518165225097,1.3091381969341958,1.9441070114292855e-4
TUR.59.4_1,Mugla,Fethiye,low,2030,1.1183035396790206,0.10409618471288129,1.271643461350961,1.9441070114292855e-4
TUR.59.4_1,Mugla,Fethiye,low,2031,1.0906909132914462,0.10166126637627126,1.2402446064479842,1.9441070114292855e-4
TUR.59.4_1,Mugla,Fethiye,low,2032,1.1532973420343664,0.10702897250824916,1.3095759548210726,1.9441070114292855e-4
TUR.59.4_1,Mugla,Fethiye,low,2033,1.1119170595450616,0.10353360370396791,1.2643812703619135,1.9441070114292855e-4
TUR.59.4_1,Mugla,Fethiye,low,2034,1.069513516528202,0.0997893321435045,1.2161633774688125,1.9441070114292855e-4
TUR.59.4_1,Mugla,Fethiye,low,2035,1.0421994869710194,0.0973692012727494,1.1851040655660257,1.9441070114292855e-4
TUR.59.4_1,Mugla,Fethiye,low,2036,1.0726917264510916,0.09993594991351662,1.2180477123792561,1.9441070114292855e-4
TUR.59.4_1,Mugla,Fethiye,low,2037,1.0872313609645907,0.10135573229081518,1.236310682271279,1.9441070114292855e-4
TUR.59.4_1,Mugla,Fethiye,low,2038,1.1212738954685473,0.10435772118088804,1.2750211108490248,1.9441070114292855e-4
TUR.59.4_1,Mugla,Fethiye,low,2039,1.1605288588616514,0.10780691310477486,1.319658696687297,1.9441070114292855e-4
TUR.59.4_1,Mugla,Fethiye,low,2040,1.0622354055576482,0.09901170999402553,1.206174487519587,1.9441070114292855e-4
TUR.59.4_1,Mugla,Fethiye,low,2041,1.116051696896451,0.10389786160882908,1.2690828470528472,1.9441070114292855e-4
TUR.59.4_1,Mugla,Fethiye,low,2042,1.2359541730035046,0.11439702633540849,1.4054263040490425,1.9441070114292855e-4
TUR.59.4_1,Mugla,Fethiye,low,2043,1.1784002825600144,0.10937280726281029,1.339980642797454,1.9441070114292855e-4
TUR.59.4_1,Mugla,Fethiye,low,2044,1.290209128477487,0.11894887939306154,1.465040280265467,1.9441070114292855e-4
TUR.59.4_1,Mugla,Fethiye,low,2045,1.2698740565011555,0.11734480872828601,1.4439972741887057,1.9441070114292855e-4
TUR.59.4_1,Mugla,Fethiye,low,2046,1.1464850161535145,0.10657446002578552,1.3036891684156995,1.9441070114292855e-4
TUR.59.4_1,Mugla,Fethiye,low,2047,1.1675887795170337,0.10842583206697742,1.3276866707266106,1.9441070114292855e-4
TUR.59.4_1,Mugla,Fethiye,low,2048,1.2762906201535291,0.11774439822839744,1.4492357114231684,1.9441070114292855e-4
TUR.59.4_1,Mugla,Fethiye,low,2049,1.1787685556930645,0.10940504643793758,1.3403994134586765,1.9441070114292855e-4
TUR.59.4_1,Mugla,Fethiye,low,2050,1.2005151630458795,0.11130670899693584,1.36512790777173,1.9441070114292855e-4
TUR.59.4_1,Mugla,Fethiye,low,2051,1.1729044186043485,0.10889155251266314,1.33373118814874,1.9441070114292855e-4
TUR.59.4_1,Mugla,Fethiye,low,2052,1.1818821401680288,0.10953088954887691,1.3420341969740086,1.9441070114292855e-4
TUR.59.4_1,Mugla,Fethiye,low,2053,1.32275685769629,0.12192098845833377,1.5041313577260746,1.9441070114292855e-4
TUR.59.4_1,Mugla,Fethiye,low,2054,1.2184629019170794,0.11287311527157351,1.3855366348523184,1.9441070114292855e-4
TUR.59.4_1,Mugla,Fethiye,low,2055,1.2869520304840993,0.11882524172707198,1.4634169769579046,1.9441070114292855e-4
TUR.59.4_1,Mugla,Fethiye,low,2056,1.2939651278048159,0.11927363456821805,1.469305245211331,1.9441070114292855e-4
TUR.59.4_1,Mugla,Fethiye,low,2057,1.332870326482577,0.1227934447585749,1.5156315845601835,1.9441070114292855e-4
TUR.59.4_1,Mugla,Fethiye,low,2058,1.263118015445354,0.11675846354123753,1.436314846178837,1.9441070114292855e-4
TUR.59.4_1,Mugla,Fethiye,low,2059,1.2683044326017692,0.11720861848999176,1.4422124237858518,1.9441070114292855e-4
TUR.59.4_1,Mugla,Fethiye,low,2060,1.2717218522498566,0.1173486669096363,1.4440478418841924,1.9441070114292855e-4
TUR.59.4_1,Mugla,Fethiye,low,2061,1.2966607377698458,0.11966575009528135,1.474456940745894,1.9441070114292855e-4
TUR.59.4_1,Mugla,Fethiye,low,2062,1.396601163998259,0.12827139034831503,1.5881011946053998,1.9441070114292855e-4
TUR.59.4_1,Mugla,Fethiye,low,2063,1.3195190489004052,0.1216414898178817,1.5004495808328584,1.9441070114292855e-4
TUR.59.4_1,Mugla,Fethiye,low,2064,1.3791688287348367,0.12660853486835666,1.5660546850804258,1.9441070114292855e-4
TUR.59.4_1,Mugla,Fethiye,low,2065,1.3052002472763045,0.12040437519743263,1.4841673867033136,1.9441070114292855e-4
TUR.59.4_1,Mugla,Fethiye,low,2066,1.3489466378612636,0.12417851239359434,1.5339122790175967,1.9441070114292855e-4
TUR.59.4_1,Mugla,Fethiye,low,2067,1.360806303095717,0.12519888950960123,1.5473981412880313,1.9441070114292855e-4
TUR.59.4_1,Mugla,Fethiye,low,2068,1.3692865369886533,0.12576094299939145,1.5548332681313697,1.9441070114292855e-4
TUR.59.4_1,Mugla,Fethiye,low,2069,1.308730226362354,0.12070951976645872,1.4881813960839514,1.9441070114292855e-4
TUR.59.4_1,Mugla,Fethiye,low,2070,1.415941753866134,0.1299270233140527,1.6100937679005116,1.9441070114292855e-4
TUR.59.4_1,Mugla,Fethiye,low,2071,1.3716145518995966,0.12612776986978103,1.5596884172211012,1.9441070114292855e-4
TUR.59.4_1,Mugla,Fethiye,low,2072,1.3484017777036812,0.12396697616007457,1.5311184667097018,1.9441070114292855e-4
TUR.59.4_1,Mugla,Fethiye,low,2073,1.46034662942838,0.13371637304656414,1.6605874467444472,1.9441070114292855e-4
TUR.59.4_1,Mugla,Fethiye,low,2074,1.3423965178139707,0.12361444568963487,1.5264640067436615,1.9441070114292855e-4
TUR.59.4_1,Mugla,Fethiye,low,2075,1.4941211345494514,0.13658751195177,1.6989931199601758,1.9441070114292855e-4
TUR.59.4_1,Mugla,Fethiye,main,2024,1.2601414864053793,0.11634481921170214,1,2.781819323442242e-4
TUR.59.4_1,Mugla,Fethiye,main,2025,1.5140680426446196,0.1382787082736846,1.203212843421189,2.781819323442242e-4
TUR.59.4_1,Mugla,Fethiye,main,2026,1.4639451569326065,0.13402273435912637,1.1633806969029414,2.781819323442242e-4
TUR.59.4_1,Mugla,Fethiye,main,2027,1.4974362972546256,0.13686881744348678,1.1899957644146502,2.781819323442242e-4
TUR.59.4_1,Mugla,Fethiye,main,2028,1.4525058386928085,0.13287293513056841,1.1526531804568647,2.781819323442242e-4
TUR.59.4_1,Mugla,Fethiye,main,2029,1.647359466111295,0.14949509384468518,1.3091381969341958,2.781819323442242e-4
TUR.59.4_1,Mugla,Fethiye,main,2030,1.6001778790641035,0.14554158599242661,1.271643461350961,2.781819323442242e-4
TUR.59.4_1,Mugla,Fethiye,main,2031,1.560667054474634,0.14221670259825325,1.2402446064479842,2.781819323442242e-4
TUR.59.4_1,Mugla,Fethiye,main,2032,1.6502504062692809,0.14954114357691384,1.3095759548210726,2.781819323442242e-4
TUR.59.4_1,Mugla,Fethiye,main,2033,1.5910394838562822,0.1447737265528296,1.2643812703619135,2.781819323442242e-4
TUR.59.4_1,Mugla,Fethiye,main,2034,1.5303643800952056,0.13965793238638036,1.2161633774688125,2.781819323442242e-4
TUR.59.4_1,Mugla,Fethiye,main,2035,1.4912808152435095,0.1363464259959679,1.1851040655660257,2.781819323442242e-4
TUR.59.4_1,Mugla,Fethiye,main,2036,1.5349120721785214,0.13985842886769584,1.2180477123792561,2.781819323442242e-4
TUR.59.4_1,Mugla,Fethiye,main,2037,1.5557167913010967,0.1417992210053891,1.236310682271279,2.781819323442242e-4
TUR.59.4_1,Mugla,Fethiye,main,2038,1.604428152284615,0.14589848296027452,1.2750211108490248,2.781819323442242e-4
TUR.59.4_1,Mugla,Fethiye,main,2039,1.6605979605612555,0.15060110289488537,1.319658696687297,2.781819323442242e-4
TUR.59.4_1,Mugla,Fethiye,main,2040,1.5199501533449031,0.13859431647674347,1.206174487519587,2.781819323442242e-4
TUR.59.4_1,Mugla,Fethiye,main,2041,1.5969557240265577,0.1452709210957942,1.2690828470528472,2.781819323442242e-4
TUR.59.4_1,Mugla,Fethiye,main,2042,1.7685238094037943,0.1595642681693411,1.4054263040490425,2.781819323442242e-4
TUR.59.4_1,Mugla,Fethiye,main,2043,1.6861701260567086,0.15273345682120243,1.339980642797454,2.781819323442242e-4
TUR.59.4_1,Mugla,Fethiye,main,2044,1.8461570549382276,0.16573846313206952,1.465040280265467,2.781819323442242e-4
TUR.59.4_1,Mugla,Fethiye,main,2045,1.8170596637654393,0.1635642446158393,1.4439972741887057,2.781819323442242e-4
TUR.59.4_1,Mugla,Fethiye,main,2046,1.6405026687805422,0.14892167720446092,1.3036891684156995,2.781819323442242e-4
TUR.59.4_1,Mugla,Fethiye,main,2047,1.670699979416729,0.15144410771951133,1.3276866707266106,2.781819323442242e-4
TUR.59.4_1,Mugla,Fethiye,main,2048,1.8262411056824641,0.1641060228295591,1.4492357114231684,2.781819323442242e-4
TUR.59.4_1,Mugla,Fethiye,main,2049,1.6866970870187084,0.1527773415124788,1.3403994134586765,2.781819323442242e-4
TUR.59.4_1,Mugla,Fethiye,main,2050,1.717814240455241,0.1553647155509229,1.36512790777173,2.781819323442242e-4
TUR.59.4_1,Mugla,Fethiye,main,2051,1.678306111203559,0.1520782807327833,1.33373118814874,2.781819323442242e-4
TUR.59.4_1,Mugla,Fethiye,main,2052,1.6911523065227878,0.15294863541090908,1.3420341969740086,2.781819323442242e-4
TUR.59.4_1,Mugla,Fethiye,main,2053,1.8927294948184517,0.16976246532035977,1.5041313577260746,2.781819323442242e-4
TUR.59.4_1,Mugla,Fethiye,main,2054,1.743495604281203,0.15749415386943932,1.3855366348523184,2.781819323442242e-4
TUR.59.4_1,Mugla,Fethiye,main,2055,1.8414964824361397,0.16557094054605714,1.4634169769579046,2.781819323442242e-4
TUR.59.4_1,Mugla,Fethiye,main,2056,1.8515315023157355,0.1661784411814775,1.469305245211331,2.781819323442242e-4
TUR.59.4_1,Mugla,Fethiye,main,2057,1.9072008245032366,0.17094258962120534,1.5156315845601835,2.781819323442242e-4
TUR.59.4_1,Mugla,Fethiye,main,2058,1.8073924660991945,0.16276906481850817,1.436314846178837,2.781819323442242e-4
TUR.59.4_1,Mugla,Fethiye,main,2059,1.8148136939376698,0.16337956870874282,1.4422124237858518,2.781819323442242e-4
TUR.59.4_1,Mugla,Fethiye,main,2060,1.8197036701608336,0.16356947618897955,1.4440478418841924,2.781819323442242e-4
TUR.59.4_1,Mugla,Fethiye,main,2061,1.8553886407208982,0.16670958583636863,1.474456940745894,2.781819323442242e-4
TUR.59.4_1,Mugla,Fethiye,main,2062,1.9983930710479054,0.1783407431904127,1.5881011946053998,2.781819323442242e-4
TUR.59.4_1,Mugla,Fethiye,main,2063,1.8880965245705104,0.16938429576732494,1.5004495808328584,2.781819323442242e-4
TUR.59.4_1,Mugla,Fethiye,main,2064,1.9734492016295972,0.17609711120137883,1.5660546850804258,2.781819323442242e-4
TUR.59.4_1,Mugla,Fethiye,main,2065,1.8676077974882281,0.16770982218971864,1.4841673867033136,2.781819323442242e-4
TUR.59.4_1,Mugla,Fethiye,main,2066,1.9302043662653907,0.17281505677292197,1.5339122790175967,2.781819323442242e-4
TUR.59.4_1,Mugla,Fethiye,main,2067,1.9471743224723548,0.1741936843977263,1.5473981412880313,2.781819323442242e-4
TUR.59.4_1,Mugla,Fethiye,main,2068,1.9593086628549439,0.174952776869571,1.5548332681313697,2.781819323442242e-4
TUR.59.4_1,Mugla,Fethiye,main,2069,1.8726588331898868,0.16812293931266964,1.4881813960839514,2.781819323442242e-4
TUR.59.4_1,Mugla,Fethiye,main,2070,2.02606745685551,0.18057279866339804,1.6100937679005116,2.781819323442242e-4
TUR.59.4_1,Mugla,Fethiye,main,2071,1.9626398101960387,0.17544808876715567,1.5596884172211012,2.781819323442242e-4
TUR.59.4_1,Mugla,Fethiye,main,2072,1.9294247290467037,0.17252916432108856,1.5311184667097018,2.781819323442242e-4
TUR.59.4_1,Mugla,Fethiye,main,2073,2.089606244038248,0.18567455382182518,1.6605874467444472,2.781819323442242e-4
TUR.59.4_1,Mugla,Fethiye,main,2074,1.9208318207973083,0.17205265124613778,1.5264640067436615,2.781819323442242e-4
TUR.59.4_1,Mugla,Fethiye,main,2075,2.137934068573079,0.1895336885017056,1.6989931199601758,2.781819323442242e-4
TUR.81.6_1,Zonguldak,Merkez,high,2024,0.003642476978177767,3.5746102950173775e-4,1,3.858537867424856e-4
TUR.81.6_1,Zonguldak,Merkez,high,2025,0.004376458955065772,4.300859402373014e-4,1.203212843421189,3.858537867424856e-4
TUR.81.6_1,Zonguldak,Merkez,high,2026,0.004231577329387272,4.1585100901631034e-4,1.1633806969029414,3.858537867424856e-4
TUR.81.6_1,Zonguldak,Merkez,high,2027,0.004328384422775657,4.2536253655167666e-4,1.1899957644146502,3.858537867424856e-4
TUR.81.6_1,Zonguldak,Merkez,high,2028,0.00419851165734387,4.120172499987307e-4,1.1526531804568647,3.858537867424856e-4
TUR.81.6_1,Zonguldak,Merkez,high,2029,0.004761741577436345,4.679397999209911e-4,1.3091381969341958,3.858537867424856e-4
TUR.81.6_1,Zonguldak,Merkez,high,2030,0.004625361872279322,4.5454071371442417e-4,1.271643461350961,3.858537867424856e-4
TUR.81.6_1,Zonguldak,Merkez,high,2031,0.004511154718145056,4.4331990671697685e-4,1.2402446064479842,3.858537867424856e-4
TUR.81.6_1,Zonguldak,Merkez,high,2032,0.004770097924959131,4.680962356299334e-4,1.3095759548210726,3.858537867424856e-4
TUR.81.6_1,Zonguldak,Merkez,high,2033,0.004598947083101887,4.5194548249094524e-4,1.2643812703619135,3.858537867424856e-4
TUR.81.6_1,Zonguldak,Merkez,high,2034,0.004423563980353729,4.347140665791338e-4,1.2161633774688125,3.858537867424856e-4
TUR.81.6_1,Zonguldak,Merkez,high,2035,0.004310591827338191,4.236143784538404e-4,1.1851040655660257,3.858537867424856e-4
TUR.81.6_1,Zonguldak,Merkez,high,2036,0.004436709216603957,4.3538746866722544e-4,1.2180477123792561,3.858537867424856e-4
TUR.81.6_1,Zonguldak,Merkez,high,2037,0.004496845842533348,4.419140565588009e-4,1.236310682271279,3.858537867424856e-4
TUR.81.6_1,Zonguldak,Merkez,high,2038,0.004637647406718734,4.557477550319877e-4,1.2750211108490248,3.858537867424856e-4
TUR.81.6_1,Zonguldak,Merkez,high,2039,0.004800007817285729,4.716993640367928e-4,1.319658696687297,3.858537867424856e-4
TUR.81.6_1,Zonguldak,Merkez,high,2040,0.004393461366035737,4.3114434351598785e-4,1.206174487519587,3.858537867424856e-4
TUR.81.6_1,Zonguldak,Merkez,high,2041,0.004616048142231211,4.5362564819761975e-4,1.2690828470528472,3.858537867424856e-4
TUR.81.6_1,Zonguldak,Merkez,high,2042,0.005111970500766364,5.023484042181448e-4,1.4054263040490425,3.858537867424856e-4
TUR.81.6_1,Zonguldak,Merkez,high,2043,0.004873924878647776,4.789614937982245e-4,1.339980642797454,3.858537867424856e-4
TUR.81.6_1,Zonguldak,Merkez,high,2044,0.005336371557790553,5.236508901343973e-4,1.465040280265467,3.858537867424856e-4
TUR.81.6_1,Zonguldak,Merkez,high,2045,0.005252264737190883,5.161314248947058e-4,1.4439972741887057,3.858537867424856e-4
TUR.81.6_1,Zonguldak,Merkez,high,2046,0.004741921811929173,4.659925510616114e-4,1.3036891684156995,3.858537867424856e-4
TUR.81.6_1,Zonguldak,Merkez,high,2047,0.004829207986334407,4.7456819944236006e-4,1.3276866707266106,3.858537867424856e-4
TUR.81.6_1,Zonguldak,Merkez,high,2048,0.00527880395441338,5.180033227979441e-4,1.4492357114231684,3.858537867424856e-4
TUR.81.6_1,Zonguldak,Merkez,high,2049,0.00487544807413867,4.791111426357686e-4,1.3403994134586765,3.858537867424856e-4
TUR.81.6_1,Zonguldak,Merkez,high,2050,0.004965393076925431,4.879478971209217e-4,1.36512790777173,3.858537867424856e-4
TUR.81.6_1,Zonguldak,Merkez,high,2051,0.004851193723453392,4.767282315404353e-4,1.33373118814874,3.858537867424856e-4
TUR.81.6_1,Zonguldak,Merkez,high,2052,0.0048883260151290405,4.796953367486312e-4,1.3420341969740086,3.858537867424856e-4
TUR.81.6_1,Zonguldak,Merkez,high,2053,0.005470990477687456,5.376194652274568e-4,1.5041313577260746,3.858537867424856e-4
TUR.81.6_1,Zonguldak,Merkez,high,2054,0.005039625776316849,4.9524091870079e-4,1.3855366348523184,3.858537867424856e-4
TUR.81.6_1,Zonguldak,Merkez,high,2055,0.005322900038995291,5.23070824242966e-4,1.4634169769579046,3.858537867424856e-4
TUR.81.6_1,Zonguldak,Merkez,high,2056,0.005351906546771616,5.251749171294451e-4,1.469305245211331,3.858537867424856e-4
TUR.81.6_1,Zonguldak,Merkez,high,2057,0.005512820255421328,5.417288509771412e-4,1.5156315845601835,3.858537867424856e-4
TUR.81.6_1,Zonguldak,Merkez,high,2058,0.005224321433831339,5.133861873770629e-4,1.436314846178837,3.858537867424856e-4
TUR.81.6_1,Zonguldak,Merkez,high,2059,0.005245772699019007,5.154936274325284e-4,1.4422124237858518,3.858537867424856e-4
TUR.81.6_1,Zonguldak,Merkez,high,2060,0.005259907315820623,5.16149494722784e-4,1.4440478418841924,3.858537867424856e-4
TUR.81.6_1,Zonguldak,Merkez,high,2061,0.0053630557070358685,5.270158020689308e-4,1.474456940745894,3.858537867424856e-4
TUR.81.6_1,Zonguldak,Merkez,high,2062,0.005776413949375727,5.676240856354875e-4,1.5881011946053998,3.858537867424856e-4
TUR.81.6_1,Zonguldak,Merkez,high,2063,0.005457598749446985,5.363038491873473e-4,1.5004495808328584,3.858537867424856e-4
TUR.81.6_1,Zonguldak,Merkez,high,2064,0.005704313016739969,5.597463787451185e-4,1.5660546850804258,3.858537867424856e-4
TUR.81.6_1,Zonguldak,Merkez,high,2065,0.00539837551775709,5.304856821644055e-4,1.4841673867033136,3.858537867424856e-4
TUR.81.6_1,Zonguldak,Merkez,high,2066,0.005579312626306741,5.482610718378078e-4,1.5339122790175967,3.858537867424856e-4
TUR.81.6_1,Zonguldak,Merkez,high,2067,0.005628364751486722,5.530799328820057e-4,1.5473981412880313,3.858537867424856e-4
TUR.81.6_1,Zonguldak,Merkez,high,2068,0.005663439401311418,5.557366935012853e-4,1.5548332681313697,3.858537867424856e-4
TUR.81.6_1,Zonguldak,Merkez,high,2069,0.005412975676070788,5.319200237814403e-4,1.4881813960839514,3.858537867424856e-4
TUR.81.6_1,Zonguldak,Merkez,high,2070,0.005856407518550363,5.754824574919493e-4,1.6100937679005116,3.858537867424856e-4
TUR.81.6_1,Zonguldak,Merkez,high,2071,0.0056730681686787965,5.57471558367717e-4,1.5596884172211012,3.858537867424856e-4
TUR.81.6_1,Zonguldak,Merkez,high,2072,0.005577059068888245,5.472627646904149e-4,1.5311184667097018,3.858537867424856e-4
TUR.81.6_1,Zonguldak,Merkez,high,2073,0.006040068114951978,5.935245898200936e-4,1.6605874467444472,3.858537867424856e-4
TUR.81.6_1,Zonguldak,Merkez,high,2074,0.005552221025586596,5.455995939218639e-4,1.5264640067436615,3.858537867424856e-4
TUR.81.6_1,Zonguldak,Merkez,high,2075,0.006179761003619959,6.072472803663187e-4,1.6989931199601758,3.858537867424856e-4
TUR.81.6_1,Zonguldak,Merkez,low,2024,0.0018352471446225552,1.801212535585961e-4,1,1.9441070114292855e-4
TUR.81.6_1,Zonguldak,Merkez,low,2025,0.002205061317615465,2.1672020390706148e-4,1.203212843421189,1.9441070114292855e-4
TUR.81.6_1,Zonguldak,Merkez,low,2026,0.0021320632239744185,2.0954647863935527e-4,1.1633806969029414,1.9441070114292855e-4
TUR.81.6_1,Zonguldak,Merkez,low,2027,0.0021808391343797464,2.1433982843821475e-4,1.1899957644146502,1.9441070114292855e-4
TUR.81.6_1,Zonguldak,Merkez,low,2028,0.002115403200094215,2.0761445597905492e-4,1.1526531804568647,1.9441070114292855e-4
TUR.81.6_1,Zonguldak,Merkez,low,2029,0.0023991846238529844,2.357969895543377e-4,1.3091381969341958,1.9441070114292855e-4
TUR.81.6_1,Zonguldak,Merkez,low,2030,0.0023304701810690606,2.2904436081594426e-4,1.271643461350961,1.9441070114292855e-4
TUR.81.6_1,Zonguldak,Merkez,low,2031,0.002272927304619154,2.2338953663947336e-4,1.2402446064479842,1.9441070114292855e-4
TUR.81.6_1,Zonguldak,Merkez,low,2032,0.0024033949371999094,2.358758274499939e-4,1.3095759548210726,1.9441070114292855e-4
TUR.81.6_1,Zonguldak,Merkez,low,2033,0.0023171611813332165,2.277364684319938e-4,1.2643812703619135,1.9441070114292855e-4
TUR.81.6_1,Zonguldak,Merkez,low,2034,0.0022287950185999445,2.1905256948751006e-4,1.2161633774688125,1.9441070114292855e-4
TUR.81.6_1,Zonguldak,Merkez,low,2035,0.0021718743980802925,2.1345883959555945e-4,1.1851040655660257,1.9441070114292855e-4
TUR.81.6_1,Zonguldak,Merkez,low,2036,0.0022354181966474703,2.1939193402420454e-4,1.2180477123792561,1.9441070114292855e-4
TUR.81.6_1,Zonguldak,Merkez,low,2037,0.0022657178277181883,2.2268104835165836e-4,1.236310682271279,1.9441070114292855e-4
TUR.81.6_1,Zonguldak,Merkez,low,2038,0.002336660204930243,2.2965266177521482e-4,1.2750211108490248,1.9441070114292855e-4
TUR.81.6_1,Zonguldak,Merkez,low,2039,0.0024184649371882167,2.3769167471210384e-4,1.319658696687297,1.9441070114292855e-4
TUR.81.6_1,Zonguldak,Merkez,low,2040,0.0022136279195167606,2.172535906443951e-4,1.206174487519587,1.9441070114292855e-4
TUR.81.6_1,Zonguldak,Merkez,low,2041,0.002325777490514991,2.28583204323618e-4,1.2690828470528472,1.9441070114292855e-4
TUR.81.6_1,Zonguldak,Merkez,low,2042,0.002575646274158506,2.531378222061509e-4,1.4054263040490425,1.9441070114292855e-4
TUR.81.6_1,Zonguldak,Merkez,low,2043,0.0024557077952714885,2.4135153714288649e-4,1.339980642797454,1.9441070114292855e-4
TUR.81.6_1,Zonguldak,Merkez,low,2044,0.0026887099920321314,2.6387374142256004e-4,1.465040280265467,1.9441070114292855e-4
TUR.81.6_1,Zonguldak,Merkez,low,2045,0.002646333054832831,2.600841062483372e-4,1.4439972741887057,1.9441070114292855e-4
TUR.81.6_1,Zonguldak,Merkez,low,2046,0.0023891985032571113,2.3481564753125017e-4,1.3036891684156995,1.9441070114292855e-4
TUR.81.6_1,Zonguldak,Merkez,low,2047,0.002433177342169787,2.391374670238644e-4,1.3276866707266106,1.9441070114292855e-4
TUR.81.6_1,Zonguldak,Merkez,low,2048,0.002659704746619732,2.6102749781620194e-4,1.4492357114231684,1.9441070114292855e-4
TUR.81.6_1,Zonguldak,Merkez,low,2049,0.0024564752519812367,2.4142695511242263e-4,1.3403994134586765,1.9441070114292855e-4
TUR.81.6_1,Zonguldak,Merkez,low,2050,0.0025017937350021334,2.4588039226625114e-4,1.36512790777173,1.9441070114292855e-4
TUR.81.6_1,Zonguldak,Merkez,low,2051,0.002444254780402584,2.4022604871720699e-4,1.33373118814874,1.9441070114292855e-4
TUR.81.6_1,Zonguldak,Merkez,low,2052,0.0024629637548945213,2.4172136936140287e-4,1.3420341969740086,1.9441070114292855e-4
TUR.81.6_1,Zonguldak,Merkez,low,2053,0.002756537294472489,2.709136155052416e-4,1.5041313577260746,1.9441070114292855e-4
TUR.81.6_1,Zonguldak,Merkez,low,2054,0.0025391956288286976,2.4955585303521044e-4,1.3855366348523184,1.9441070114292855e-4
TUR.81.6_1,Zonguldak,Merkez,low,2055,0.0026819224164937507,2.635814012359461e-4,1.4634169769579046,1.9441070114292855e-4
TUR.81.6_1,Zonguldak,Merkez,low,2056,0.0026965372447608207,2.646418172463916e-4,1.469305245211331,1.9441070114292855e-4
TUR.81.6_1,Zonguldak,Merkez,low,2057,0.0027776130906202673,2.72984670644405e-4,1.5156315845601835,1.9441070114292855e-4
TUR.81.6_1,Zonguldak,Merkez,low,2058,0.0026322539147210656,2.587005740901649e-4,1.436314846178837,1.9441070114292855e-4
TUR.81.6_1,Zonguldak,Merkez,low,2059,0.0026430620630464117,2.597626718506829e-4,1.4422124237858518,1.9441070114292855e-4
TUR.81.6_1,Zonguldak,Merkez,low,2060,0.00265018373824772,2.600932129974698e-4,1.4440478418841924,1.9441070114292855e-4
TUR.81.6_1,Zonguldak,Merkez,low,2061,0.0027021547166013356,2.655695832186611e-4,1.474456940745894,1.9441070114292855e-4
TUR.81.6_1,Zonguldak,Merkez,low,2062,0.0029104239162816826,2.8603549258465755e-4,1.5881011946053998,1.9441070114292855e-4
TUR.81.6_1,Zonguldak,Merkez,low,2063,0.002749789916338482,2.702505700300506e-4,1.5004495808328584,1.9441070114292855e-4
TUR.81.6_1,Zonguldak,Merkez,low,2064,0.002874096089286282,2.82065224884831e-4,1.5660546850804258,1.9441070114292855e-4
TUR.81.6_1,Zonguldak,Merkez,low,2065,0.0027199504863182674,2.673183296492132e-4,1.4841673867033136,1.9441070114292855e-4
TUR.81.6_1,Zonguldak,Merkez,low,2066,0.002811115054049949,2.7627679906228053e-4,1.5339122790175967,1.9441070114292855e-4
TUR.81.6_1,Zonguldak,Merkez,low,2067,0.0028358298074292404,2.7870543012786797e-4,1.5473981412880313,1.9441070114292855e-4
TUR.81.6_1,Zonguldak,Merkez,low,2068,0.002853502050710927,2.800443986856749e-4,1.5548332681313697,1.9441070114292855e-4
TUR.81.6_1,Zonguldak,Merkez,low,2069,0.0027273067279002233,2.6804120848578084e-4,1.4881813960839514,1.9441070114292855e-4
TUR.81.6_1,Zonguldak,Merkez,low,2070,0.002950728418925309,2.8999603126389495e-4,1.6100937679005116,1.9441070114292855e-4
TUR.81.6_1,Zonguldak,Merkez,low,2071,0.0028583534789131436,2.8091874621638535e-4,1.5596884172211012,1.9441070114292855e-4
TUR.81.6_1,Zonguldak,Merkez,low,2072,0.0028099796017286025,2.7577366851383456e-4,1.5311184667097018,1.9441070114292855e-4
TUR.81.6_1,Zonguldak,Merkez,low,2073,0.003043265225543661,2.990891396046358e-4,1.6605874467444472,1.9441070114292855e-4
TUR.81.6_1,Zonguldak,Merkez,low,2074,0.002797465039620933,2.7493545807910635e-4,1.5264640067436615,1.9441070114292855e-4
TUR.81.6_1,Zonguldak,Merkez,low,2075,0.003113649047352553,3.0600533453239986e-4,1.6989931199601758,1.9441070114292855e-4
TUR.81.6_1,Zonguldak,Merkez,main,2024,0.0026260510262166277,2.577250957944699e-4,1,2.781819323442242e-4
TUR.81.6_1,Zonguldak,Merkez,main,2025,0.0031552170768462777,3.100899523543754e-4,1.203212843421189,2.781819323442242e-4
TUR.81.6_1,Zonguldak,Merkez,main,2026,0.0030507643174688855,2.998260325507429e-4,1.1633806969029414,2.781819323442242e-4
TUR.81.6_1,Zonguldak,Merkez,main,2027,0.0031205576258875167,3.066841964228795e-4,1.1899957644146502,2.781819323442242e-4
TUR.81.6_1,Zonguldak,Merkez,main,2028,0.0030269255392626924,2.970617554006738e-4,1.1526531804568647,2.781819323442242e-4
TUR.81.6_1,Zonguldak,Merkez,main,2029,0.0034329875360817855,3.3738420650808454e-4,1.3091381969341958,2.781819323442242e-4
TUR.81.6_1,Zonguldak,Merkez,main,2030,0.003334664247450728,3.277228581826108e-4,1.271643461350961,2.781819323442242e-4
TUR.81.6_1,Zonguldak,Merkez,main,2031,0.003252326317480804,3.196321759432186e-4,1.2402446064479842,2.781819323442242e-4
TUR.81.6_1,Zonguldak,Merkez,main,2032,0.0034390120630499958,3.374970039683456e-4,1.3095759548210726,2.781819323442242e-4
TUR.81.6_1,Zonguldak,Merkez,main,2033,0.0033156204397732847,3.2585158309317297e-4,1.2643812703619135,2.781819323442242e-4
TUR.81.6_1,Zonguldak,Merkez,main,2034,0.003189177559972469,3.134270140675577e-4,1.2161633774688125,2.781819323442242e-4
TUR.81.6_1,Zonguldak,Merkez,main,2035,0.0031077300108724283,3.0542370825348275e-4,1.1851040655660257,2.781819323442242e-4
TUR.81.6_1,Zonguldak,Merkez,main,2036,0.0031986546477369357,3.1391256390200795e-4,1.2180477123792561,2.781819323442242e-4
TUR.81.6_1,Zonguldak,Merkez,main,2037,0.003242010298345531,3.186184995868091e-4,1.236310682271279,2.781819323442242e-4
TUR.81.6_1,Zonguldak,Merkez,main,2038,0.003343521534091028,3.285931881816806e-4,1.2750211108490248,2.781819323442242e-4
TUR.81.6_1,Zonguldak,Merkez,main,2039,0.0034605756778189893,3.400950291556626e-4,1.319658696687297,2.781819323442242e-4
TUR.81.6_1,Zonguldak,Merkez,main,2040,0.0031674750042357345,3.108531025074468e-4,1.206174487519587,2.781819323442242e-4
TUR.81.6_1,Zonguldak,Merkez,main,2041,0.003327949490707727,3.270630558140919e-4,1.2690828470528472,2.781819323442242e-4
TUR.81.6_1,Zonguldak,Merkez,main,2042,0.0036854859669935144,3.6219453645280897e-4,1.4054263040490425,2.781819323442242e-4
TUR.81.6_1,Zonguldak,Merkez,main,2043,0.00351386636951225,3.4533137457870566e-4,1.339980642797454,2.781819323442242e-4
TUR.81.6_1,Zonguldak,Merkez,main,2044,0.003847268486102359,3.7755481802892454e-4,1.465040280265467,2.781819323442242e-4
TUR.81.6_1,Zonguldak,Merkez,main,2045,0.00378663145861468,3.721328532785284e-4,1.4439972741887057,2.781819323442242e-4
TUR.81.6_1,Zonguldak,Merkez,main,2046,0.0034186984265958766,3.3598014958768907e-4,1.3036891684156995,2.781819323442242e-4
TUR.81.6_1,Zonguldak,Merkez,main,2047,0.003481627613072664,3.4216359640382166e-4,1.3276866707266106,2.781819323442242e-4
TUR.81.6_1,Zonguldak,Merkez,main,2048,0.003805764972770403,3.7348259772385095e-4,1.4492357114231684,2.781819323442242e-4
TUR.81.6_1,Zonguldak,Merkez,main,2049,0.003514964521100754,3.45439278707782e-4,1.3403994134586765,2.781819323442242e-4
TUR.81.6_1,Zonguldak,Merkez,main,2050,0.0035798105987805257,3.518110191217394e-4,1.36512790777173,2.781819323442242e-4
TUR.81.6_1,Zonguldak,Merkez,main,2051,0.003497478285715243,3.437210837526905e-4,1.33373118814874,2.781819323442242e-4
TUR.81.6_1,Zonguldak,Merkez,main,2052,0.0035242489021618693,3.458605112832691e-4,1.3420341969740086,2.781819323442242e-4
TUR.81.6_1,Zonguldak,Merkez,main,2053,0.003944322352561233,3.876269905203067e-4,1.5041313577260746,2.781819323442242e-4
TUR.81.6_1,Zonguldak,Merkez,main,2054,0.0036333288525301015,3.570696631106651e-4,1.3855366348523184,2.781819323442242e-4
TUR.81.6_1,Zonguldak,Merkez,main,2055,0.0038375561630545896,3.7713655691706816e-4,1.4634169769579046,2.781819323442242e-4
TUR.81.6_1,Zonguldak,Merkez,main,2056,0.003858468476899671,3.7865373010448344e-4,1.469305245211331,2.781819323442242e-4
TUR.81.6_1,Zonguldak,Merkez,main,2057,0.003974479640912919,3.9059010930941884e-4,1.5156315845601835,2.781819323442242e-4
TUR.81.6_1,Zonguldak,Merkez,main,2058,0.0037664856617926914,3.7015338280221854e-4,1.436314846178837,2.781819323442242e-4
TUR.81.6_1,Zonguldak,Merkez,main,2059,0.0037819510069077135,3.716729653421291e-4,1.4422124237858518,2.781819323442242e-4
TUR.81.6_1,Zonguldak,Merkez,main,2060,0.0037921413920490236,3.721458826443369e-4,1.4440478418841924,2.781819323442242e-4
TUR.81.6_1,Zonguldak,Merkez,main,2061,0.0038665064967382456,3.799811158187172e-4,1.474456940745894,2.781819323442242e-4
TUR.81.6_1,Zonguldak,Merkez,main,2062,0.004164518216108744,4.092622383290445e-4,1.5881011946053998,2.781819323442242e-4
TUR.81.6_1,Zonguldak,Merkez,main,2063,0.003934667550774854,0.00038667835149719387,1.5004495808328584,2.781819323442242e-4
TUR.81.6_1,Zonguldak,Merkez,main,2064,0.004112536851642587,4.035818907878186e-4,1.5660546850804258,2.781819323442242e-4
TUR.81.6_1,Zonguldak,Merkez,main,2065,0.0038919704065567234,3.82483104169995e-4,1.4841673867033136,2.781819323442242e-4
TUR.81.6_1,Zonguldak,Merkez,main,2066,0.004022417491624778,3.953002476787537e-4,1.5339122790175967,2.781819323442242e-4
TUR.81.6_1,Zonguldak,Merkez,main,2067,0.004057781751426485,3.987749523758355e-4,1.5473981412880313,2.781819323442242e-4
TUR.81.6_1,Zonguldak,Merkez,main,2068,0.004083068909541609,4.0069064743908367e-4,1.5548332681313697,2.781819323442242e-4
TUR.81.6_1,Zonguldak,Merkez,main,2069,0.0039024964289366662,3.8351734985275776e-4,1.4881813960839514,2.781819323442242e-4
TUR.81.6_1,Zonguldak,Merkez,main,2070,0.00422218979508142,4.1492865659431555e-4,1.6100937679005116,2.781819323442242e-4
TUR.81.6_1,Zonguldak,Merkez,main,2071,0.004090010798994447,4.0194159721962386e-4,1.5596884172211012,2.781819323442242e-4
TUR.81.6_1,Zonguldak,Merkez,main,2072,0.004020792779526734,3.945804054419355e-4,1.5311184667097018,2.781819323442242e-4
TUR.81.6_1,Zonguldak,Merkez,main,2073,0.004354600400625212,4.279383032522732e-4,1.6605874467444472,2.781819323442242e-4
TUR.81.6_1,Zonguldak,Merkez,main,2074,0.004002885730381897,3.933811551818378e-4,1.5264640067436615,2.781819323442242e-4
TUR.81.6_1,Zonguldak,Merkez,main,2075,0.0044553123719265715,4.378333727893535e-4,1.6989931199601758,2.781819323442242e-4
