district_id,year,species,Lambda_import_year,p_ge1_major_year_mean,p_ge1_major_year_p2_5,p_ge1_major_year_p97_5,mean_q_import_year_mean,mean_q_import_year_p2_5,mean_q_import_year_p97_5,mean_p_month_major_mean,mean_p_month_major_p2_5,mean_p_month_major_p97_5,mean_p_est_year_mean,mean_p_est_year_p2_5,mean_p_est_year_p97_5,mean_temp_c_year,mean_rh_year
TUR.10.4_1,2025,aegypti,1.6839076072160295,1.923886876511649e-5,1.7201149788209634e-5,2.1161707170028186e-5,0.01368518125519074,0.01368518125519074,0.01368518125519074,1.6032394206635203e-6,1.4334294716077216e-6,1.7634759807445359e-6,7.048956967433503e-5,6.304162179104877e-5,7.75156170940786e-5,11.987555373027492,82.00079144941334
TUR.10.4_1,2026,aegypti,1.628162220503651,1.2669418031088008e-5,1.1448690814747087e-5,1.3873913407749794e-5,0.013235572386613567,0.013235572386613567,0.013235572386613567,1.0557848359238659e-6,9.540575678989129e-7,1.1561594506448736e-6,4.788685290762146e-5,4.3272845821124466e-5,5.2439508190568746e-5,12.571779522612262,79.88245572553639
TUR.10.4_1,2027,aegypti,1.6654102069706798,1.1662622863515827e-5,1.049362268837062e-5,1.2795728081585466e-5,0.013536018248649659,0.013536018248649659,0.013536018248649659,9.718852386635995e-7,8.744685573992111e-7,1.0663106734970994e-6,4.3106515116182e-5,3.878574286716521e-5,4.729460969897329e-5,12.158861481462486,81.48944526817962
TUR.10.4_1,2028,aegypti,1.6154397044325008,3.2580604880649844e-15,2.9976021664879227e-15,3.6637359812630166e-15,0.013114444597293448,0.013114444597293448,0.013114444597293448,2.7161861951104115e-16,2.463831072359669e-16,3.0060230234945583e-16,1.36729239041955e-14,1.2406511003722661e-14,1.5136271865519765e-14,11.52963851721542,83.77635818627044
TUR.10.4_1,2029,aegypti,1.832150906480269,0.009003047973871962,0.008911371598981387,0.009095918661670036,0.014879685224977448,0.014879685224977448,0.014879685224977448,7.517710233911228e-4,7.44102134338557e-4,7.595477642329252e-4,0.034062932712828814,0.03372937074702606,0.03440578486491989,13.321432067269651,80.11147806948983
TUR.10.4_1,2030,aegypti,1.7796767566326066,6.09345502888825e-9,5.385403595292715e-9,6.872689894965589e-9,0.01445705182803538,0.01445705182803538,0.01445705182803538,5.077879189473582e-10,4.4878362315682885e-10,5.727241519884801e-10,2.497635199404565e-8,2.2072816925853647e-8,2.8170821840302804e-8,13.04720964363671,79.66073216901783
TUR.10.4_1,2031,aegypti,1.7357338318632722,0.0016901190614649648,0.0016218169257346704,0.00175143254181567,0.01410297071383492,0.01410297071383492,0.01410297071383492,1.408432551239944e-4,1.351514104797623e-4,1.459527118200947e-4,0.005996669264092453,0.005754328161378958,0.0062142140939494645,12.51264945995268,81.87432533409759
TUR.10.4_1,2032,aegypti,1.8353661359065079,0.0027880244392965406,0.002714807138025471,0.0028632539285010942,0.014884618325066582,0.014884618325066582,0.014884618325066582,2.3233536994137825e-4,2.2623392816878925e-4,2.3860449404176082e-4,0.009374613932365319,0.009128423862109289,0.00962756989920757,13.1178748938586,78.91104306684498
TUR.10.4_1,2033,aegypti,1.7695132680873242,2.4157472538183234e-6,2.2045520165631105e-6,2.640944209839069e-6,0.014375169884512234,0.014375169884512234,0.014375169884512234,2.013123475040489e-7,1.8371273459970948e-7,2.2007877077177405e-7,1.014552305860585e-5,9.255489378864659e-6,1.1095102770297682e-5,12.991372260763812,83.02621958560312
TUR.10.4_1,2034,aegypti,1.7020319753619084,0.00735531861825684,0.007290309408193537,0.007422175979484127,0.013831311153810394,0.013831311153810394,0.013831311153810394,6.129432181880723e-4,6.075257840161313e-4,6.18514664957018e-4,0.026607856249879228,0.02637268551070978,0.0268497126736605,12.21449005188005,80.53120984540944
TUR.10.4_1,2035,aegypti,1.6585642379041279,2.1042464073739443e-7,1.8899442438824465e-7,2.3284778623566814e-7,0.013480805834837137,0.013480805834837137,0.013480805834837137,1.7535386728952212e-8,1.5749535373950944e-8,1.940398218560047e-8,7.809293968294902e-7,7.013974371467927e-7,8.641463189201318e-7,11.759104741925565,83.11171585228607
TUR.10.4_1,2036,aegypti,1.7070898017466432,3.393253711592159e-8,3.033936462615294e-8,3.803215279374328e-8,0.01385257135671547,0.01385257135671547,0.01385257135671547,2.8277114263659635e-9,2.5282803910087515e-9,3.1693460673765083e-9,1.2262986874203575e-7,1.09649379708097e-7,1.3743204946269535e-7,12.044812334889738,82.43104416039154
TUR.10.4_1,2037,aegypti,1.7302282762469734,1.9127843867483562e-7,1.718795820032648e-7,2.119552422408244e-7,0.01405859808357742,0.01405859808357742,0.01405859808357742,1.5939869889586387e-8,1.4323298501811262e-8,1.766293686092491e-8,6.808042107076898e-7,6.117591924867844e-7,7.543977377582704e-7,11.991824139097897,80.47836929466888
TUR.10.4_1,2038,aegypti,1.784403801393597,3.683123555378476e-6,3.3409491687896864e-6,4.059735111983098e-6,0.014495132523993473,0.014495132523993473,0.014495132523993473,3.0692696296768607e-7,2.784124307466806e-7,3.3831125935851525e-7,1.2715820049611784e-5,1.1534481759088258e-5,1.4016049867491414e-5,12.374981515918739,80.26988273766204
TUR.10.4_1,2039,aegypti,1.846874420143128,0.003043720868573582,0.0029630355718087585,0.0031179348097784276,0.014998233074376977,0.014998233074376977,0.014998233074376977,2.536436380405016e-4,2.4691985752611713e-4,2.5982814183272366e-4,0.010157739799825986,0.009888486569840461,0.01040540580293373,12.797790451163618,82.29003832644784
TUR.10.4_1,2040,aegypti,1.6904495397287809,2.106874653575297e-5,1.916031852411404e-5,2.306569449775364e-5,0.0137186017299408,0.0137186017299408,0.0137186017299408,1.7557288779784124e-6,1.5966932103466402e-6,1.92214120815344e-6,7.684001951286157e-5,6.987977413711692e-5,8.412310681527613e-5,11.54308981529332,81.75367790367767
TUR.10.4_1,2041,aegypti,1.7760931585204138,4.6294253887501525e-5,4.1883104676734835e-5,5.065278493078529e-5,0.014428181527548553,0.014428181527548553,0.014428181527548553,3.857874218921562e-6,3.4902752275859557e-6,4.221087037554833e-6,1.6432865590472855e-4,1.4874298191001266e-4,1.7940181670318572e-4,12.449291294008065,79.67336199588144
TUR.10.4_1,2042,aegypti,1.966906778506467,0.00412365444982541,0.004031755985829688,0.004212056199902048,0.01596407821883754,0.01596407821883754,0.01596407821883754,3.4373145249139034e-4,3.360730391128571e-4,3.5110173466490734e-4,0.013129513400580507,0.012832692993737132,0.013409916938473744,13.354591184173591,78.80983819471363
TUR.10.4_1,2043,aegypti,1.875315126107416,0.001818235026731629,0.001742435234922199,0.0018883175502167615,0.015227180158371267,0.015227180158371267,0.015227180158371267,1.5151958570080437e-4,1.4520293637763058e-4,1.5735979599707208e-4,0.005976749456854547,0.005727586775300326,0.006207118818783193,12.488820983285276,81.65715652611419
TUR.10.4_1,2044,aegypti,2.0532484811554186,8.361366159244836e-4,7.95784563482238e-4,8.778323021079171e-4,0.016634765288496473,0.016634765288496473,0.016634765288496473,6.969247677925323e-5,6.632850969537246e-5,7.316861658864858e-5,0.0027265602826097835,0.002594221637498501,0.002863721979756826,14.294597301199603,80.63331403242115
TUR.10.4_1,2045,aegypti,2.020887109693925,0.01020293863254827,0.010144086951907596,0.010268866208903696,0.016398080568848006,0.016398080568848006,0.016398080568848006,8.50244886066661e-4,8.453405793463825e-4,8.557388507626079e-4,0.03115325109517032,0.03097355569070134,0.03135455176059992,14.052092918072708,80.3769765486972
TUR.10.4_1,2046,aegypti,1.8245249525196892,1.4339030734897672e-4,1.3164099150652088e-4,1.549286889919149e-4,0.014818277686770751,0.014818277686770751,0.014818277686770751,1.1949192279090685e-5,1.0970082625549985e-5,1.2910724082665881e-5,4.8429373317192606e-4,4.4461099496988807e-4,5.232640514313454e-4,13.069648835375476,81.02913210696542
TUR.10.4_1,2047,aegypti,1.8581096261707635,1.206624861915806e-9,1.0787661375299963e-9,1.3346563826344137e-9,0.015088683507472148,0.015088683507472148,0.015088683507472148,1.0055207159211302e-10,8.989718615894327e-11,1.1122136490408758e-10,4.0524884036274854e-9,3.6262491696914536e-9,4.482875624646961e-9,12.847621850236822,82.86321566409433
TUR.10.4_1,2048,aegypti,2.03109847368407,1.9162301860432108e-5,1.7452644756593694e-5,2.097161519021562e-5,0.01645700684677782,0.01645700684677782,0.01645700684677782,1.5968584887142962e-6,1.4543870633682636e-6,1.7476345995923075e-6,5.8300963393589765e-5,5.3099376701901356e-5,6.380576484025144e-5,14.073932800009418,80.57291529483163
TUR.10.4_1,2049,aegypti,1.8759011985609813,0.0023072766887874204,0.0022289817963854985,0.0023886283084319864,0.015231897390303126,0.015231897390303126,0.015231897390303126,1.9227305750708803e-4,1.8574848313442029e-4,1.990523591429455e-4,0.0075819464526877284,0.007324661457611188,0.007849276142063743,12.97736103665289,81.58262687828704
TUR.10.4_1,2050,aegypti,1.9105088977599958,0.001162483396609517,0.001102798199464039,0.0012206017377002275,0.01551040517026033,0.01551040517026033,0.01551040517026033,9.687361638445618e-5,9.189984995562892e-5,1.0171681147535047e-4,0.0037517261176746633,0.003559101849963393,0.003939293612096553,13.621351791734067,79.53390810794198
TUR.10.4_1,2051,aegypti,1.8665689706761528,0.002949073895076831,0.0028647150461207746,0.0030271512550227,0.015156780261464645,0.015156780261464645,0.015156780261464645,2.4576434176868067e-4,2.38733745764685e-4,2.5227108449229926e-4,0.009761737867958954,0.009482811748896544,0.010019413987194753,12.587287925992973,81.31001398867929
TUR.10.4_1,2052,aegypti,1.8808561793170853,0.00211601913573469,0.0020430704833195924,0.002195134046419045,0.015250312122462362,0.015250312122462362,0.015250312122462362,1.7633492800257157e-4,1.7025587363438368e-4,1.8292783722577034e-4,0.006945092463739367,0.006705664040412023,0.007204759469539488,13.132692012503314,81.4045332859612
TUR.10.4_1,2053,aegypti,2.1050451531622714,0.0017630447188678176,0.0016876438966386296,0.0018329002423622537,0.017074276078588385,0.017074276078588385,0.017074276078588385,1.4692064904458832e-4,1.406372217877351e-4,1.5274195692651098e-4,0.005172018721060099,0.004950807747987913,0.00537691913708247,14.337174786443082,79.84946781304046
TUR.10.4_1,2054,aegypti,1.939071051304089,0.014034489714764134,0.013937167958553251,0.014124140404637687,0.0157401932762192,0.0157401932762192,0.0157401932762192,0.0011735324662829594,0.0011653663224449747,0.001181058744423208,0.04816777304645209,0.04783145759257151,0.048480424503610564,13.687591387147275,81.122718074983
TUR.10.4_1,2055,aegypti,2.048065112066841,0.010295707414980605,0.010179784516279919,0.010405575428653672,0.01661650922919188,0.01661650922919188,0.01661650922919188,8.600079123640694e-4,8.502933386759732e-4,8.692134848020672e-4,0.03313915519907495,0.032749682812412244,0.03351163193636028,13.528915160213478,81.24533325340911
TUR.10.4_1,2056,aegypti,2.0592258035535322,0.018840608147671967,0.01873822079404752,0.01894487509336284,0.01668272826520459,0.01668272826520459,0.01668272826520459,0.0015774753055258898,0.0015688673113606127,0.0015862479123548493,0.06151464337392475,0.06119498101920161,0.061851854858646804,14.318627470050819,79.79980585879647
TUR.10.4_1,2057,aegypti,2.1211397945234194,0.006963112215914256,0.006881029917824383,0.007043515480914697,0.01720353330335365,0.01720353330335365,0.01720353330335365,5.80299311207959e-4,5.734592803508998e-4,5.869986385261918e-4,0.02031034900818241,0.020072043873486708,0.02054308382243114,14.18362666499075,80.47391817874276
TUR.10.4_1,2058,aegypti,2.0101355006300308,1.2702184388547756e-6,1.1494178453724802e-6,1.3906102927369046e-6,0.016311654968384038,0.016311654968384038,0.016311654968384038,1.0585155477459171e-7,9.578483730933695e-8,1.158842119342658e-7,4.015290367901538e-6,3.6388607202159547e-6,4.380339681385459e-6,13.763075205996204,79.94498783257171
TUR.10.4_1,2059,aegypti,2.0183891997109944,0.005814093295013188,0.005727558419740287,0.005898414951899511,0.016378002173525308,0.016378002173525308,0.016378002173525308,4.8451838863592316e-4,4.773071818024299e-4,4.915451340700965e-4,0.017787007320676285,0.017522692362137052,0.018044533242945884,13.747523718391426,82.36300013369882
TUR.10.4_1,2060,aegypti,2.0238277057288006,4.776038197091055e-4,4.456083388171689e-4,5.09726099990565e-4,0.01639864941543165,0.01639864941543165,0.01639864941543165,3.980045013897637e-5,3.71341509829159e-5,4.247729923768191e-5,0.001725936903735259,0.0016101903179122693,0.0018423667463176251,14.009596599454252,80.04080380903248
TUR.10.4_1,2061,aegypti,2.06351561386562,0.01161203359851444,0.011538521761375578,0.011686313037720482,0.016740659681739534,0.016740659681739534,0.016740659681739534,9.677652109906759e-4,9.616396406936867e-4,9.739585297003701e-4,0.03479226663323612,0.03457299371016746,0.03501278504236257,14.383190863643653,79.97511472211842
TUR.10.4_1,2062,aegypti,2.2225614700033836,0.011413411700295705,0.011346937727181853,0.011478014195559766,0.018017611719470406,0.018017611719470406,0.018017611719470406,9.51119127316226e-4,9.455796468155967e-4,9.565027317687216e-4,0.03173147475855593,0.03154668396148617,0.03191110878081828,14.645345124914813,81.18791188703541
TUR.10.4_1,2063,aegypti,2.0998924825921383,0.00297562144849426,0.0028854525216983865,0.003058860073357586,0.017032890507972343,0.017032890507972343,0.017032890507972343,2.479732693304409e-4,2.404590021705663e-4,2.549100915736162e-4,0.008759307388835093,0.008494111718115581,0.009004334680283388,13.831879251514442,81.96700849042897
TUR.10.4_1,2064,aegypti,2.194819538806206,0.018364302269737873,0.018230284709659244,0.018506437093612396,0.017770036509699532,0.017770036509699532,0.017770036509699532,0.001539024242818539,0.001527719120563614,0.0015510518461715973,0.05710978309893736,0.056666150845478575,0.05757851155328906,14.652454270238248,79.37622505333587
TUR.10.4_1,2065,aegypti,2.077105446326737,0.014166068694210115,0.014068360020037066,0.014263129530118457,0.016849844179827943,0.016849844179827943,0.016849844179827943,0.001182920347598787,0.0011746645109239361,0.0011910578498535382,0.04354293336524778,0.0431991107095259,0.04386357784752234,14.04587557713396,80.47103490339283
TUR.10.4_1,2066,aegypti,2.146723743114358,0.006995297136188008,0.0069311615734291955,0.007058004650041272,0.01740895989370574,0.01740895989370574,0.01740895989370574,5.829532547060334e-4,5.776083863048859e-4,5.881798173284042e-4,0.023831023759376093,0.023612544341161196,0.0240440318714746,14.32031612924195,82.15255663699472
TUR.10.4_1,2067,aegypti,2.1655972927476466,0.017429047729608217,0.01733258878361192,0.01752535145157843,0.01756047383762017,0.01756047383762017,0.01756047383762017,0.0014583000247038295,0.0014501823408765596,0.0014664144929883703,0.053229066771587084,0.052926015073117144,0.053534710584616854,14.667941583508817,81.4063357304192
TUR.10.4_1,2068,aegypti,2.1790927946030982,0.01024527971687418,0.010149415027633345,0.010347394118523359,0.01764399623197298,0.01764399623197298,0.01764399623197298,8.548627603612782e-4,8.4682720277625e-4,8.633994838906791e-4,0.029902073660367973,0.02960537563397266,0.03021599322260498,14.847338192974098,81.52678098188404
TUR.10.4_1,2069,aegypti,2.0827230785617363,0.0175283335987577,0.017441842167619646,0.01761636383507965,0.016894973757307863,0.016894973757307863,0.016894973757307863,0.0014668664300615923,0.0014595985296724644,0.0014742670685514352,0.055951291158193917,0.055660039587625096,0.05623899369167486,13.549662014657823,82.19884163048431
TUR.10.4_1,2070,aegypti,2.2533402114297325,0.017954299420994996,0.017845848170201448,0.018061895940513207,0.01826451023922381,0.01826451023922381,0.01826451023922381,0.0015029478907392043,0.0014938256664037614,0.0015119960722989123,0.05378096224516852,0.05346181655374776,0.054097115526301295,14.822044902359016,80.72149330284759
TUR.10.4_1,2071,aegypti,2.1827976111572003,0.015532533850473982,0.015446368268452483,0.01562218240899999,0.017698532105397225,0.017698532105397225,0.017698532105397225,0.0012961037472168653,0.0012888664751948833,0.001303661809332287,0.04478415063920963,0.044515490655813755,0.04506937300643714,14.93314648997244,81.5561586013095
TUR.10.4_1,2072,aegypti,2.14585665061492,0.008500841534584195,0.008417787139706583,0.008580273729018227,0.017377568017505552,0.017377568017505552,0.017377568017505552,7.085883200486557e-4,7.016631804804494e-4,7.152182421760857e-4,0.024649383200706313,0.024407052894888225,0.024889244036233462,14.004419439350135,82.24329111880624
TUR.10.4_1,2073,aegypti,2.324006419338994,0.022048517062785385,0.021961157066620777,0.022147348999875575,0.018831106788704827,0.018831106788704827,0.018831106788704827,0.0018452979833769017,0.0018379315827308353,0.0018536527655900344,0.06177356709878782,0.06150948832480735,0.06206874331960193,15.349417441402442,80.15818617648446
TUR.10.4_1,2074,aegypti,2.1362998386608205,0.006742892036922812,0.00663863237099542,0.006842452078258598,0.017325266959990777,0.017325266959990777,0.017325266959990777,5.623138546421275e-4,5.536034849211793e-4,5.706370735543553e-4,0.019944663559210377,0.0196275533047583,0.020247022434376077,13.967934015705753,81.74023745364511
TUR.10.4_1,2075,aegypti,2.377755385093702,0.025351120703185546,0.02522333305169498,0.02547595999918654,0.019261812104785215,0.019261812104785215,0.019261812104785215,0.002125324660059225,0.0021144714744080187,0.0021359642027474297,0.07031827426292127,0.06992424783481727,0.07070584930992685,15.803520633096067,79.988560258414
TUR.39.3_1,2025,albopictus,0.024867562031731096,1.7891968087102584e-9,1.5912026057884888e-9,2.0011637263950278e-9,2.0367009913555e-4,2.0367009913555e-4,2.0367009913555e-4,1.4909973373042145e-10,1.3260020375826476e-10,1.667636466761539e-10,4.5971069336549673e-7,4.1077072964352626e-7,5.121425325826934e-7,12.288260887550445,58.310623360400264
TUR.39.3_1,2026,albopictus,0.024044326923039604,5.7885577187111185e-9,5.163948585407141e-9,6.51227878012417e-9,1.9692840361033395e-4,1.9692840361033395e-4,1.9692840361033395e-4,4.823798099506556e-10,4.3032905135587306e-10,5.426899035562359e-10,1.4783932351524569e-6,1.3206681119306192e-6,1.662252284088487e-6,11.41898242929293,70.0232291546711
TUR.39.3_1,2027,albopictus,0.024594396659678715,2.535749300425216e-9,2.211499414150886e-9,2.917248009826068e-9,2.0143307958707854e-4,2.0143307958707854e-4,2.0143307958707854e-4,2.113124417414109e-10,1.8429161946300024e-10,2.4310399410562035e-10,6.288919244544685e-7,5.486668424104409e-7,7.234363973806595e-7,12.142314690338702,60.818266106371944
TUR.39.3_1,2028,albopictus,0.023856443718377276,1.9978949994392536e-10,1.8130450751829843e-10,2.1629933122380152e-10,1.9511273427085438e-4,1.9511273427085438e-4,1.9511273427085438e-4,1.6649125087262702e-11,1.510870371203115e-11,1.8024940340755216e-11,5.652805636393217e-8,5.134068590100423e-8,6.119062238181076e-8,11.50118367173983,62.477096113289264
TUR.39.3_1,2029,albopictus,0.027056785136635696,3.6485910915873276e-09,3.2623369727868836e-9,4.082369578495281e-9,2.2159798829299304e-4,2.2159798829299304e-4,2.2159798829299304e-4,3.040492565944741e-10,2.718614211607107e-10,3.4019746400992276e-10,8.792670574682322e-7,7.826553685178853e-7,9.840806127874486e-7,12.91391713717295,61.923858834033076
TUR.39.3_1,2030,albopictus,0.026281858905049586,9.030475893734291e-10,7.870729706871416e-10,1.0443111542191018e-9,2.15252038578038e-4,2.15252038578038e-4,2.15252038578038e-4,7.5253966242652e-11,6.558941874716444e-11,8.702592704129644e-11,2.462576343181903e-7,2.1438947165238384e-7,2.8514824001735216e-7,12.644750230498246,63.2101286577432
TUR.39.3_1,2031,albopictus,0.02563291985229256,5.352700172922553e-8,4.837265706048033e-8,5.942642442302581e-8,2.099377753118544e-4,2.099377753118544e-4,2.099377753118544e-4,4.460583488164553e-9,4.031054763176628e-9,4.95220203940907e-9,1.2833229472271824e-5,1.1609591073641346e-5,1.4231982114312295e-5,12.495639093704156,63.046077919726436
TUR.39.3_1,2032,albopictus,0.027104266908711913,1.8476544233814175e-8,1.616431652973205e-8,2.0744929382643384e-8,2.2167207814698572e-4,2.2167207814698572e-4,2.2167207814698572e-4,1.539712023440165e-9,1.347026384751417e-9,1.7287441232407796e-9,4.155453451480597e-6,3.635442711686504e-6,4.665611860937604e-6,13.185651677834125,59.10528106761462
TUR.39.3_1,2033,albopictus,0.02613176683302881,1.9858569676456384e-9,1.8031136722607144e-9,2.202497095815659e-9,2.1402291402229193e-4,2.1402291402229193e-4,2.1402291402229193e-4,1.6548808049889338e-10,1.502594707662696e-10,1.835414275410604e-10,4.953966514803602e-7,4.4888617471543673e-7,5.482844367357224e-7,12.734601185520125,61.49388936432686
TUR.39.3_1,2034,albopictus,0.02513521855113997,1.9387369129697517e-7,1.7421921445770483e-7,2.1568524808945887e-7,2.058619997707308e-4,2.058619997707308e-4,2.058619997707308e-4,1.6156140941930513e-8,1.4518267867513553e-8,1.797377067201412e-8,4.695991392979316e-5,4.2199846148404524e-5,5.224150931584445e-5,12.265438573142768,61.91115779948718
TUR.39.3_1,2035,albopictus,0.024493296955811202,1.5147371928980746e-9,1.3256894249025207e-9,1.7086075387862108e-9,2.0060514737934207e-4,2.0060514737934207e-4,2.0060514737934207e-4,1.262280999734676e-10,1.1047410987457636e-10,1.4238396867976149e-10,3.803178164024923e-7,3.3299734014830924e-7,4.285617213583189e-7,12.182979684186114,61.35307521892077
TUR.39.3_1,2036,albopictus,0.025209911373257485,7.095220683872583e-9,6.285898673796808e-9,7.941782043108247e-9,2.061809262969098e-4,2.061809262969098e-4,2.061809262969098e-4,5.912683929029872e-10,5.238248931218744e-10,6.618151647807754e-10,1.7379823176536524e-6,1.541403307599859e-6,1.943145806708226e-6,12.226188317425184,63.211733055834834
TUR.39.3_1,2037,albopictus,0.02555161506738586,3.029479376248645e-10,2.626065143118694e-10,3.4835956896905887e-10,2.0927195545579017e-4,2.0927195545579017e-4,2.0927195545579017e-4,2.5245661384232325e-11,2.1883865914131875e-11,2.9029965048606914e-11,7.238811241840522e-8,6.27630551607028e-8,8.322214197266827e-8,13.164176976171268,56.763904286150996
TUR.39.3_1,2038,albopictus,0.026351666819876364,6.554652323909061e-9,5.734389119105288e-9,7.427648418545374e-9,2.1582370457578123e-4,2.1582370457578123e-4,2.1582370457578123e-4,5.462210247857417e-10,4.778657525851178e-10,6.189707086186696e-10,1.7742263467404687e-6,1.5483938644938558e-6,2.0139976672122845e-6,13.23177484347138,58.65358626119779
TUR.39.3_1,2039,albopictus,0.02727421861562657,6.03040940583277e-8,5.224294337691226e-8,6.925769705234952e-8,2.2337856490420305e-4,2.2337856490420305e-4,2.2337856490420305e-4,5.025341171582934e-9,4.353578613936532e-9,5.771474747869338e-9,1.3469244679240201e-5,1.1669819814419158e-5,1.5467449829123744e-5,13.297612153477601,58.528708013618854
TUR.39.3_1,2040,albopictus,0.02496417179337781,1.4235489884439901e-8,1.2622761214053924e-8,1.6003578279244475e-8,2.0417136309462217e-4,2.0417136309462217e-4,2.0417136309462217e-4,1.1862908235660873e-9,1.0518967658127831e-9,1.333631523032102e-9,3.476168065720468e-6,3.0823773398515794e-6,3.9078965627913536e-6,12.536938009646667,56.51858031027005
TUR.39.3_1,2041,albopictus,0.026228937148553053,1.7230596061068583e-10,1.4206273102335131e-10,2.0478478635066463e-10,2.148186552552537e-4,2.148186552552537e-4,2.148186552552537e-4,1.4358830152909788e-11,1.1838571200660713e-11,1.7065396315349833e-11,4.009229451057417e-8,3.3075620600037103e-8,4.7620960407640516e-8,13.362051210850112,55.980632178708774
TUR.39.3_1,2042,albopictus,0.029046829003883088,1.5878936155622193e-8,1.3721409714007037e-8,1.8157458714362917e-8,2.3789444926601103e-4,2.3789444926601103e-4,2.3789444926601103e-4,1.323244679779322e-9,1.1434508141305745e-9,1.513121563043143e-9,3.334625786992312e-6,2.8821393009435813e-6,3.8120014268322916e-6,14.351598360128335,55.5279522267231
TUR.39.3_1,2043,albopictus,0.027694224450128643,1.1099087386945429e-9,9.375486581530978e-10,1.3058636616491978e-9,2.2681800919122086e-4,2.2681800919122086e-4,2.2681800919122086e-4,9.249239470079536e-11,7.812906394509535e-11,1.0882196149408878e-10,2.4397816783794377e-7,2.0609311276361307e-7,2.8704745605572413e-7,13.54041523534768,57.08098255865262
TUR.39.3_1,2044,albopictus,0.030321903501644792,7.36369757735611e-8,6.545598766338757e-8,8.243065191260168e-8,2.479837745230917e-4,2.479837745230917e-4,2.479837745230917e-4,6.136414665895479e-9,5.454665652015748e-9,6.869221005587819e-9,1.4909011844302544e-5,1.3255895185917041e-5,1.668599158372632e-5,14.083062855389846,61.98306357137845
TUR.39.3_1,2045,albopictus,0.02984399817667209,2.1871974683618236e-9,1.8621147651609604e-9,2.5612157644738784e-9,2.4442237926357763e-4,2.4442237926357763e-4,2.4442237926357763e-4,1.822664556448901e-10,1.5517622107939653e-10,2.1343463373645688e-10,4.534027892507027e-7,3.865480385637406e-7,5.29409375638982e-7,14.418595788863433,57.79801197124011
TUR.39.3_1,2046,albopictus,0.026944166794421912,5.143612500368988e-10,4.512276469137433e-10,5.883195652867101e-10,2.2067574809134238e-4,2.2067574809134238e-4,2.2067574809134238e-4,4.2863436179299935e-11,3.7602302086907656e-11,4.902662951625649e-11,1.2199812989425556e-7,1.0754740993347093e-7,1.3899414652250123e-7,13.037915913251174,62.00622832052396
TUR.39.3_1,2047,albopictus,0.02744013756606912,2.1531323110779432e-8,1.924270836561881e-8,2.361658437421976e-8,2.2473728332458864e-4,2.2473728332458864e-4,2.2473728332458864e-4,1.7942769258944236e-9,1.603559028581165e-9,1.9680486939252456e-9,5.582769559675247e-6,4.985676498322812e-6,6.129733810405815e-6,13.205290625976653,63.06197916738675
TUR.39.3_1,2048,albopictus,0.029994797262302048,4.096557516342081e-8,3.641905062801154e-8,4.659005544416228e-8,2.4530895290233074e-4,2.4530895290233074e-4,2.4530895290233074e-4,3.41379793010702e-9,3.0349208845407413e-9,3.882504610777679e-9,8.35606818044123e-6,7.431915615819842e-6,9.501374681789946e-6,14.20327007570578,60.44032592845446
TUR.39.3_1,2049,albopictus,0.02770287943394822,2.025913481418229e-11,1.643686575736325e-11,2.4618768135198365e-11,2.2688888505189206e-4,2.2688888505189206e-4,2.2688888505189206e-4,1.6882613555802193e-12,1.3697454180746491e-12,2.0515540114142297e-12,4.452843639637013e-9,3.6129125607908814e-9,5.410730269615287e-9,13.45772899984035,62.08282966685778
TUR.39.3_1,2050,albopictus,0.02821395801267726,3.2129943940972795e-9,2.84736908218175e-9,3.606403775613387e-9,2.3107410906682743e-4,2.3107410906682743e-4,2.3107410906682743e-4,2.677495303364145e-10,2.372807443305829e-10,3.005336443702735e-10,8.01670820816965e-7,7.079638690639842e-7,8.999707222533127e-7,13.356625701163841,61.12640368215726
TUR.39.3_1,2051,albopictus,0.027565063229053288,8.331793410754074e-11,7.141278124400685e-11,9.711814408230879e-11,2.2576030431314953e-4,2.2576030431314953e-4,2.2576030431314953e-4,6.943161189063674e-12,5.951065773207174e-12,8.093179407287427e-12,1.912131805790566e-8,1.6451095817548998e-8,2.2155718594485398e-8,13.649239125835033,56.627745819811885
TUR.39.3_1,2052,albopictus,0.027776053455367468,5.074290035045337e-9,4.3151599182777995e-9,5.8912045880488154e-09,2.2716556791444834e-4,2.2716556791444834e-4,2.2716556791444834e-4,4.228575027844183e-10,3.595966605879253e-10,4.909337205090127e-10,1.1136281546395843e-6,9.470286260540584e-7,1.2929055639818627e-6,13.866743602342538,56.07502861094958
TUR.39.3_1,2053,albopictus,0.031086824895578718,2.864181457895576e-9,2.5240908807511175e-9,3.21634390787473e-9,2.545996524598489e-4,2.545996524598489e-4,2.545996524598489e-4,2.3868178813037346e-10,2.1034091378136158e-10,2.680286469895523e-10,5.966265093853747e-7,5.263048619893556e-7,6.682275250954883e-7,14.658617216335864,57.511435064400104
TUR.39.3_1,2054,albopictus,0.02863575735723384,5.189316281590806e-7,4.628770969572482e-7,5.74697160632409e-7,0.00023452821010284489,0.00023452821010284489,0.00023452821010284489,4.324430241785616e-8,3.8573091470390235e-8,4.789143013871339e-8,1.1037460891637722e-4,9.845292482958679e-5,1.22236222516757e-4,13.451880909986428,62.59874903433011
TUR.39.3_1,2055,albopictus,0.030245356693618504,8.269716444964104e-11,7.433859361416494e-11,9.215626317615743e-11,2.4770904125869425e-4,2.4770904125869425e-4,2.4770904125869425e-4,6.8914333216555e-12,6.194882216715183e-12,7.679695058144688e-12,1.8990658149105795e-8,1.7042008049426388e-8,2.118173029683201e-8,14.764880287634465,53.675976626798374
TUR.39.3_1,2056,albopictus,0.030410175230379654,6.575795291619002e-10,5.902221794640283e-10,7.307478400164768e-10,2.4870559099225237e-4,2.4870559099225237e-4,2.4870559099225237e-4,5.479829418709164e-11,4.9185180208682046e-11,6.089564395379759e-11,1.6122319195063793e-7,1.4478982741881565e-7,1.790280858224765e-7,14.540582893279327,58.043963146929805
TUR.39.3_1,2057,albopictus,0.03132450687451373,2.2889608564113928e-10,1.994496651169797e-10,2.6111668383066444e-10,2.5654597181084166e-4,2.5654597181084166e-4,2.5654597181084166e-4,1.9074673563669137e-11,1.6620803463491325e-11,2.1759724290305763e-11,5.392232531656327e-8,4.698160264530552e-8,6.151514460433123e-8,15.253435947484903,55.003374768023555
TUR.39.3_1,2058,albopictus,0.029685220875476006,2.2346370598391729e-10,1.8317659333799696e-10,2.6918572371137375e-10,2.4312217342300121e-4,2.4312217342300121e-4,2.4312217342300121e-4,1.8621975764648488e-11,1.5264719086680697e-11,2.243214059907321e-11,4.6416754066636035e-8,3.814673772209453e-8,5.5795957778122696e-8,14.254202681767078,58.61054741613553
TUR.39.3_1,2059,albopictus,0.029807109613912454,4.560777678741523e-9,3.982044835537657e-9,5.14691942676837e-9,2.4412030398542525e-4,2.4412030398542525e-4,2.4412030398542525e-4,3.8006480601053086e-10,3.318370635579672e-10,4.2890995151184515e-10,1.0718750953328433e-6,9.331443119262502e-7,1.2134666958110718e-6,14.057665355987481,60.03481566183255
TUR.39.3_1,2060,albopictus,0.029887424225698865,4.672158018692585e-9,4.000905728940296e-9,5.4135699256718794e-9,2.444309375430609e-4,2.444309375430609e-4,2.444309375430609e-4,3.893465013553368e-10,3.334088214357573e-10,4.5113082638235707e-10,1.1303343967583683e-6,9.679082607585987e-7,1.3098468912305557e-6,14.260112740583352,59.180990251625445
TUR.39.3_1,2061,albopictus,0.030473526166964922,7.063800506523776e-9,6.45697807166723e-9,7.721134090421521e-9,2.495774798193795e-4,2.495774798193795e-4,2.495774798193795e-4,5.886500422729354e-10,5.380815157313534e-10,6.434278491166088e-10,1.7002165818299036e-6,1.5545599372423132e-6,1.8564907225550318e-6,14.18251297531613,61.22081441951281
TUR.39.3_1,2062,albopictus,0.03282227895865429,1.562883495620504e-9,1.3673669252423083e-9,1.776217412041703e-9,2.6881076006034693e-4,2.6881076006034693e-4,2.6881076006034693e-4,1.3024029109986453e-10,1.1394723796970883e-10,1.4801811916016688e-10,3.07341421051525e-7,2.697007479059617e-7,3.471098504251313e-7,15.680516777423156,51.279853058581416
TUR.39.3_1,2063,albopictus,0.031010731436244752,4.312689315666418e-10,3.7672668595778444e-10,5.013969212042113e-10,2.53976540895919e-4,2.53976540895919e-4,2.53976540895919e-4,3.593907767264791e-11,3.139389397975982e-11,4.178306884542029e-11,9.720947675016337e-8,8.459510971887499e-8,1.1324727774431054e-7,14.673903969910873,58.187066428586704
TUR.39.3_1,2064,albopictus,0.032412592469936316,6.334995618543227e-7,5.694983052417778e-7,6.994613943184236e-7,2.6507961761471077e-4,2.6507961761471077e-4,2.6507961761471077e-4,5.2791635533500625e-8,4.7458196836269663e-8,5.8288456175360555e-8,1.2428083443073818e-4,1.1196040725858085e-4,1.3691408380824856e-4,14.979501528528465,57.49826990835355
TUR.39.3_1,2065,albopictus,0.030674217701511988,1.1942597544223333e-10,1.0743237965904484e-10,1.3294308431888167e-10,2.5122090321309337e-4,2.5122090321309337e-4,2.5122090321309337e-4,9.952164454098716e-12,8.952700066835754e-12,1.1078586906415132e-11,2.816818312372423e-8,2.5322752444471392e-8,3.120136411877139e-8,14.91152034003251,57.13255233836657
TUR.39.3_1,2066,albopictus,0.03170232477014852,5.814773284463781e-7,5.168603083555157e-7,6.481104724564979e-7,2.596398208650208e-4,2.596398208650208e-4,2.596398208650208e-4,4.845644462345106e-8,4.3071692961922966e-8,5.400920675989295e-8,1.322420420355927e-4,1.1745140314842981e-4,1.4739302811359853e-4,14.9757257828982,58.80167280904935
TUR.39.3_1,2067,albopictus,0.031981045030246825,1.2391823484003694e-9,1.1187251541810994e-9,1.3689652272885765e-9,2.6192217905035564e-4,2.6192217905035564e-4,2.6192217905035564e-4,1.0326519555112204e-10,9.32270973491725e-11,1.1408043923297897e-10,2.710571887004169e-7,2.4607191196808955e-7,2.9737258216399237e-7,14.84234523573233,62.43799959890531
TUR.39.3_1,2068,albopictus,0.032180343512005355,8.897360275428311e-9,7.828179043878336e-9,1.0044865234037915e-8,2.631805033228296e-4,2.631805033228296e-4,2.631805033228296e-4,7.414466895823106e-10,6.523482534806867e-10,8.370721022206049e-10,1.9528940704091985e-6,1.716750757246634e-6,2.207733963069391e-6,15.127015260842574,58.99487387411283
TUR.39.3_1,2069,albopictus,0.03075717760826498,3.6181242314303754e-8,3.292066677873518e-8,3.981310046641262e-8,2.5190024462643884e-4,2.5190024462643884e-4,2.5190024462643884e-4,3.0151035455344633e-9,2.743388906225078e-9,3.3177583973439303e-9,8.318413220706264e-6,7.575522000463168e-6,9.173878824395714e-6,15.001151609407993,56.05905520193265
TUR.39.3_1,2070,albopictus,0.03327681236559326,3.2289025886367286e-10,2.9006478607929156e-10,3.575730767035878e-10,2.7253275833545126e-4,2.7253275833545126e-4,2.7253275833545126e-4,2.6907522112032164e-11,2.417206993152545e-11,2.97977645489115e-11,7.346371535191242e-8,6.581370292820429e-8,8.152330678509732e-8,15.330777504033975,58.32541071645902
TUR.39.3_1,2071,albopictus,0.03223505539470041,6.221926321714477e-9,5.186946308577411e-9,7.378095365218051e-9,2.6400218999243313e-4,2.6400218999243313e-4,2.6400218999243313e-4,5.184938601083505e-10,4.3224553667666516e-10,6.148412758407791e-10,1.1824170773450381e-6,9.862685180659268e-7,1.400551038405658e-6,14.977705774691833,59.5672908154377
TUR.39.3_1,2072,albopictus,0.031689519746627856,8.382474756984948e-9,7.4476500216968946e-09,9.3480163776416e-9,2.5916699307055685e-4,2.5916699307055685e-4,2.5916699307055685e-4,6.98539563358935e-10,6.206375128141421e-10,7.790013678714662e-10,1.9638659431870746e-6,1.7456205603385196e-6,2.189025557019127e-6,15.102204559233916,54.80352659297473
TUR.39.3_1,2073,albopictus,0.03432039474576676,2.4063524495243625e-9,2.097642087806051e-9,2.7301561539294636e-9,2.810781909904729e-4,2.810781909904729e-4,2.810781909904729e-4,2.0052937090963973e-10,1.7480350870311039e-10,2.2751301726918882e-10,5.127075037211123e-7,4.468177658846495e-7,5.825583765594703e-7,16.275457102047536,54.90872386368599
TUR.39.3_1,2074,albopictus,0.03154838693561392,2.2273421976304332e-7,1.995930137665969e-7,2.4894620561100035e-7,2.5837926669098715e-4,2.5837926669098715e-4,2.5837926669098715e-4,1.8561185768057176e-8,1.6632751781583338e-8,2.0745518051378783e-8,4.496994337620584e-5,4.045409541907005e-5,5.007576476402977e-5,15.008816279954843,59.6773400631794
TUR.39.3_1,2075,albopictus,0.03511414716681341,1.6139351883603935e-8,1.4292133809767904e-8,1.7974561147826585e-8,2.875778212375983e-4,2.875778212375983e-4,2.875778212375983e-4,1.3449459901350146e-9,1.19101114461511e-9,1.4978801049803552e-9,3.396958764855638e-6,3.008161941438908e-6,3.783227367332396e-6,16.262715278056394,57.232237212583286
TUR.40.25_1,2025,albopictus,4.358008034192958,0.02317129288633104,0.02295254239687405,0.023393722188279394,0.03498062051505826,0.03498062051505826,0.03498062051505826,0.0019423128947859611,0.0019238907165090645,0.0019610844313426162,0.03615044662357255,0.03580239877581565,0.036501443649778906,15.675235155458545,72.09307080832393
TUR.40.25_1,2026,albopictus,4.213737147761496,0.018071210777118724,0.01790501596913411,0.018242716235319503,0.033845198163854444,0.033845198163854444,0.033845198163854444,0.0015110954332812204,0.0014970963396452376,0.0015254526025043303,0.028188286510834486,0.02791649080373424,0.028468377445769962,14.841911676759814,78.02187107331824
TUR.40.25_1,2027,albopictus,4.310136156581934,0.015108126196059654,0.01489907669518344,0.015316529666246099,0.03460403441955217,0.03460403441955217,0.03460403441955217,0.0012640359906957446,0.0012464932280016076,0.00128154723913805,0.02409717233468119,0.02376375126199576,0.024429438192579027,15.02197710994412,74.00370294180782
TUR.40.25_1,2028,albopictus,4.180810859516449,0.017277786265309264,0.0170547157830439,0.017480899844508353,0.03353914761978441,0.03353914761978441,0.03353914761978441,0.0014463040850810685,0.001427561655039863,0.0014633834201144423,0.028454364812821407,0.028088958202984127,0.02879025161662305,15.206431352332528,73.81646106965613
TUR.40.25_1,2029,albopictus,4.741666547546265,0.029499393141353136,0.02927092263629709,0.02972416146894588,0.03799263188296156,0.03799263188296156,0.03799263188296156,0.002478969183493232,0.0024595995504528294,0.002498052787145402,0.04391707645079846,0.043574138579048495,0.04425681440699701,15.48105419003496,74.05315254457068
TUR.40.25_1,2030,albopictus,4.605861729251255,0.015709286959488325,0.015496506775518736,0.015915137182728568,0.03692769028873733,0.03692769028873733,0.03692769028873733,0.0013146136657409444,0.0012967045442776662,0.0013319257292581598,0.024318228958935772,0.023994750907598023,0.02464119429948075,15.694246017173226,74.26816064444454
TUR.40.25_1,2031,albopictus,4.4921360008502145,0.02240724644029292,0.0222195569980245,0.022593898590303373,0.036034850263874735,0.036034850263874735,0.036034850263874735,0.0018771717718835438,0.0018613615475214645,0.0018928789173391007,0.03358825488517257,0.03330287504432379,0.03387027580863961,15.178833209708626,75.09455091086299
TUR.40.25_1,2032,albopictus,4.749987666597736,0.01892966401989193,0.01872885610142287,0.019112838188985314,0.03800505732393661,0.03800505732393661,0.03800505732393661,0.0015812896689510266,0.0015644311907179384,0.0015966937996906728,0.025845569552987654,0.025554092248949604,0.0261135578170725,16.139919006064826,73.20172864523799
TUR.40.25_1,2033,albopictus,4.579558288049397,0.015222778572918087,0.015008887766611407,0.015430801437399808,0.03672127076224271,0.03672127076224271,0.03672127076224271,0.001274139729554025,0.0012561691578384954,0.0012915715125585662,0.024373107122737568,0.02403536432113448,0.024712535811374916,15.628344101940884,74.45167905417354
TUR.40.25_1,2034,albopictus,4.404914492514028,0.0252732365716027,0.025066690088366275,0.02546134526527315,0.03534944934381543,0.03534944934381543,0.03534944934381543,0.002118666089194214,0.002101220218233654,0.002134516495623705,0.03860329630051021,0.03827892261673202,0.03890177686311992,15.446197115615304,74.31452034242224
TUR.40.25_1,2035,albopictus,4.292418564437319,0.02081007022151109,0.020568112886313324,0.021036379147037144,0.0344646156916967,0.0344646156916967,0.0344646156916967,0.001743474716006248,0.0017230802553688566,0.0017626110865408624,0.032586001161896395,0.03219893679587103,0.0329615518656135,15.140150788660144,73.36488960511755
TUR.40.25_1,2036,albopictus,4.418004312837762,0.02818858743249149,0.027984561595958076,0.028400161912733052,0.03540310143319437,0.03540310143319437,0.03540310143319437,0.002369194623434449,0.002351862585140646,0.0023871564165478558,0.044947405162039884,0.04458582543375439,0.04530162013067435,15.283200147981738,74.1558867924141
TUR.40.25_1,2037,albopictus,4.477887442612394,0.023007954504488528,0.022778875405700408,0.023231284019889248,0.03592292078182113,0.03592292078182113,0.03592292078182113,0.001928533681816054,0.0019092204244617141,0.0019473620630672344,0.03521027523033858,0.034858342403364176,0.03555476202784089,15.696676853532885,72.70432804353308
TUR.40.25_1,2038,albopictus,4.618095475899888,0.01636456241486031,0.01614511473876927,0.016573433342037622,0.03702367892059651,0.03702367892059651,0.03702367892059651,0.001369265989865181,0.0013508195613257572,0.0013868186406950428,0.02411977909137589,0.023794614926594456,0.02443183652967215,15.600408239399686,73.72476655569942
TUR.40.25_1,2039,albopictus,4.779771483089832,0.02275786962193176,0.022539192925885968,0.022981865383687558,0.038291197892142866,0.038291197892142866,0.038291197892142866,0.001906373764765015,0.0018879408061619673,0.0019252162470620047,0.03197917836235148,0.03166322422126367,0.0323034042892654,15.474822524423693,73.51912576285274
TUR.40.25_1,2040,albopictus,4.374938769779367,0.024609073262903968,0.024375061284696454,0.02482182264631001,0.03506498180133588,0.03506498180133588,0.03506498180133588,0.0020643970037701963,0.0020445759137685112,0.0020823951400664098,0.038111395663328475,0.03773178555884929,0.03846369885916499,15.485097649927233,73.23691128022742
TUR.40.25_1,2041,albopictus,4.596587259976736,0.021720682597636966,0.021475906419461618,0.021978681527570956,0.03685491350543443,0.03685491350543443,0.03685491350543443,0.0018207605198260475,0.0018001138429515331,0.001842551537472756,0.03244661925941063,0.032066770073888,0.03286045397963516,15.284206115439828,71.33768382000198
TUR.40.25_1,2042,albopictus,5.090419157504341,0.036269962266293115,0.03595486205268674,0.036592938435220976,0.04072128984483047,0.04072128984483047,0.04072128984483047,0.003061178744453579,0.0030342418873573113,0.0030888660759957223,0.051264223013293135,0.05083085517684208,0.05172414805520574,16.83762975855201,71.40361323284378
TUR.40.25_1,2043,albopictus,4.853376961537312,0.021317909080686776,0.02108172778894582,0.021562958394200207,0.038867623865475626,0.038867623865475626,0.038867623865475626,0.001784313600850474,0.0017643960814058624,0.0018050569210792038,0.029241162710783843,0.02889011116426772,0.0295890418854424,16.05592306776374,73.1661988727974
TUR.40.25_1,2044,albopictus,5.313874311586176,0.034514047056283706,0.03424224480125527,0.034764402925887394,0.04240622650206919,0.04240622650206919,0.04240622650206919,0.0029055367815695628,0.0028823680118064627,0.002926956994621002,0.04513306659180724,0.04476150363676479,0.04548431393871775,17.11630610946347,73.111871861689
TUR.40.25_1,2045,albopictus,5.230122022433058,0.03545500158147603,0.03516495665250423,0.035763882154697745,0.04181185086482031,0.04181185086482031,0.04181185086482031,0.0029859257353183617,0.002961186807332199,0.003012416754893115,0.04729277214302809,0.046874260159816244,0.047738052962457235,16.59036569122006,72.38258662151566
TUR.40.25_1,2046,albopictus,4.721930328951982,0.02161064314691341,0.02139121573228986,0.021833350487079437,0.03783794981731711,0.03783794981731711,0.03783794981731711,0.0018106518184058935,0.0017922167024884454,0.0018294220576192636,0.03095213159112787,0.03062358750960979,0.031275081045688595,15.491134169931506,74.80682895906043
TUR.40.25_1,2047,albopictus,4.808848564233968,0.02274442879830683,0.02253665535231347,0.02293426834992009,0.038518956175414475,0.038518956175414475,0.038518956175414475,0.0019068147774272775,0.0018892488833269995,0.0019228247543789736,0.03263177852420782,0.0323321036729202,0.032902729373860344,15.48278717521359,75.21071575410437
TUR.40.25_1,2048,albopictus,5.256549366854105,0.03676489524775513,0.03649690722767026,0.037050755240374746,0.04195985388805582,0.04195985388805582,0.04195985388805582,0.0030986554075963057,0.0030757774976726345,0.003123119245507651,0.049390377213749156,0.04901186802924305,0.049792366315486676,16.636923832928435,74.30271131125362
TUR.40.25_1,2049,albopictus,4.854893736240574,0.02855269951072408,0.02832627243380836,0.028773919141285895,0.038879498019385415,0.038879498019385415,0.038879498019385415,0.0023974046901394843,0.0023781974990685403,0.002416205604857914,0.040364226888571435,0.04002519929108938,0.04069930010204588,15.793888770774299,75.07672641999793
TUR.40.25_1,2050,albopictus,4.944459595143954,0.03273521045127293,0.032434728208383064,0.03301087217043124,0.03958037221037896,0.03958037221037896,0.03958037221037896,0.002755447137898194,0.0027298029150246276,0.0027788822964467056,0.04630997307909127,0.04587078210185206,0.0467063358286873,16.5635523430857,73.09038939403763
TUR.40.25_1,2051,albopictus,4.830741624851138,0.034503224318664316,0.034269273014480676,0.0347358268543861,0.03869040197755025,0.03869040197755025,0.03869040197755025,0.0029063410699156538,0.002886317499472011,0.002926292103508575,0.04992962885382892,0.049568841969578364,0.050299250054274325,16.159899675086432,72.82700711813838
TUR.40.25_1,2052,albopictus,4.867717388709295,0.02714549089812179,0.026881107208112185,0.027402815742053915,0.03892585035747544,0.03892585035747544,0.03892585035747544,0.0022782664165971736,0.0022559581522712873,0.002299931790169853,0.038224755837031804,0.03784629559729254,0.03858520832484948,16.750621401503974,71.32249401338171
TUR.40.25_1,2053,albopictus,5.447925795042275,0.02625296377139448,0.025959083729732615,0.026554064898972413,0.043509265737600895,0.043509265737600895,0.043509265737600895,0.002203067788099039,0.002178196467274915,0.0022285375414613524,0.03320529279387864,0.03280596427449438,0.03360286746378292,17.131745778754645,71.41819809205603
TUR.40.25_1,2054,albopictus,5.018379383905287,0.03376544312691992,0.03346902844467968,0.03403206772460512,0.04015837238996527,0.04015837238996527,0.04015837238996527,0.0028426297286484378,0.0028175064922930796,0.002865377325925361,0.047491502495908874,0.04705456802003639,0.04789796779149637,16.60976620836585,73.20978401429724
TUR.40.25_1,2055,albopictus,5.300459582633465,0.030467234660880024,0.030141704480298778,0.03081664818203217,0.04236039006939927,0.04236039006939927,0.04236039006939927,0.002564221830142784,0.002536458849571848,0.002593958578323708,0.04055985978477697,0.04011585221940329,0.04104421283537804,17.135195139284228,72.11287163026404
TUR.40.25_1,2056,albopictus,5.329343817705342,0.05778832677491899,0.05749139275841161,0.05809817151792609,0.042526642315403984,0.042526642315403984,0.042526642315403984,0.004920679397688195,0.0048947541741680605,0.0049476436865746026,0.0807165829369597,0.08029138385655775,0.08117335742486212,17.18087764902442,72.64543420401485
TUR.40.25_1,2057,albopictus,5.489579253972424,0.044029139571785295,0.043685298076461036,0.04435608723333627,0.043833493066050076,0.043833493066050076,0.043833493066050076,0.0037285658181140176,0.0036990158573418693,0.003756712965016293,0.05880389936206651,0.058334469650973435,0.059255228136671376,17.55681828979184,72.61400332378616
TUR.40.25_1,2058,albopictus,5.202296506068524,0.03237085112515457,0.03207021732469635,0.03267099033009126,0.04159474984086468,0.04159474984086468,0.04159474984086468,0.0027247399315424754,0.0026991254306296788,0.00275018845152548,0.04426588547104324,0.04383046733838823,0.04468810977346166,16.754140578940802,74.84235936728389
TUR.40.25_1,2059,albopictus,5.2236573495925445,0.03965310750180006,0.03937045652821654,0.039945226035102435,0.04176141702403388,0.04176141702403388,0.04176141702403388,0.003343533632827988,0.0033193693434772627,0.003368512502669612,0.05335667852153247,0.052936317358056234,0.05377812495147456,17.034724357957934,72.45231324759395
TUR.40.25_1,2060,albopictus,5.237732381273641,0.03166251496759009,0.03138109823009335,0.031935335342598355,0.04181327969288945,0.04181327969288945,0.04181327969288945,0.002661019693022199,0.002637115339166802,0.002684139386132634,0.04182255800202666,0.04143224804658069,0.04219589792289591,17.08684083147376,74.28507501212032
TUR.40.25_1,2061,albopictus,5.340445987281112,0.053562835408034866,0.05327792960254886,0.05383724886391025,0.04267207076001894,0.04267207076001894,0.04267207076001894,0.004548424201321131,0.004523708443031,0.00457228376132321,0.07244243834747312,0.07204497403349983,0.07283397460880119,17.096959236497973,75.1826685103503
TUR.40.25_1,2062,albopictus,5.752061871598779,0.04576096636527458,0.045370930912189196,0.04613698275879085,0.04587375104971695,0.04587375104971695,0.04587375104971695,0.003869040092541739,0.003835501781341626,0.0039015268813571836,0.05653648738358771,0.05603043293913238,0.057046643170143366,17.75068088693946,70.90798519380164
TUR.40.25_1,2063,albopictus,5.434590514860655,0.035736861094318464,0.03544097309968437,0.0360426520978932,0.04340543839607808,0.04340543839607808,0.04340543839607808,0.0030095245342689173,0.0029842999298831875,0.003035606844778966,0.04662702573361945,0.046238369939686844,0.04703367464931778,17.044474644696013,73.77273605592322
TUR.40.25_1,2064,albopictus,5.680264845132934,0.05497210616759274,0.05466262371929049,0.05526411459704458,0.04525359621186467,0.04525359621186467,0.04525359621186467,0.004665189053844668,0.004638322821851832,0.004690666537903322,0.06919909290774114,0.06877956222407665,0.06959792274267251,17.33773056987454,72.10587356813025
TUR.40.25_1,2065,albopictus,5.375616918747358,0.042636658737476706,0.042308895219849194,0.042935442801874765,0.042946120641844804,0.042946120641844804,0.042946120641844804,0.0036047165939460165,0.0035765500630816588,0.0036303588419167037,0.05695652054099351,0.05648870545591075,0.057376451848447446,16.952769362166816,73.74731777436804
TUR.40.25_1,2066,albopictus,5.555791350781003,0.04703581465553356,0.04672477738592644,0.04733032772188881,0.04434862452753612,0.04434862452753612,0.04434862452753612,0.003982402647106698,0.003955530572268773,0.004007833664496064,0.060574113159591866,0.06015103101765946,0.06098104737034239,17.557827754055754,73.43583788799515
TUR.40.25_1,2067,albopictus,5.604636715326624,0.04948210693337487,0.049174470298947615,0.04979752387315114,0.04472843921754718,0.04472843921754718,0.04472843921754718,0.004196672699057107,0.004170194282113308,0.004223918692748119,0.06540740830022207,0.06499248475068918,0.06582371719236556,17.31503594243059,74.35263234702022
TUR.40.25_1,2068,albopictus,5.639563516096151,0.055026533703031566,0.054715930554260536,0.05532292066481251,0.044937767738190755,0.044937767738190755,0.044937767738190755,0.004675796045494909,0.00464881737160195,0.00470160508432176,0.07109538075013394,0.07065243480827008,0.07150698594818308,17.535342179969245,74.15352835582962
TUR.40.25_1,2069,albopictus,5.3901555349448005,0.060738626652772604,0.060453586013811206,0.06104671016279793,0.04305937852131599,0.04305937852131599,0.04305937852131599,0.005173742767869298,0.00514893543740442,0.005200597844215251,0.08225433341406566,0.08184319306968244,0.08269900128652587,17.04399701280921,74.84923694856238
TUR.40.25_1,2070,albopictus,5.831718262390989,0.034622498961253925,0.034263848933402466,0.03497991084753535,0.046491930125381005,0.046491930125381005,0.046491930125381005,0.002916796274141406,0.0028862379072691013,0.002947283115057738,0.042604963927100746,0.042154805873956834,0.04305665521396347,17.644228739773528,70.95863610831172
TUR.40.25_1,2071,albopictus,5.649151702668145,0.04301310888801204,0.04271294871233079,0.043327171855049085,0.045074431291166846,0.045074431291166846,0.045074431291166846,0.0036336577593771807,0.0036079888899626595,0.00366058190974464,0.05410491910941174,0.053682264266744405,0.05452356846324853,17.229734622672492,74.57265550223262
TUR.40.25_1,2072,albopictus,5.5535472869958245,0.04809791637985327,0.04772745902618494,0.04845645070259519,0.04426991825809801,0.04426991825809801,0.04426991825809801,0.004077679452084,0.004045643294016421,0.004108691970361498,0.06317546482192156,0.0626794226641026,0.0636661580576255,17.131442629531318,72.58710970806351
TUR.40.25_1,2073,albopictus,6.014604722725747,0.04858536078300016,0.048203241978483136,0.04898089856854596,0.04790950269542315,0.04790950269542315,0.04790950269542315,0.004117859133979592,0.004084905368419176,0.004152032275822628,0.058395389040374425,0.05792379839230484,0.058891635585677005,18.30246881965329,71.13853468822708
TUR.40.25_1,2074,albopictus,5.528813944680153,0.05868850251022727,0.05840502767344253,0.0589726751795497,0.0441387780461257,0.0441387780461257,0.0441387780461257,0.004993890258394789,0.004969312998468849,0.005018627322098929,0.07755724632308672,0.07716430655106946,0.07796171637806464,17.391467375790373,73.93352649934363
TUR.40.25_1,2075,albopictus,6.153708806337461,0.04593878620413396,0.045604809754266014,0.04630406895033092,0.04898610105929155,0.04898610105929155,0.04898610105929155,0.0038855654028296075,0.003856846916368195,0.003917061371851867,0.054264526602236275,0.05385657488172831,0.054722859390848685,18.418980561927253,73.57953785188269
TUR.59.4_1,2025,albopictus,22.13277444559901,1.7861375548840363e-4,1.6225779381133233e-4,1.9686879165447255e-4,0.16388057662313849,0.16388057662313849,0.16388057662313849,1.4885061417967042e-5,1.3521970981701255e-5,1.6406409715522646e-5,5.9874247169763724e-5,5.451569368465521e-5,6.587035107165259e-5,14.917008106103715,56.75304257645827
TUR.59.4_1,2026,albopictus,21.400073871529166,4.0211847147091984e-4,3.692780745526536e-4,4.376436104567449e-4,0.15897343232397046,0.15897343232397046,0.15897343232397046,3.3512589816630175e-5,3.077554401995722e-5,3.647369485088651e-5,1.3790605791724024e-4,1.2680928377938234e-4,1.5007227302367052e-4,13.886729820759273,66.12599662715814
TUR.59.4_1,2027,albopictus,21.889650187649284,1.340886286981816e-4,1.1848860451118827e-4,1.504049515776401e-4,0.1622559368523846,0.1622559368523846,0.1622559368523846,1.117405646269807e-5,9.874054063832837e-6,1.2533750347795416e-5,4.3178289251452494e-5,3.8159285449879816e-5,4.842689591749901e-5,14.749207620015916,58.698697127646426
TUR.59.4_1,2028,albopictus,21.232852951939154,1.1787049801709193e-4,1.055874407649371e-4,1.3242903679873131e-4,0.15764621522386021,0.15764621522386021,0.15764621522386021,9.822570951310358e-6,8.798982241742194e-6,1.103578790315739e-5,4.535317410376109e-5,4.063706760023267e-5,5.094568907575171e-5,14.518274371019182,57.83589525793614
TUR.59.4_1,2029,albopictus,24.081239724588585,1.0697986358798084e-4,9.569381354783413e-5,1.1840176781402756e-4,0.17677127165284287,0.17677127165284287,0.17677127165284287,8.91520825091834e-6,7.974662245004603e-6,9.867087606729487e-6,3.3402892561604314e-5,3.0033677113374076e-5,3.6834626364661005e-5,15.465795084030605,59.36695833777012
TUR.59.4_1,2030,albopictus,23.39153530266784,4.487420584484281e-5,3.98906268389565e-5,5.0077801138831424e-5,0.17223453048699125,0.17223453048699125,0.17223453048699125,3.7395244499885036e-6,3.3242248498834318e-6,4.17315812455702e-6,1.3751420141608572e-5,1.2237089015411373e-5,1.5332152879051627e-5,15.161863549740291,60.459595081951434
TUR.59.4_1,2031,albopictus,22.81396273382153,0.0043669611015455,0.004043339410124994,0.004711505234946403,0.16841331691161873,0.16841331691161873,0.16841331691161873,3.639738895951544e-4,3.3699689854141407e-4,3.926945646324469e-4,0.001365170299752745,0.001264005657462102,0.0014727225007842538,14.925428732426143,61.76994772528233
TUR.59.4_1,2032,albopictus,24.12349973183414,4.112215812004564e-4,3.663541093374134e-4,4.6287263418475215e-4,0.17682407037321454,0.17682407037321454,0.17682407037321454,3.4268466691040906e-5,3.052951053428479e-5,3.85727213636102e-5,1.2196788225501692e-4,1.086605327671984e-4,1.3728727274600847e-4,15.616934999020076,58.00943537329258
TUR.59.4_1,2033,albopictus,23.257949470173703,3.431498530023932e-4,3.0774951973171763e-4,3.787005189385073e-4,0.17135252015927757,0.17135252015927757,0.17135252015927757,2.8595858351103695e-5,2.5645824626493252e-5,3.155841816173808e-5,1.0495595162470373e-4,9.413255856504238e-5,1.1581742821567588e-4,15.264749729823247,59.6153663374446
TUR.59.4_1,2034,albopictus,22.37099568197963,0.0017003349052474655,0.0015343022923683337,0.0018655604047393332,0.1654689519681921,0.1654689519681921,0.1654689519681921,1.4169487007897798e-4,1.2785879145614656e-4,1.5546366978251677e-4,5.371454993150862e-4,4.8470670255601413e-4,5.893217718578507e-4,15.126737559031623,58.76812112107497
TUR.59.4_1,2035,albopictus,21.799668832043885,8.642395942425041e-5,7.563560844934813e-5,9.800215368109266e-5,0.1616537336888538,0.1616537336888538,0.1616537336888538,7.202014005099655e-6,6.302981813726608e-6,8.166867399954044e-6,2.8054215769178677e-5,2.4563396486980646e-5,3.180219344766806e-5,15.122295801034745,57.42198184902094
TUR.59.4_1,2036,albopictus,22.437474228711427,2.021446882338055e-4,1.8478705276591954e-4,2.2241412108084114e-4,0.1656997762579546,0.1656997762579546,0.1656997762579546,1.6846171973837122e-5,1.539962276814088e-5,1.853537970187479e-5,6.74358069124222e-5,6.18507704219622e-5,7.403440290917258e-5,15.067869170696712,59.621740378684024
TUR.59.4_1,2037,albopictus,22.74159936891299,5.7530893980089595e-5,5.098988350313305e-5,6.47467333540902e-5,0.16793313819404346,0.16793313819404346,0.16793313819404346,4.794282308402812e-6,4.249191856530359e-6,5.395611967540805e-6,1.851618946009114e-5,1.6471937300102887e-5,2.0793200760556297e-5,15.699612562051591,56.913259225831645
TUR.59.4_1,2038,albopictus,23.453666155358874,2.466305492126113e-4,2.198966534532998e-4,2.745715321191916e-4,0.17264438741716678,0.17264438741716678,0.17264438741716678,2.0553094552737687e-5,1.8325213780485327e-5,2.288163488500453e-5,8.587398346350853e-5,7.644434815225915e-5,9.55773963640045e-5,15.9403563978187,57.411109326031024
TUR.59.4_1,2039,albopictus,24.27476115388215,3.301863553057416e-5,2.889891779921383e-5,3.7853985602320785e-5,0.17803909323990968,0.17803909323990968,0.17803909323990968,2.7515663087750443e-6,2.408254859444077e-6,3.154514156307777e-6,1.0050664710448317e-5,8.847497347073964e-6,1.1472610411552887e-5,16.07645120639719,56.456134197857196
TUR.59.4_1,2040,albopictus,22.218759636308157,2.693703661228759e-4,2.3614398654757672e-4,3.0575094655448944e-4,0.1642441258246499,0.1642441258246499,0.1642441258246499,2.2447608623176417e-5,1.967873552790229e-5,2.547933465315994e-5,8.588702614536104e-5,7.53235959308635e-5,9.745945133020258e-5,15.486763501357213,55.002485312766055
TUR.59.4_1,2041,albopictus,23.344433568355964,8.39326083927261e-6,7.106031822554093e-6,9.75730119504581e-6,0.17192366066588385,0.17192366066588385,0.17192366066588385,6.994386054137989e-7,5.921694927758431e-7,8.131086585593642e-7,2.5734663704933456e-6,2.181864854834681e-6,2.988026789827366e-6,15.388633195749101,57.3095646279516
TUR.59.4_1,2042,albopictus,25.852430321979366,8.810381689498686e-4,7.866599462002355e-4,9.7797979546618e-4,0.18829182771647562,0.18829182771647562,0.18829182771647562,7.342510790443504e-5,6.556001293440985e-5,8.150413976161417e-5,2.5028664943182126e-4,2.237936889318124e-4,2.7724092883760394e-4,16.59113735376912,55.26436904842279
TUR.59.4_1,2043,albopictus,24.64857722756916,1.5954259027290973e-6,1.4529292876819256e-6,1.7414006595634081e-6,0.18048175182251938,0.18048175182251938,0.18048175182251938,1.3295221162473948e-7,1.2107748366302187e-7,1.4511678544683005e-7,5.244646330566187e-7,4.769891699616298e-7,5.72318402571742e-7,16.271134718449094,55.96701816493891
TUR.59.4_1,2044,albopictus,26.98727965800536,0.0011800475244407417,0.0010581413982118206,0.0013137387154785129,0.19533177655334694,0.19533177655334694,0.19533177655334694,9.833968208988217e-5,8.818056820417329e-5,1.0948102444903387e-4,3.198844399238459e-4,2.869172105054429e-4,3.560490255531253e-4,16.671983544221696,59.92632869655512
TUR.59.4_1,2045,albopictus,26.561931537812686,2.9085982576247026e-4,2.605668318957616e-4,3.2547084353582166e-4,0.19285478571513956,0.19285478571513956,0.19285478571513956,2.423852929598012e-5,2.1714098527642963e-5,2.712284289376634e-5,9.387940535753886e-5,8.413542941946085e-5,1.0503786484252463e-4,16.784150306573686,57.34707104935866
TUR.59.4_1,2046,albopictus,23.981006482444688,7.138547299069664e-5,6.164334027385921e-5,8.25878066453567e-5,0.17611373017302323,0.17611373017302323,0.17611373017302323,5.948797261029647e-6,5.1369522383912164e-6,6.882326164274887e-6,2.1318341683748225e-5,1.8422323636698343e-5,2.465248744999519e-5,15.736715618959245,59.17660430843256
TUR.59.4_1,2047,albopictus,24.42243331819442,1.7608403566795496e-5,1.6104918317372263e-5,1.920781226945334e-5,0.17900503605086732,0.17900503605086732,0.17900503605086732,1.4673758007674712e-6,1.3420839994153158e-6,1.600661477307374e-6,5.775035654691248e-6,5.285283830691832e-6,6.305104787390769e-6,15.891202652644292,59.058288929607684
TUR.59.4_1,2048,albopictus,26.696146630735413,4.0303432813609477e-4,3.579247578012784e-4,4.527998590515947e-4,0.19347222316943888,0.19347222316943888,0.19347222316943888,3.358660597237454e-5,2.9827458651624574e-5,3.773382309742304e-5,1.1043565070141148e-4,9.819216178555365e-5,1.2404724353269107e-4,16.911294643274125,57.305036264405864
TUR.59.4_1,2049,albopictus,24.656280387390964,1.1184618447751537e-5,1.0010530718126964e-5,1.2548777634946439e-5,0.1805319996729588,0.1805319996729588,0.1805319996729588,9.320542201142769e-7,8.342130907759287e-7,1.0457347342823042e-6,3.6428087238922214e-6,3.27805876403145e-6,4.053443539036445e-6,16.0469024819048,60.84667940710606
TUR.59.4_1,2050,albopictus,25.111153562837497,2.516738929393414e-6,2.3004354904210264e-6,2.7298359756539046e-6,0.18349289358631174,0.18349289358631174,0.18349289358631174,2.0972838952601005e-7,1.9170307992610384e-7,2.2748649944091356e-7,8.818308407436507e-7,8.06750399901431e-7,9.558192508083337e-7,16.351130589039304,57.90987145676833
TUR.59.4_1,2051,albopictus,24.53362039466647,2.098825012187433e-5,1.865295531626454e-5,2.3368790362629507e-5,0.17973146653965252,0.17973146653965252,0.17973146653965252,1.749021273592599e-6,1.5544133046008355e-6,1.947399623144964e-6,7.233599165549739e-6,6.42861115937171e-6,8.054677520257189e-6,16.31176903266825,56.65946550940098
TUR.59.4_1,2052,albopictus,24.72140716215413,1.0245146501439705e-6,9.213802469126841e-7,1.1414490842187598e-6,0.18072812182371248,0.18072812182371248,0.18072812182371248,8.537624607885461e-8,7.67817073438126e-8,9.51207875016495e-8,3.379576020769992e-7,3.0544566870701245e-7,3.7374767256487256e-7,16.654647374343053,55.644718207663516
TUR.59.4_1,2053,albopictus,27.668079515222978,2.5359437160391795e-5,2.191317798633519e-5,2.910548180557748e-5,0.19991012106682574,0.19991012106682574,0.19991012106682574,2.1132937366254156e-6,1.826104621461144e-6,2.4254659408181186e-6,6.895662492809485e-6,5.9794887563917785e-6,7.889285134513035e-6,17.199152851294652,56.97210633530837
TUR.59.4_1,2054,albopictus,25.486565906937013,7.011911360509506e-4,6.271204711286227e-4,7.798218212876018e-4,0.18592731985724237,0.18592731985724237,0.18592731985724237,5.843543053986056e-5,5.22626264482736e-5,6.498836493261514e-5,2.013870028625766e-4,1.8040963079992494e-4,2.2363467108776948e-4,16.263225778133847,59.54829982692621
TUR.59.4_1,2055,albopictus,26.91915101578404,7.266663451022337e-5,6.577651808206686e-5,8.028911310070663e-5,0.1951410066603916,0.1951410066603916,0.1951410066603916,6.055554020951556e-6,5.481377505880273e-6,6.690760610944416e-6,2.3126932025263975e-5,2.0934463815601435e-5,2.5552701376303778e-5,17.534339730134782,52.70324647202712
TUR.59.4_1,2056,albopictus,27.06584378341174,0.003049430010365043,0.0028376140320195004,0.0032674315186375005,0.19583274633419867,0.19583274633419867,0.19583274633419867,2.5412794233835995e-4,2.36475905561208e-4,2.722950670968805e-4,9.67848793861581e-4,9.007308186940021e-4,0.0010369811756991013,17.00240018386759,59.057291704164165
TUR.59.4_1,2057,albopictus,27.879622634039354,8.404354700972649e-5,7.476686916685071e-5,9.459573002382203e-5,0.2012513346920397,0.2012513346920397,0.2012513346920397,7.0036539721557785e-6,6.23059479200185e-6,7.883005849299415e-6,2.6039418000643717e-5,2.3174332808265086e-5,2.9293984122998976e-5,17.71862417875844,55.831645049399356
TUR.59.4_1,2058,albopictus,26.42061562634659,4.401880328832153e-6,3.846579185257104e-6,4.9995832675675535e-6,0.19194830252629397,0.19194830252629397,0.19194830252629397,3.6682345411088993e-7,3.2054834186656205e-7,4.1663204084315876e-7,1.5465017725643423e-6,1.349365161141397e-6,1.7592424890483053e-6,17.095671359887895,57.38821287725987
TUR.59.4_1,2059,albopictus,26.529099761294365,9.394788573532376e-6,8.450202919085827e-6,1.044566723414353e-5,0.19264428745794318,0.19264428745794318,0.19264428745794318,7.829010293768565e-7,7.041851984362546e-7,8.704747545754856e-7,2.860948492287537e-6,2.5860287164107545e-6,3.1662475141770266e-6,16.76537750581024,57.78203014308832
TUR.59.4_1,2060,albopictus,26.600581846473695,5.72416128559472e-6,5.103655314925292e-6,6.355050101566894e-6,0.19286074855431037,0.19286074855431037,0.19286074855431037,4.770142242783712e-7,4.2530523405650383e-7,5.295884654534167e-7,1.840655989483982e-6,1.6421582943904058e-6,2.041461754830517e-6,17.107141041945592,57.91024052872878
TUR.59.4_1,2061,albopictus,27.1222277581886,9.096889787171031e-4,8.415654248159404e-4,9.8639290640275e-4,0.19643739608885985,0.19643739608885985,0.19643739608885985,7.582109337591856e-5,7.014255515694875e-5,8.221495075461338e-5,2.938670755548437e-4,2.7209399739348757e-4,3.18327638071927e-4,16.621892476271764,61.12858489925287
TUR.59.4_1,2062,albopictus,29.212678591310063,7.166571195846283e-5,6.423073842692639e-5,7.935414718391599e-5,0.20964401725892595,0.20964401725892595,0.20964401725892595,5.972207553709992e-6,5.352615317353057e-6,6.6129254928492585e-6,2.0688498047862066e-5,1.850394629373415e-5,2.2919427368520844e-5,18.420749926756994,51.86484976385655
TUR.59.4_1,2063,albopictus,27.600354365082605,2.5048434558624377e-5,2.245661212298966e-5,2.7739441082469394e-5,0.19948018826615926,0.19948018826615926,0.19948018826615926,2.087380700271262e-6,1.8713940005405674e-6,2.311632469243649e-6,8.031411149610183e-6,7.218431326457691e-6,8.888545110891793e-6,17.481490795007524,57.0600529092016
TUR.59.4_1,2064,albopictus,28.848047002711457,0.006304879770675515,0.005937093440521953,0.006683358247736324,0.20710157001183319,0.20710157001183319,0.20710157001183319,5.259445826444096e-4,4.952234084147127e-4,5.575489587980504e-4,0.0018386335220756341,0.0017307984504389235,0.0019521546342075337,17.572829210948125,55.102576929078715
TUR.59.4_1,2065,albopictus,27.30084842319804,3.571864962484284e-5,3.243226269515898e-5,3.919270398518581e-5,0.19757568523244376,0.19757568523244376,0.19757568523244376,2.976579232127827e-6,2.7027094003981828e-6,3.2660881835350122e-6,1.1621139005831478e-5,1.0535624268773654e-5,1.2748818239641479e-5,17.511393233330228,56.938434002544696
TUR.59.4_1,2066,albopictus,28.215890349182708,0.001329710782500093,0.0012207409713756445,0.001444925313395512,0.20337801651847462,0.20337801651847462,0.20337801651847462,1.108118068510528e-4,1.0173091237619833e-4,1.204131810819314e-4,4.063932038999511e-4,3.7306021346896823e-4,4.4162947710380955e-4,17.72235765476145,56.2942476647558
TUR.59.4_1,2067,albopictus,28.463958601402325,0.0012519583135120799,0.0011437012548653784,0.001355349781305029,0.20494273001347257,0.20494273001347257,0.20494273001347257,1.0433484188879003e-4,9.531271086729996e-5,1.1295108970702658e-4,4.142577366041715e-4,3.7839383035728806e-4,4.486603741260443e-4,17.43074510911224,60.835086860007266
TUR.59.4_1,2068,albopictus,28.641339413340518,4.4117598088439625e-5,3.947578828472631e-5,4.8915122745563085e-5,0.20580389197086085,0.20580389197086085,0.20580389197086085,3.67650830245715e-6,3.2896828078715457e-6,4.076310578917999e-6,1.2220728757076008e-5,1.0951537114819536e-5,1.3568317973725503e-5,17.49777688999094,58.34226325923822
TUR.59.4_1,2069,albopictus,27.37468488942859,3.3456012217508404e-4,3.009119847594527e-4,3.7327120177451935e-4,0.1980456798409513,0.1980456798409513,0.1980456798409513,2.7880642019473972e-5,2.5076574439997748e-5,3.110655564253289e-5,1.0382218864697831e-4,9.326529873634679e-5,1.1612102498047122e-4,17.736352586936132,54.657332775738055
TUR.59.4_1,2070,albopictus,29.617225098962603,9.85037941050978e-5,8.880807207437835e-5,1.0923109582702261e-4,0.21217093138385967,0.21217093138385967,0.21217093138385967,8.208689951607824e-6,7.40070910370142e-6,9.102638329598264e-6,2.9051183562109747e-5,2.6206739913044865e-5,3.2205946047414216e-5,17.808187866400853,56.53598216945551
TUR.59.4_1,2071,albopictus,28.690034406345404,0.004161077726552162,0.003759807178754096,0.0045740654276478524,0.20636565460958908,0.20636565460958908,0.20636565460958908,3.4677464131827637e-4,3.1333354754050627e-4,3.811935357487345e-4,0.0010699367494740122,9.669826504976211e-4,0.0011760500996564117,17.416538500975744,58.20424846584223
TUR.59.4_1,2072,albopictus,28.20449354651296,5.946127158989734e-4,5.417741169662399e-4,6.474383834669028e-4,0.20305341959024956,0.20305341959024956,0.20305341959024956,4.955532953732e-5,4.5151846039410826e-5,5.3958245496799024e-5,1.8513611467015637e-4,1.6903995453797506e-4,2.0151253001652418e-4,17.79133044102905,54.68588006272536
TUR.59.4_1,2073,albopictus,30.546040453129976,0.001113330325342549,0.0010015676523416478,0.0012462709521541574,0.2179375913277465,0.2179375913277465,0.2179375913277465,9.277753991630686e-5,8.346398216450065e-5,1.0385592700661021e-4,3.183626830162252e-4,2.8640314672194955e-4,3.563783390584425e-4,18.7549715282432,54.50646785671137
TUR.59.4_1,2074,albopictus,28.078881688420108,5.692426033901597e-4,5.121519617406727e-4,6.285498362133213e-4,0.2025123078074415,0.2025123078074415,0.2025123078074415,4.7438232930464876e-5,4.268035565679485e-5,5.238067715462482e-5,1.7407375787233218e-4,1.5662231331030989e-4,1.9230153991781605e-4,17.808803661854245,57.446641005820254
TUR.59.4_1,2075,albopictus,31.25250067139572,0.001420759965001957,0.0012760184681677694,0.0015721209284385417,0.22229131793984255,0.22229131793984255,0.22229131793984255,1.183966798354894e-4,1.0633488478536019e-4,1.31010092579123e-4,3.9858326109116766e-4,3.579773570681751e-4,4.4104780746335466e-4,18.683422827910558,56.48691944057367
TUR.81.6_1,2025,aegypti,0.016621323845043064,2.5642297462226017e-5,2.460339072639928e-5,2.6656380608802708e-5,1.3613707536698957e-4,1.3613707536698957e-4,1.3613707536698957e-4,2.1368586177188544e-6,2.0502830424835154e-6,2.221365573986429e-6,0.00940608242928475,0.009025862823827713,0.009777670286748313,13.46688505327877,75.78250895392081
TUR.81.6_1,2026,aegypti,0.016071078616953935,2.965859997402509e-7,2.6682819682932735e-7,3.299921458921329e-7,1.316306263380492e-4,1.316306263380492e-4,1.316306263380492e-4,2.471549997837824e-8,2.2235683063896016e-8,2.7499345486579745e-8,1.1232561863707988e-4,1.010554937163973e-4,1.2497747521337139e-4,13.029554171524211,82.18569924882233
TUR.81.6_1,2027,aegypti,0.0164387418088008,4.4727514946774074e-8,3.991697081762169e-8,5.036329865093503e-8,1.3464175076656945e-4,1.3464175076656945e-4,1.3464175076656945e-4,3.727292912113153e-9,3.3264142356835794e-9,4.1969415535452554e-9,1.6632330602590784e-5,1.4852359211686705e-5,1.8722536205320144e-5,13.015296581548219,78.68921957861563
TUR.81.6_1,2028,aegypti,0.01594549865114336,4.962496773008862e-8,4.4006360286341645e-08,5.509853328589109e-8,1.3041695419159968e-4,1.3041695419159968e-4,1.3041695419159968e-4,4.135413999931459e-9,3.6671967095315473e-9,4.5915444668791045e-9,1.935610643588388e-5,1.720094183447184e-5,2.1454653557444656e-5,12.966169062417512,79.04684999039948
TUR.81.6_1,2029,aegypti,0.018084586956611422,5.39284777346527e-5,5.2848079654366226e-5,5.500107379861341e-5,1.481209295230527e-4,1.481209295230527e-4,1.481209295230527e-4,4.494076350535403e-6,4.404040821614856e-6,4.5834619733292225e-6,0.020923072045648305,0.020524206587782336,0.021325090422958697,13.90485990361548,76.5625372971215
TUR.81.6_1,2030,aegypti,0.017566631081613455,1.3243342094898526e-6,1.2053360755687193e-6,1.4627180863008294e-6,1.4387898548174718e-4,1.4387898548174718e-4,1.4387898548174718e-4,1.1036118412428534e-7,1.0044467296521907e-7,1.218931738650107e-7,5.448649131809886e-4,4.959060417998385e-4,6.017995749418254e-4,13.804444673818116,78.70285012772858
TUR.81.6_1,2031,aegypti,0.017132884253604874,6.867172602487149e-8,6.168837456965726e-8,7.618993317637378e-8,1.4032667910447252e-4,1.4032667910447252e-4,1.4032667910447252e-4,5.72264383537202e-9,5.140697879490725e-9,6.349161104522961e-9,2.4399472695765256e-5,2.191835403854009e-5,2.7070301540752424e-5,12.972037755610312,81.19776767940502
TUR.81.6_1,2032,aegypti,0.018116323477843716,1.4192329819755934e-5,1.342904047464677e-5,1.4887430471710595e-5,1.4817045487552916e-4,1.4817045487552916e-4,1.4817045487552916e-4,1.1826941516462548e-6,1.1190867062222812e-6,1.2406192059804105e-6,0.0047750604897944865,0.004518249044165595,0.005008929606999534,14.018182519238954,77.63975567073803
TUR.81.6_1,2033,aegypti,0.017466310473889725,1.2845393681781836e-7,1.1492949524571915e-7,1.4293130422560197e-7,1.430573795214718e-4,1.430573795214718e-4,1.430573795214718e-4,1.0704494734642266e-8,9.577457931724167e-9,1.1910942024813506e-8,5.3152735926792035e-5,4.75564766470563e-5,5.9143302414495456e-5,13.641884250602887,78.35445891272208
TUR.81.6_1,2034,aegypti,0.016800223798430342,3.064005799653113e-5,2.986876679649253e-5,3.143399024601312e-5,1.3760224168231824e-4,1.3760224168231824e-4,1.3760224168231824e-4,2.5533381686694514e-6,2.489063901868861e-6,2.61949918941767e-6,0.01110074262512384,0.010821306987341003,0.01138837604347276,13.293922924162711,78.10083431453685
TUR.81.6_1,2035,aegypti,0.01637116739533495,1.8516712476175368e-6,1.6869275140662943e-6,2.0187830863577227e-6,1.340883239177304e-4,1.340883239177304e-4,1.340883239177304e-4,1.543059374425296e-7,1.4057729297624452e-7,1.6823192400204536e-7,6.884909678574173e-4,6.272407215072374e-4,7.506184140802042e-4,13.004588587246104,78.68695142319977
TUR.81.6_1,2036,aegypti,0.016850148016322362,3.1192533014823274e-7,2.8360727327425565e-7,3.413014906444856e-7,1.3781542681385686e-4,1.3781542681385686e-4,1.3781542681385686e-4,2.5993778259435283e-8,2.3633940101197083e-8,2.8441791726562115e-8,1.1500615730438095e-4,1.0472331588975634e-4,1.2568013760673826e-4,13.170991940460368,79.2410606786726
TUR.81.6_1,2037,aegypti,0.01707854064089521,4.717734794993378e-6,4.408544114112289e-6,5.0652704507297974e-6,1.3988161394208146e-4,1.3988161394208146e-4,1.3988161394208146e-4,3.9314496581121033e-7,3.6737902901024515e-7,4.221063258656693e-7,0.0017803322207093216,0.001669673903908383,0.0019089530639173863,13.75287437753058,75.70319217891674
TUR.81.6_1,2038,aegypti,0.017613290257844822,1.375205397458057e-8,1.2052962802822086e-8,1.5576867790079162e-8,1.4426111465567124e-4,1.4426111465567124e-4,1.4426111465567124e-4,1.1460045001133452e-9,1.0044135677205254e-9,1.2980723183212018e-9,5.58862476798606e-6,4.8937848070501605e-6,6.336195665262769e-6,13.726673804880942,76.47821373195629
TUR.81.6_1,2039,aegypti,0.01822991814205092,2.2477085321214173e-5,2.159784405883769e-5,2.3344037646988448e-5,1.4931115609330878e-4,1.4931115609330878e-4,1.4931115609330878e-4,1.8730916827901107e-6,1.79982156598759e-6,1.945337806660689e-6,0.00754742699885327,0.007256064311813244,0.007838428680999158,13.514190080922608,78.03129333705883
TUR.81.6_1,2040,aegypti,0.016685897209045272,1.024548696426153e-5,9.656071224756201e-6,1.0853845084368707e-5,1.3647214294310964e-4,1.3647214294310964e-4,1.3647214294310964e-4,8.537905803644177e-7,8.046726020759694e-7,9.044870903745742e-7,0.0037426061417446827,0.003527296718090667,0.003964835167692013,13.174766255579158,77.29344346574128
TUR.81.6_1,2041,aegypti,0.01753125850861836,2.0752062961035044e-5,1.9685046933376472e-5,2.176906250705712e-5,1.4358929118425215e-4,1.4358929118425215e-4,1.4358929118425215e-4,1.7293397029075438e-6,1.6404216086035284e-6,1.814089640590418e-6,0.007248540263010594,0.006876710384542797,0.007598532025862701,13.569735619586472,74.12370056362133
TUR.81.6_1,2042,aegypti,0.019414719904149835,5.980410540784087e-5,5.846799596599672e-5,6.116822366642461e-5,1.590143300225222e-4,1.590143300225222e-4,1.590143300225222e-4,4.9837132561665005e-6,4.872369893506648e-6,5.097392215967721e-6,0.01927305613956264,0.018841675608487977,0.01971699703429126,14.776745680135255,75.05522197933178
TUR.81.6_1,2043,aegypti,0.018510647430396866,1.865778432780263e-5,1.782140514368369e-5,1.958379998094062e-5,1.516102551584464e-4,1.516102551584464e-4,1.516102551584464e-4,1.554816357994505e-6,1.4851180626182736e-6,1.6319844110098564e-6,0.0061760529184701355,0.0059014566072729925,0.006482419667819961,14.05436102863328,76.22465366573314
TUR.81.6_1,2044,aegypti,0.02026697177052942,3.593609728960967e-5,3.4705039169388714e-5,3.7077484338127185e-5,1.6575859246727628e-4,1.6575859246727628e-4,1.6575859246727628e-4,2.994699956700306e-6,2.892110358915121e-6,3.0898171067224827e-6,0.01207704603420656,0.011655512196633298,0.012459134883352518,15.243433160743876,76.45750978043854
TUR.81.6_1,2045,aegypti,0.01994754282274974,6.683973461989312e-5,6.579884002824443e-5,6.789275186041554e-5,1.6337795616437148e-4,1.6337795616437148e-4,1.6337795616437148e-4,5.5699780437001635e-6,5.483236823268965e-6,5.6577294665266444e-6,0.02039692101137761,0.020079284894826514,0.020718069833200452,14.738913896840577,75.61168617458324
TUR.81.6_1,2046,aegypti,0.018009313556893402,6.0380601480216626e-6,5.5549227458512315e-6,6.547768700204681e-6,1.4750445830596925e-4,1.4750445830596925e-4,1.4750445830596925e-4,5.031716790619814e-7,4.629102288723289e-7,5.456473917392116e-7,0.0020407067792273387,0.001877419592487673,0.0022129737414116357,13.669453703524436,78.59941747239411
TUR.81.6_1,2047,aegypti,0.018340817336906304,2.520723834809058e-7,2.2495490472063116e-7,2.7725136315659426e-7,1.5021939206373106e-4,1.5021939206373106e-4,1.5021939206373106e-4,2.1006032061963335e-8,1.874624215020688e-8,2.3104280374862858e-8,9.901515939749047e-5,8.83264234548195e-5,1.089404228216804e-4,13.850311520856385,78.04305086981437
TUR.81.6_1,2048,aegypti,0.020048335993973907,1.7941521286051976e-5,1.7162434665535244e-5,1.8838149333746945e-5,1.6397059140062695e-4,1.6397059140062695e-4,1.6397059140062695e-4,1.4951274059184796e-6,1.4302034734838526e-6,1.569846393130055e-6,0.005479528446874349,0.005241897915202978,0.005750266588509371,14.54881807482418,78.82988145402253
TUR.81.6_1,2049,aegypti,0.0185164323677685,2.8198366001955133e-5,2.6960709143872275e-5,2.939809796361492e-5,1.5165763221114403e-4,1.5165763221114403e-4,1.5165763221114403e-4,2.349873660097154e-6,2.2467345569103122e-6,2.449852000695869e-6,0.009583929550694174,0.009164139577037315,0.009989292216882335,13.995490315717225,78.53535471808097
TUR.81.6_1,2050,aegypti,0.018858034112100346,6.57346995471646e-5,6.469409088552814e-5,6.678097684762741e-5,1.5445525239697147e-4,1.5445525239697147e-4,1.5445525239697147e-4,5.4779150257950856e-6,5.391197295852217e-6,5.565106115602912e-6,0.02149463904663877,0.021152487526403432,0.021837731433446222,14.493048869730796,77.43659506689688
TUR.81.6_1,2051,aegypti,0.01842431687330505,4.663318212289358e-5,4.5385430707076124e-5,4.793648665433192e-5,1.50903231235483e-4,1.50903231235483e-4,1.50903231235483e-4,3.8861382050370445e-6,3.7821571420632345e-6,3.994749542344862e-6,0.016341516357627275,0.0158888435923811,0.01681508867768876,13.948557797235017,77.51492510687491
TUR.81.6_1,2052,aegypti,0.018565341428717116,7.21869781311173e-5,7.120805245847684e-5,7.309953930945967e-5,1.5184258120931604e-4,1.5184258120931604e-4,1.5184258120931604e-4,6.01560488809104e-6,5.934025963737336e-6,6.091651898687023e-6,0.02395391244321475,0.023615413208615214,0.02426305807042864,14.558769904734458,74.88839032700837
TUR.81.6_1,2053,aegypti,0.020778240474246916,5.6235541627294385e-5,5.477372679492665e-5,5.7600398318352616e-5,1.701810247966562e-4,1.701810247966562e-4,1.701810247966562e-4,4.68635802065478e-6,4.564536668166967e-6,4.800099003779916e-6,0.018347025988150672,0.0178847219702483,0.018790279955523376,15.46818999763505,73.72899479122142
TUR.81.6_1,2054,aegypti,0.019139962171415368,8.80685342883738e-5,8.693640271952019e-5,8.90809951285154e-5,1.567641555096829e-4,1.567641555096829e-4,1.567641555096829e-4,7.33911456244438e-6,7.24476823858462e-6,7.4234895725598075e-6,0.028655967432257776,0.02828286546794391,0.029000327671435372,14.229669375381635,79.4647189224877
TUR.81.6_1,2055,aegypti,0.020215808359983354,8.19769215564382e-5,8.023927689635447e-5,8.354032977391513e-5,1.6557494523295838e-4,1.6557494523295838e-4,1.6557494523295838e-4,6.831548305319192e-6,6.6867383049542604e-6,6.961837486292394e-6,0.026730946694362958,0.02616203018006667,0.027231870579323924,15.052183591486777,75.85144212296784
TUR.81.6_1,2056,aegypti,0.020325972045176038,1.0817025295476623e-4,1.0647539063969313e-4,1.0978719193725783e-4,1.6624109546357438e-4,1.6624109546357438e-4,1.6624109546357438e-4,9.014431516516686e-6,8.873185740227206e-6,9.149185784048165e-6,0.03489020433420653,0.034356186787396666,0.035404114422023326,15.384266300163434,75.67248895219147
TUR.81.6_1,2057,aegypti,0.02093710563115166,8.240878039571153e-5,8.071473217251268e-5,8.40501863128007e-5,1.714820584090837e-4,1.714820584090837e-4,1.714820584090837e-4,6.867542257992526e-6,6.726365340986128e-6,7.004332289099323e-6,0.026460832335599375,0.02593172644565225,0.026979189012464364,15.754839979769553,74.59300146948478
TUR.81.6_1,2058,aegypti,0.019841417061846656,3.487445709090453e-5,3.3554457315848606e-5,3.6078953366316945e-5,1.6250882646901924e-4,1.6250882646901924e-4,1.6250882646901924e-4,2.906218426186414e-6,2.7962180454366956e-6,3.006594483690677e-6,0.0110206419542428,0.010622078487033436,0.01140063394590467,15.030582987429465,75.78280268561026
TUR.81.6_1,2059,aegypti,0.019922886736760136,1.0476691110953296e-4,1.0335260751744291e-4,1.0616631367703633e-4,1.6317603225672142e-4,1.6317603225672142e-4,1.6317603225672142e-4,8.730748455355243e-6,8.612885568806318e-6,8.847370969214667e-6,0.03352160692095607,0.0330605050609816,0.03397419387828829,14.998192432683473,76.16907416235587
TUR.81.6_1,2060,aegypti,0.019976568523912712,9.283550498477545e-5,9.129186215095508e-5,9.423266344067427e-5,1.6338367699444042e-4,1.6338367699444042e-4,1.6338367699444042e-4,7.736467788238882e-6,7.607825219217347e-6,7.852901959680653e-6,0.03137043588029369,0.030871344077683226,0.031831870668557395,15.064442280095582,76.88863669287345
TUR.81.6_1,2061,aegypti,0.0203683154172978,1.2913897087477255e-4,1.277523046001788e-4,1.3049963158246467e-4,1.6682391549667033e-4,1.6682391549667033e-4,1.6682391549667033e-4,1.0761901709080256e-5,1.0646340186375805e-5,1.0875296101179452e-5,0.04107110485445807,0.04062939535941981,0.041510356589991824,15.31901256557481,78.12262704423249
TUR.81.6_1,2062,aegypti,0.021938207179618675,1.2119485429594623e-4,1.1980117520092869e-4,1.2248512281579915e-4,1.796805817801487e-4,1.796805817801487e-4,1.796805817801487e-4,1.0099735301830872e-5,9.983589044182045e-6,1.0207262124422586e-5,0.034633271005970134,0.03421227124255046,0.035037634472424785,15.853572848599915,74.21507496089916
TUR.81.6_1,2063,aegypti,0.020727380079148046,9.597356206244434e-5,9.455402770404686e-5,9.745834228147289e-5,1.6976450081036357e-4,1.6976450081036357e-4,1.6976450081036357e-4,7.997985404408926e-6,7.879685261277186e-6,8.121722820758033e-6,0.030476819867078873,0.03002912469087259,0.030954331157779364,14.899592521947389,78.05782837123851
TUR.81.6_1,2064,aegypti,0.021664375277833083,1.5661040094152524e-4,1.5508352616248612e-4,1.5810597333845987e-4,1.7718645735404862e-4,1.7718645735404862e-4,1.7718645735404862e-4,1.3051418343465371e-5,1.2924168824157135e-5,1.317606398415328e-5,0.04765435150706275,0.04716559217986423,0.0481353649240811,15.355097356599336,76.73742876898429
TUR.81.6_1,2065,aegypti,0.020502456391166043,1.3978034070496882e-4,1.3841639390717861e-4,1.4107077850495918e-4,1.6792247359598278e-4,1.6792247359598278e-4,1.6792247359598278e-4,1.1648746329519245e-5,1.1535077401348023e-5,1.1756289883988644e-5,0.0444742510934871,0.04401586872723254,0.04490653854820009,15.053415798308219,76.6729282781599
TUR.81.6_1,2066,aegypti,0.021189636763467145,8.005045803332101e-5,7.86810731728177e-5,8.138530545572231e-5,1.7355016991890682e-4,1.7355016991890682e-4,1.7355016991890682e-4,6.671001908280165e-6,6.556882223837542e-6,6.782244021613895e-6,0.025480151114205506,0.025043394721603843,0.025890052499397843,15.413566075922812,78.14950158646882
TUR.81.6_1,2067,aegypti,0.02137593165234114,1.0668385831547067e-4,1.0487948954336912e-4,1.0844343706618297e-4,1.7507583453717687e-4,1.7507583453717687e-4,1.7507583453717687e-4,8.890551728686895e-6,8.740177647355118e-6,9.037191482945666e-6,0.03374496242504546,0.033207488258884005,0.03425959068712644,15.645675662320619,75.94187492580394
TUR.81.6_1,2068,aegypti,0.021509141518386996,1.0416028688500455e-4,1.0288093404279274e-4,1.0537147568663863e-4,1.7591697424949407e-4,1.7591697424949407e-4,1.7591697424949407e-4,8.68017880723604e-6,8.573561949565146e-6,8.781117819883621e-6,0.03075475544905915,0.03036303947342652,0.03112535154298754,15.734154982528851,76.59175946763337
TUR.81.6_1,2069,aegypti,0.020557906277026854,1.5855661757144447e-4,1.5727116605810388e-4,1.5992380949191308e-4,1.6837658441295109e-4,1.6837658441295109e-4,1.6837658441295109e-4,1.3213602048560804e-5,1.310647092173535e-5,1.3327545658146129e-5,0.051326321549364694,0.050908492428282194,0.05177184787846379,15.106958591105307,77.01679812323233
TUR.81.6_1,2070,aegypti,0.02224201448270223,1.4109785362312989e-4,1.3946038413850114e-4,1.4265417660869474e-4,1.8216859719207465e-4,1.8216859719207465e-4,1.8216859719207465e-4,1.1758563439614077e-5,1.1622098396295135e-5,1.1888265751783847e-5,0.04180442658420396,0.04129724594110425,0.04227370678214161,15.780616922340556,75.29472774715404
TUR.81.6_1,2071,aegypti,0.021545710600602862,1.1311748652989551e-4,1.1158986419019246e-4,1.1465426813024593e-4,1.764662393127133e-4,1.764662393127133e-4,1.764662393127133e-4,9.4266511076829e-6,9.299342969526948e-6,9.554723711721202e-6,0.033387953894740134,0.03292452165039302,0.03386415673922279,15.475037458699708,78.08054839026114
TUR.81.6_1,2072,aegypti,0.02118107796536266,9.848948792463353e-5,9.670821596915457e-5,1.0025899805539141e-4,1.7323410372697504e-4,1.7323410372697504e-4,1.7323410372697504e-4,8.207588804098297e-6,8.059143117646564e-6,8.355058280017904e-6,0.02944543483358607,0.028886220078703225,0.02999940172271385,15.476804855626588,74.55187903296134
TUR.81.6_1,2073,aegypti,0.022939538457015088,1.350866392786684e-4,1.3320504395058775e-4,1.3708450277290506e-4,1.8788090975839036e-4,1.8788090975839036e-4,1.8788090975839036e-4,1.125755780576277e-5,1.1100749855150182e-5,1.1424058980966945e-5,0.038028259158628994,0.03747248967360796,0.03860390450071537,16.487297458610698,73.51428550930004
TUR.81.6_1,2074,aegypti,0.02108674567199065,1.3945497715825094e-4,1.3827965350289573e-4,1.4066603323799608e-4,1.7270754073595018e-4,1.7270754073595018e-4,1.7270754073595018e-4,1.1621645834407024e-5,1.1523695221476967e-5,1.1722574170484104e-5,0.04348294688147149,0.04310987264348379,0.043862763842548905,15.30943294680294,78.71145227006257
TUR.81.6_1,2075,aegypti,0.023470077639994452,1.7525211355530357e-4,1.733990611120062e-4,1.7713931342872857e-4,1.922256898033529e-4,1.922256898033529e-4,1.922256898033529e-4,1.4604993821342507e-5,1.4450559760462375e-5,1.4762272650045892e-5,0.04930151403379498,0.04879060418874757,0.04982429660074489,16.58885685916917,76.03178161830883
