country,year,arrivals
US Virgin Islands,2010,NA
US Virgin Islands,2011,NA
US Virgin Islands,2012,NA
US Virgin Islands,2013,NA
US Virgin Islands,2014,NA
US Virgin Islands,2015,NA
US Virgin Islands,2016,NA
US Virgin Islands,2017,1
US Virgin Islands,2018,NA
US Virgin Islands,2019,NA
US Virgin Islands,2020,0
US Virgin Islands,2021,NA
US Virgin Islands,2022,NA
US Virgin Islands,2023,NA
US Virgin Islands,2024,NA
US Virgin Islands,2025,NA
Afghanistan,2010,12511
Afghanistan,2011,16395
Afghanistan,2012,15373
Afghanistan,2013,19704
Afghanistan,2014,22599
Afghanistan,2015,31983
Afghanistan,2016,50197
Afghanistan,2017,48668
Afghanistan,2018,56543
Afghanistan,2019,68681
Afghanistan,2020,30020
Afghanistan,2021,56300
Afghanistan,2022,57241
Afghanistan,2023,63708
Afghanistan,2024,61425
Afghanistan,2025,62840
Germany,2010,4385263
Germany,2011,4826315
Germany,2012,5028745
Germany,2013,5041323
Germany,2014,5250036
Germany,2015,5580792
Germany,2016,3890074
Germany,2017,3584653
Germany,2018,4512360
Germany,2019,5027472
Germany,2020,1118932
Germany,2021,3085215
Germany,2022,5679194
Germany,2023,6193259
Germany,2024,6620612
Germany,2025,6745190
United States,2010,642768
United States,2011,757143
United States,2012,771837
United States,2013,785971
United States,2014,784917
United States,2015,798787
United States,2016,459493
United States,2017,329257
United States,2018,448327
United States,2019,578074
United States,2020,148937
United States,2021,371759
United States,2022,1013478
United States,2023,1334337
United States,2024,1442191
United States,2025,1584725
American Samoa,2010,NA
American Samoa,2011,NA
American Samoa,2012,2734
American Samoa,2013,120
American Samoa,2014,NA
American Samoa,2015,NA
American Samoa,2016,1
American Samoa,2017,12
American Samoa,2018,NA
American Samoa,2019,NA
American Samoa,2020,NA
American Samoa,2021,NA
American Samoa,2022,NA
American Samoa,2023,1
American Samoa,2024,NA
American Samoa,2025,NA
Andorra,2010,498
Andorra,2011,402
Andorra,2012,356
Andorra,2013,415
Andorra,2014,421
Andorra,2015,321
Andorra,2016,126
Andorra,2017,148
Andorra,2018,317
Andorra,2019,879
Andorra,2020,102
Andorra,2021,228
Andorra,2022,581
Andorra,2023,496
Andorra,2024,557
Andorra,2025,2136
Angola,2010,375
Angola,2011,796
Angola,2012,857
Angola,2013,1458
Angola,2014,2526
Angola,2015,2019
Angola,2016,1404
Angola,2017,2015
Angola,2018,3432
Angola,2019,7719
Angola,2020,1430
Angola,2021,3657
Angola,2022,4974
Angola,2023,3581
Angola,2024,2078
Angola,2025,2185
Anguilla,2010,NA
Anguilla,2011,NA
Anguilla,2012,NA
Anguilla,2013,NA
Anguilla,2014,NA
Anguilla,2015,NA
Anguilla,2016,32
Anguilla,2017,12
Anguilla,2018,NA
Anguilla,2019,NA
Anguilla,2020,NA
Anguilla,2021,NA
Anguilla,2022,NA
Anguilla,2023,NA
Anguilla,2024,NA
Anguilla,2025,32
Antigua and Barbuda,2010,27
Antigua and Barbuda,2011,27
Antigua and Barbuda,2012,45
Antigua and Barbuda,2013,50
Antigua and Barbuda,2014,59
Antigua and Barbuda,2015,48
Antigua and Barbuda,2016,197
Antigua and Barbuda,2017,393
Antigua and Barbuda,2018,494
Antigua and Barbuda,2019,632
Antigua and Barbuda,2020,332
Antigua and Barbuda,2021,773
Antigua and Barbuda,2022,1208
Antigua and Barbuda,2023,1288
Antigua and Barbuda,2024,1118
Antigua and Barbuda,2025,1515
Argentina,2010,22255
Argentina,2011,27136
Argentina,2012,28559
Argentina,2013,46729
Argentina,2014,44407
Argentina,2015,82977
Argentina,2016,62394
Argentina,2017,48280
Argentina,2018,68668
Argentina,2019,64483
Argentina,2020,7228
Argentina,2021,6992
Argentina,2022,41708
Argentina,2023,48383
Argentina,2024,56784
Argentina,2025,73456
Albania,2010,49954
Albania,2011,53141
Albania,2012,59565
Albania,2013,65113
Albania,2014,76273
Albania,2015,80032
Albania,2016,83029
Albania,2017,103593
Albania,2018,125935
Albania,2019,134869
Albania,2020,49667
Albania,2021,89748
Albania,2022,145032
Albania,2023,142482
Albania,2024,159828
Albania,2025,159240
Aruba,2010,NA
Aruba,2011,NA
Aruba,2012,NA
Aruba,2013,NA
Aruba,2014,NA
Aruba,2015,8
Aruba,2016,NA
Aruba,2017,NA
Aruba,2018,27
Aruba,2019,4
Aruba,2020,NA
Aruba,2021,NA
Aruba,2022,NA
Aruba,2023,NA
Aruba,2024,NA
Aruba,2025,NA
EU citizens,2010,NA
EU citizens,2011,NA
EU citizens,2012,NA
EU citizens,2013,NA
EU citizens,2014,NA
EU citizens,2015,NA
EU citizens,2016,NA
EU citizens,2017,NA
EU citizens,2018,NA
EU citizens,2019,66
EU citizens,2020,29
EU citizens,2021,68
EU citizens,2022,72
EU citizens,2023,83
EU citizens,2024,66
EU citizens,2025,77
Australia,2010,131685
Australia,2011,156009
Australia,2012,164899
Australia,2013,190457
Australia,2014,200730
Australia,2015,225762
Australia,2016,97626
Australia,2017,77153
Australia,2018,96488
Australia,2019,120837
Australia,2020,15109
Australia,2021,15674
Australia,2022,118847
Australia,2023,192770
Australia,2024,205874
Australia,2025,219696
Austria,2010,500321
Austria,2011,528966
Austria,2012,505560
Austria,2013,518273
Austria,2014,512339
Austria,2015,486044
Austria,2016,310946
Austria,2017,287746
Austria,2018,353628
Austria,2019,401475
Austria,2020,112126
Austria,2021,284095
Austria,2022,454638
Austria,2023,496482
Austria,2024,548794
Austria,2025,563035
Azerbaijan,2010,486381
Azerbaijan,2011,578685
Azerbaijan,2012,593238
Azerbaijan,2013,630754
Azerbaijan,2014,657684
Azerbaijan,2015,602488
Azerbaijan,2016,606223
Azerbaijan,2017,765514
Azerbaijan,2018,858506
Azerbaijan,2019,901723
Azerbaijan,2020,236797
Azerbaijan,2021,470618
Azerbaijan,2022,683834
Azerbaijan,2023,855445
Azerbaijan,2024,956178
Azerbaijan,2025,927067
Bahamas,2010,205
Bahamas,2011,209
Bahamas,2012,138
Bahamas,2013,326
Bahamas,2014,485
Bahamas,2015,347
Bahamas,2016,240
Bahamas,2017,93
Bahamas,2018,139
Bahamas,2019,191
Bahamas,2020,51
Bahamas,2021,82
Bahamas,2022,288
Bahamas,2023,624
Bahamas,2024,938
Bahamas,2025,1306
Bahrain,2010,9375
Bahrain,2011,9712
Bahrain,2012,13342
Bahrain,2013,16230
Bahrain,2014,24305
Bahrain,2015,32476
Bahrain,2016,41505
Bahrain,2017,59442
Bahrain,2018,77075
Bahrain,2019,90299
Bahrain,2020,17852
Bahrain,2021,62730
Bahrain,2022,98147
Bahrain,2023,64771
Bahrain,2024,64472
Bahrain,2025,53445
Bangladesh,2010,2190
Bangladesh,2011,6168
Bangladesh,2012,6652
Bangladesh,2013,8856
Bangladesh,2014,12706
Bangladesh,2015,12212
Bangladesh,2016,8951
Bangladesh,2017,11346
Bangladesh,2018,17932
Bangladesh,2019,20605
Bangladesh,2020,5634
Bangladesh,2021,8226
Bangladesh,2022,24335
Bangladesh,2023,23651
Bangladesh,2024,27519
Bangladesh,2025,29558
Barbados,2010,185
Barbados,2011,203
Barbados,2012,230
Barbados,2013,182
Barbados,2014,270
Barbados,2015,201
Barbados,2016,165
Barbados,2017,124
Barbados,2018,134
Barbados,2019,179
Barbados,2020,51
Barbados,2021,135
Barbados,2022,438
Barbados,2023,623
Barbados,2024,573
Barbados,2025,642
Samoa,2010,2075
Samoa,2011,21
Samoa,2012,NA
Samoa,2013,8
Samoa,2014,7
Samoa,2015,6
Samoa,2016,17
Samoa,2017,NA
Samoa,2018,NA
Samoa,2019,184
Samoa,2020,NA
Samoa,2021,NA
Samoa,2022,NA
Samoa,2023,1
Samoa,2024,NA
Samoa,2025,4
Timor-Leste,2010,NA
Timor-Leste,2011,NA
Timor-Leste,2012,NA
Timor-Leste,2013,NA
Timor-Leste,2014,6
Timor-Leste,2015,NA
Timor-Leste,2016,NA
Timor-Leste,2017,NA
Timor-Leste,2018,NA
Timor-Leste,2019,NA
Timor-Leste,2020,NA
Timor-Leste,2021,NA
Timor-Leste,2022,NA
Timor-Leste,2023,NA
Timor-Leste,2024,NA
Timor-Leste,2025,1
Belgium,2010,543003
Belgium,2011,585860
Belgium,2012,608071
Belgium,2013,651596
Belgium,2014,660857
Belgium,2015,617406
Belgium,2016,413614
Belgium,2017,419998
Belgium,2018,511559
Belgium,2019,557435
Belgium,2020,138729
Belgium,2021,339529
Belgium,2022,596173
Belgium,2023,596355
Belgium,2024,625263
Belgium,2025,613176
Belize,2010,56
Belize,2011,69
Belize,2012,58
Belize,2013,90
Belize,2014,177
Belize,2015,200
Belize,2016,203
Belize,2017,239
Belize,2018,276
Belize,2019,292
Belize,2020,103
Belize,2021,228
Belize,2022,303
Belize,2023,423
Belize,2024,469
Belize,2025,416
Benin,2010,155
Benin,2011,288
Benin,2012,339
Benin,2013,1577
Benin,2014,714
Benin,2015,818
Benin,2016,779
Benin,2017,851
Benin,2018,1028
Benin,2019,1351
Benin,2020,521
Benin,2021,1163
Benin,2022,1777
Benin,2023,1493
Benin,2024,1248
Benin,2025,1290
Bermuda,2010,13
Bermuda,2011,4
Bermuda,2012,1
Bermuda,2013,5
Bermuda,2014,2
Bermuda,2015,1
Bermuda,2016,2
Bermuda,2017,NA
Bermuda,2018,NA
Bermuda,2019,NA
Bermuda,2020,NA
Bermuda,2021,NA
Bermuda,2022,NA
Bermuda,2023,5
Bermuda,2024,5
Bermuda,2025,3
Belarus,2010,152421
Belarus,2011,123607
Belarus,2012,138007
Belarus,2013,200659
Belarus,2014,223975
Belarus,2015,204355
Belarus,2016,113793
Belarus,2017,229229
Belarus,2018,245254
Belarus,2019,258419
Belarus,2020,106426
Belarus,2021,220932
Belarus,2022,239966
Belarus,2023,309216
Belarus,2024,334796
Belarus,2025,323441
Bhutan,2010,27
Bhutan,2011,40
Bhutan,2012,46
Bhutan,2013,40
Bhutan,2014,33
Bhutan,2015,55
Bhutan,2016,48
Bhutan,2017,36
Bhutan,2018,27
Bhutan,2019,79
Bhutan,2020,2
Bhutan,2021,18
Bhutan,2022,42
Bhutan,2023,72
Bhutan,2024,92
Bhutan,2025,119
United Arab Emirates,2010,30480
United Arab Emirates,2011,35579
United Arab Emirates,2012,48071
United Arab Emirates,2013,52424
United Arab Emirates,2014,53736
United Arab Emirates,2015,51600
United Arab Emirates,2016,38315
United Arab Emirates,2017,49360
United Arab Emirates,2018,43292
United Arab Emirates,2019,37500
United Arab Emirates,2020,3772
United Arab Emirates,2021,52587
United Arab Emirates,2022,146438
United Arab Emirates,2023,120819
United Arab Emirates,2024,99992
United Arab Emirates,2025,101460
United Nations Personnel,2010,7516
United Nations Personnel,2011,8201
United Nations Personnel,2012,4920
United Nations Personnel,2013,5205
United Nations Personnel,2014,6437
United Nations Personnel,2015,7911
United Nations Personnel,2016,4716
United Nations Personnel,2017,4811
United Nations Personnel,2018,5441
United Nations Personnel,2019,5015
United Nations Personnel,2020,1224
United Nations Personnel,2021,1328
United Nations Personnel,2022,3839
United Nations Personnel,2023,5304
United Nations Personnel,2024,5025
United Nations Personnel,2025,4025
United Nations Affiliated,2010,NA
United Nations Affiliated,2011,NA
United Nations Affiliated,2012,NA
United Nations Affiliated,2013,NA
United Nations Affiliated,2014,NA
United Nations Affiliated,2015,NA
United Nations Affiliated,2016,NA
United Nations Affiliated,2017,NA
United Nations Affiliated,2018,NA
United Nations Affiliated,2019,0
United Nations Affiliated,2020,NA
United Nations Affiliated,2021,NA
United Nations Affiliated,2022,NA
United Nations Affiliated,2023,NA
United Nations Affiliated,2024,NA
United Nations Affiliated,2025,NA
Bolivia,2010,759
Bolivia,2011,968
Bolivia,2012,1145
Bolivia,2013,1029
Bolivia,2014,1356
Bolivia,2015,1555
Bolivia,2016,1282
Bolivia,2017,1264
Bolivia,2018,1780
Bolivia,2019,2491
Bolivia,2020,553
Bolivia,2021,947
Bolivia,2022,3207
Bolivia,2023,3797
Bolivia,2024,4720
Bolivia,2025,3079
Bosnia and Herzegovina,2010,47361
Bosnia and Herzegovina,2011,56522
Bosnia and Herzegovina,2012,61851
Bosnia and Herzegovina,2013,72086
Bosnia and Herzegovina,2014,83258
Bosnia and Herzegovina,2015,85434
Bosnia and Herzegovina,2016,66177
Bosnia and Herzegovina,2017,90378
Bosnia and Herzegovina,2018,120480
Bosnia and Herzegovina,2019,144445
Bosnia and Herzegovina,2020,61651
Bosnia and Herzegovina,2021,131347
Bosnia and Herzegovina,2022,200698
Bosnia and Herzegovina,2023,177893
Bosnia and Herzegovina,2024,197388
Bosnia and Herzegovina,2025,187015
Botswana,2010,65
Botswana,2011,102
Botswana,2012,202
Botswana,2013,168
Botswana,2014,629
Botswana,2015,188
Botswana,2016,167
Botswana,2017,168
Botswana,2018,301
Botswana,2019,417
Botswana,2020,81
Botswana,2021,186
Botswana,2022,461
Botswana,2023,506
Botswana,2024,615
Botswana,2025,485
Bouvet Island (Norway Territory),2010,NA
Bouvet Island (Norway Territory),2011,NA
Bouvet Island (Norway Territory),2012,NA
Bouvet Island (Norway Territory),2013,NA
Bouvet Island (Norway Territory),2014,NA
Bouvet Island (Norway Territory),2015,NA
Bouvet Island (Norway Territory),2016,NA
Bouvet Island (Norway Territory),2017,1
Bouvet Island (Norway Territory),2018,NA
Bouvet Island (Norway Territory),2019,NA
Bouvet Island (Norway Territory),2020,NA
Bouvet Island (Norway Territory),2021,NA
Bouvet Island (Norway Territory),2022,NA
Bouvet Island (Norway Territory),2023,NA
Bouvet Island (Norway Territory),2024,NA
Bouvet Island (Norway Territory),2025,NA
Brazil,2010,65246
Brazil,2011,89442
Brazil,2012,88903
Brazil,2013,113433
Brazil,2014,91627
Brazil,2015,85473
Brazil,2016,42530
Brazil,2017,49754
Brazil,2018,78691
Brazil,2019,101164
Brazil,2020,22722
Brazil,2021,17788
Brazil,2022,84582
Brazil,2023,106717
Brazil,2024,120201
Brazil,2025,119501
UK Overseas Territories,2010,NA
UK Overseas Territories,2011,NA
UK Overseas Territories,2012,NA
UK Overseas Territories,2013,NA
UK Overseas Territories,2014,NA
UK Overseas Territories,2015,NA
UK Overseas Territories,2016,NA
UK Overseas Territories,2017,NA
UK Overseas Territories,2018,NA
UK Overseas Territories,2019,NA
UK Overseas Territories,2020,NA
UK Overseas Territories,2021,NA
UK Overseas Territories,2022,NA
UK Overseas Territories,2023,NA
UK Overseas Territories,2024,NA
UK Overseas Territories,2025,9
Brunei,2010,315
Brunei,2011,19504
Brunei,2012,552
Brunei,2013,634
Brunei,2014,893
Brunei,2015,909
Brunei,2016,605
Brunei,2017,554
Brunei,2018,918
Brunei,2019,1282
Brunei,2020,158
Brunei,2021,33
Brunei,2022,869
Brunei,2023,1773
Brunei,2024,1736
Brunei,2025,1477
Bulgaria,2010,1433970
Bulgaria,2011,1491561
Bulgaria,2012,1492073
Bulgaria,2013,1582912
Bulgaria,2014,1693591
Bulgaria,2015,1821480
Bulgaria,2016,1690766
Bulgaria,2017,1852867
Bulgaria,2018,2386885
Bulgaria,2019,2713464
Bulgaria,2020,1242961
Bulgaria,2021,1402795
Bulgaria,2022,2882512
Bulgaria,2023,2893092
Bulgaria,2024,2918581
Bulgaria,2025,2808357
Burkina Faso,2010,413
Burkina Faso,2011,506
Burkina Faso,2012,621
Burkina Faso,2013,1563
Burkina Faso,2014,2120
Burkina Faso,2015,2389
Burkina Faso,2016,1676
Burkina Faso,2017,2000
Burkina Faso,2018,2312
Burkina Faso,2019,2481
Burkina Faso,2020,985
Burkina Faso,2021,2466
Burkina Faso,2022,3254
Burkina Faso,2023,3462
Burkina Faso,2024,3254
Burkina Faso,2025,3122
Burundi,2010,93
Burundi,2011,119
Burundi,2012,178
Burundi,2013,251
Burundi,2014,265
Burundi,2015,268
Burundi,2016,282
Burundi,2017,260
Burundi,2018,363
Burundi,2019,348
Burundi,2020,136
Burundi,2021,431
Burundi,2022,572
Burundi,2023,463
Burundi,2024,416
Burundi,2025,516
Cayman Islands (UK Territory),2010,NA
Cayman Islands (UK Territory),2011,NA
Cayman Islands (UK Territory),2012,NA
Cayman Islands (UK Territory),2013,NA
Cayman Islands (UK Territory),2014,NA
Cayman Islands (UK Territory),2015,NA
Cayman Islands (UK Territory),2016,NA
Cayman Islands (UK Territory),2017,1
Cayman Islands (UK Territory),2018,NA
Cayman Islands (UK Territory),2019,NA
Cayman Islands (UK Territory),2020,NA
Cayman Islands (UK Territory),2021,NA
Cayman Islands (UK Territory),2022,NA
Cayman Islands (UK Territory),2023,7
Cayman Islands (UK Territory),2024,1
Cayman Islands (UK Territory),2025,NA
Gibraltar,2010,NA
Gibraltar,2011,NA
Gibraltar,2012,2
Gibraltar,2013,3
Gibraltar,2014,4
Gibraltar,2015,1
Gibraltar,2016,NA
Gibraltar,2017,NA
Gibraltar,2018,NA
Gibraltar,2019,NA
Gibraltar,2020,NA
Gibraltar,2021,NA
Gibraltar,2022,NA
Gibraltar,2023,4
Gibraltar,2024,NA
Gibraltar,2025,NA
Algeria,2010,67954
Algeria,2011,84844
Algeria,2012,104489
Algeria,2013,118189
Algeria,2014,160052
Algeria,2015,171873
Algeria,2016,176233
Algeria,2017,213333
Algeria,2018,288207
Algeria,2019,295512
Algeria,2020,50121
Algeria,2021,48827
Algeria,2022,210478
Algeria,2023,292505
Algeria,2024,324042
Algeria,2025,343592
Christmas Island (Australia Territory),2010,NA
Christmas Island (Australia Territory),2011,NA
Christmas Island (Australia Territory),2012,NA
Christmas Island (Australia Territory),2013,NA
Christmas Island (Australia Territory),2014,NA
Christmas Island (Australia Territory),2015,NA
Christmas Island (Australia Territory),2016,NA
Christmas Island (Australia Territory),2017,NA
Christmas Island (Australia Territory),2018,NA
Christmas Island (Australia Territory),2019,NA
Christmas Island (Australia Territory),2020,NA
Christmas Island (Australia Territory),2021,NA
Christmas Island (Australia Territory),2022,NA
Christmas Island (Australia Territory),2023,NA
Christmas Island (Australia Territory),2024,0
Christmas Island (Australia Territory),2025,NA
Djibouti,2010,105
Djibouti,2011,186
Djibouti,2012,281
Djibouti,2013,646
Djibouti,2014,916
Djibouti,2015,1199
Djibouti,2016,1463
Djibouti,2017,1665
Djibouti,2018,2671
Djibouti,2019,4670
Djibouti,2020,3723
Djibouti,2021,7005
Djibouti,2022,5497
Djibouti,2023,3757
Djibouti,2024,2529
Djibouti,2025,1772
Cocos Islands (Australia Territory),2010,NA
Cocos Islands (Australia Territory),2011,NA
Cocos Islands (Australia Territory),2012,NA
Cocos Islands (Australia Territory),2013,1
Cocos Islands (Australia Territory),2014,NA
Cocos Islands (Australia Territory),2015,NA
Cocos Islands (Australia Territory),2016,NA
Cocos Islands (Australia Territory),2017,NA
Cocos Islands (Australia Territory),2018,NA
Cocos Islands (Australia Territory),2019,NA
Cocos Islands (Australia Territory),2020,NA
Cocos Islands (Australia Territory),2021,NA
Cocos Islands (Australia Territory),2022,NA
Cocos Islands (Australia Territory),2023,NA
Cocos Islands (Australia Territory),2024,NA
Cocos Islands (Australia Territory),2025,NA
Cook Islands (NZ Associated),2010,NA
Cook Islands (NZ Associated),2011,NA
Cook Islands (NZ Associated),2012,NA
Cook Islands (NZ Associated),2013,NA
Cook Islands (NZ Associated),2014,NA
Cook Islands (NZ Associated),2015,NA
Cook Islands (NZ Associated),2016,NA
Cook Islands (NZ Associated),2017,NA
Cook Islands (NZ Associated),2018,NA
Cook Islands (NZ Associated),2019,NA
Cook Islands (NZ Associated),2020,NA
Cook Islands (NZ Associated),2021,NA
Cook Islands (NZ Associated),2022,NA
Cook Islands (NZ Associated),2023,1
Cook Islands (NZ Associated),2024,NA
Cook Islands (NZ Associated),2025,NA
Chad,2010,106
Chad,2011,150
Chad,2012,147
Chad,2013,417
Chad,2014,979
Chad,2015,925
Chad,2016,1010
Chad,2017,1061
Chad,2018,1237
Chad,2019,1712
Chad,2020,1327
Chad,2021,4357
Chad,2022,6830
Chad,2023,5508
Chad,2024,4574
Chad,2025,5086
Czechia,2010,174426
Czechia,2011,223369
Czechia,2012,223986
Czechia,2013,217254
Czechia,2014,226189
Czechia,2015,212464
Czechia,2016,87328
Czechia,2017,126567
Czechia,2018,228251
Czechia,2019,311359
Czechia,2020,15642
Czechia,2021,89734
Czechia,2022,295454
Czechia,2023,384158
Czechia,2024,410280
Czechia,2025,403517
China,2010,77142
China,2011,96701
China,2012,114582
China,2013,138876
China,2014,199746
China,2015,313704
China,2016,167570
China,2017,247277
China,2018,394109
China,2019,426344
China,2020,40264
China,2021,33641
China,2022,89515
China,2023,248119
China,2024,409733
China,2025,425348
Denmark,2010,314446
Denmark,2011,369867
Denmark,2012,391312
Denmark,2013,402818
Denmark,2014,408287
Denmark,2015,408841
Denmark,2016,329618
Denmark,2017,269026
Denmark,2018,326278
Denmark,2019,335877
Denmark,2020,44694
Denmark,2021,111499
Denmark,2022,356127
Denmark,2023,319835
Denmark,2024,345198
Denmark,2025,336097
Democratic Republic of the Congo,2010,223
Democratic Republic of the Congo,2011,11
Democratic Republic of the Congo,2012,327
Democratic Republic of the Congo,2013,4312
Democratic Republic of the Congo,2014,6026
Democratic Republic of the Congo,2015,5979
Democratic Republic of the Congo,2016,5179
Democratic Republic of the Congo,2017,6132
Democratic Republic of the Congo,2018,7751
Democratic Republic of the Congo,2019,8628
Democratic Republic of the Congo,2020,3877
Democratic Republic of the Congo,2021,7676
Democratic Republic of the Congo,2022,10744
Democratic Republic of the Congo,2023,9116
Democratic Republic of the Congo,2024,7844
Democratic Republic of the Congo,2025,7241
Timor-Leste,2010,3
Timor-Leste,2011,9
Timor-Leste,2012,20
Timor-Leste,2013,391
Timor-Leste,2014,33
Timor-Leste,2015,16
Timor-Leste,2016,31
Timor-Leste,2017,17
Timor-Leste,2018,39
Timor-Leste,2019,24
Timor-Leste,2020,5
Timor-Leste,2021,12
Timor-Leste,2022,45
Timor-Leste,2023,57
Timor-Leste,2024,48
Timor-Leste,2025,128
Dominican Republic,2010,1467
Dominican Republic,2011,2924
Dominican Republic,2012,2073
Dominican Republic,2013,727
Dominican Republic,2014,1349
Dominican Republic,2015,2583
Dominican Republic,2016,1625
Dominican Republic,2017,1359
Dominican Republic,2018,1938
Dominican Republic,2019,3478
Dominican Republic,2020,728
Dominican Republic,2021,2302
Dominican Republic,2022,4737
Dominican Republic,2023,5425
Dominican Republic,2024,5138
Dominican Republic,2025,5362
Dominica,2010,668
Dominica,2011,523
Dominica,2012,246
Dominica,2013,1127
Dominica,2014,682
Dominica,2015,476
Dominica,2016,748
Dominica,2017,2017
Dominica,2018,3611
Dominica,2019,5679
Dominica,2020,2342
Dominica,2021,7679
Dominica,2022,10295
Dominica,2023,11485
Dominica,2024,3910
Dominica,2025,3017
Ecuador,2010,2704
Ecuador,2011,3892
Ecuador,2012,4433
Ecuador,2013,4780
Ecuador,2014,5093
Ecuador,2015,6791
Ecuador,2016,4323
Ecuador,2017,5548
Ecuador,2018,8423
Ecuador,2019,8416
Ecuador,2020,1558
Ecuador,2021,4833
Ecuador,2022,15807
Ecuador,2023,15770
Ecuador,2024,15418
Ecuador,2025,17215
Equatorial Guinea,2010,10
Equatorial Guinea,2011,57
Equatorial Guinea,2012,44
Equatorial Guinea,2013,69
Equatorial Guinea,2014,130
Equatorial Guinea,2015,117
Equatorial Guinea,2016,133
Equatorial Guinea,2017,80
Equatorial Guinea,2018,235
Equatorial Guinea,2019,290
Equatorial Guinea,2020,233
Equatorial Guinea,2021,646
Equatorial Guinea,2022,906
Equatorial Guinea,2023,636
Equatorial Guinea,2024,701
Equatorial Guinea,2025,569
El Salvador,2010,462
El Salvador,2011,570
El Salvador,2012,652
El Salvador,2013,745
El Salvador,2014,2032
El Salvador,2015,799
El Salvador,2016,637
El Salvador,2017,1082
El Salvador,2018,948
El Salvador,2019,1237
El Salvador,2020,216
El Salvador,2021,623
El Salvador,2022,1817
El Salvador,2023,2499
El Salvador,2024,2356
El Salvador,2025,2906
Indonesia,2010,24349
Indonesia,2011,40282
Indonesia,2012,56113
Indonesia,2013,57385
Indonesia,2014,59486
Indonesia,2015,56867
Indonesia,2016,47232
Indonesia,2017,85031
Indonesia,2018,119337
Indonesia,2019,127149
Indonesia,2020,39690
Indonesia,2021,49319
Indonesia,2022,152995
Indonesia,2023,178800
Indonesia,2024,202456
Indonesia,2025,207080
Eritrea,2010,561
Eritrea,2011,382
Eritrea,2012,546
Eritrea,2013,584
Eritrea,2014,1237
Eritrea,2015,1608
Eritrea,2016,1447
Eritrea,2017,2982
Eritrea,2018,6741
Eritrea,2019,10004
Eritrea,2020,2225
Eritrea,2021,5409
Eritrea,2022,11032
Eritrea,2023,11607
Eritrea,2024,10783
Eritrea,2025,10944
Armenia,2010,69323
Armenia,2011,72393
Armenia,2012,70956
Armenia,2013,73365
Armenia,2014,67198
Armenia,2015,48522
Armenia,2016,39063
Armenia,2017,48320
Armenia,2018,51880
Armenia,2019,66882
Armenia,2020,9309
Armenia,2021,10178
Armenia,2022,36445
Armenia,2023,31950
Armenia,2024,31587
Armenia,2025,29879
Estonia,2010,35136
Estonia,2011,34921
Estonia,2012,35459
Estonia,2013,48537
Estonia,2014,55649
Estonia,2015,63363
Estonia,2016,35549
Estonia,2017,48024
Estonia,2018,61707
Estonia,2019,77041
Estonia,2020,5113
Estonia,2021,47597
Estonia,2022,93209
Estonia,2023,96227
Estonia,2024,103956
Estonia,2025,114600
Ethiopia,2010,1479
Ethiopia,2011,1912
Ethiopia,2012,2826
Ethiopia,2013,3488
Ethiopia,2014,4480
Ethiopia,2015,5095
Ethiopia,2016,5408
Ethiopia,2017,6078
Ethiopia,2018,9137
Ethiopia,2019,20714
Ethiopia,2020,14356
Ethiopia,2021,45230
Ethiopia,2022,25619
Ethiopia,2023,26382
Ethiopia,2024,23267
Ethiopia,2025,20723
Falkland Islands (UK Territory),2010,NA
Falkland Islands (UK Territory),2011,NA
Falkland Islands (UK Territory),2012,NA
Falkland Islands (UK Territory),2013,NA
Falkland Islands (UK Territory),2014,NA
Falkland Islands (UK Territory),2015,NA
Falkland Islands (UK Territory),2016,2
Falkland Islands (UK Territory),2017,8
Falkland Islands (UK Territory),2018,NA
Falkland Islands (UK Territory),2019,NA
Falkland Islands (UK Territory),2020,NA
Falkland Islands (UK Territory),2021,NA
Falkland Islands (UK Territory),2022,NA
Falkland Islands (UK Territory),2023,NA
Falkland Islands (UK Territory),2024,NA
Falkland Islands (UK Territory),2025,NA
Faroe Islands (Denmark Territory),2010,NA
Faroe Islands (Denmark Territory),2011,NA
Faroe Islands (Denmark Territory),2012,NA
Faroe Islands (Denmark Territory),2013,NA
Faroe Islands (Denmark Territory),2014,NA
Faroe Islands (Denmark Territory),2015,NA
Faroe Islands (Denmark Territory),2016,NA
Faroe Islands (Denmark Territory),2017,1
Faroe Islands (Denmark Territory),2018,2
Faroe Islands (Denmark Territory),2019,1
Faroe Islands (Denmark Territory),2020,NA
Faroe Islands (Denmark Territory),2021,NA
Faroe Islands (Denmark Territory),2022,NA
Faroe Islands (Denmark Territory),2023,NA
Faroe Islands (Denmark Territory),2024,NA
Faroe Islands (Denmark Territory),2025,NA
Morocco,2010,57447
Morocco,2011,68645
Morocco,2012,77884
Morocco,2013,82579
Morocco,2014,89562
Morocco,2015,109775
Morocco,2016,87660
Morocco,2017,114155
Morocco,2018,176538
Morocco,2019,234264
Morocco,2020,67775
Morocco,2021,121333
Morocco,2022,251708
Morocco,2023,262124
Morocco,2024,236764
Morocco,2025,228863
Fiji,2010,34
Fiji,2011,33
Fiji,2012,167
Fiji,2013,80
Fiji,2014,148
Fiji,2015,118
Fiji,2016,93
Fiji,2017,75
Fiji,2018,140
Fiji,2019,127
Fiji,2020,52
Fiji,2021,53
Fiji,2022,230
Fiji,2023,356
Fiji,2024,354
Fiji,2025,381
Côte d’Ivoire,2010,755
Côte d’Ivoire,2011,1280
Côte d’Ivoire,2012,1847
Côte d’Ivoire,2013,2407
Côte d’Ivoire,2014,6373
Côte d’Ivoire,2015,2957
Côte d’Ivoire,2016,2807
Côte d’Ivoire,2017,2891
Côte d’Ivoire,2018,3571
Côte d’Ivoire,2019,4528
Côte d’Ivoire,2020,2501
Côte d’Ivoire,2021,7124
Côte d’Ivoire,2022,9294
Côte d’Ivoire,2023,7408
Côte d’Ivoire,2024,6604
Côte d’Ivoire,2025,6188
Philippines,2010,31658
Philippines,2011,51610
Philippines,2012,65272
Philippines,2013,59734
Philippines,2014,69229
Philippines,2015,83515
Philippines,2016,59015
Philippines,2017,63244
Philippines,2018,95068
Philippines,2019,139126
Philippines,2020,48440
Philippines,2021,55397
Philippines,2022,97954
Philippines,2023,120347
Philippines,2024,129071
Philippines,2025,127064
Palestine,2010,4685
Palestine,2011,5447
Palestine,2012,6327
Palestine,2013,7971
Palestine,2014,11435
Palestine,2015,16218
Palestine,2016,19353
Palestine,2017,32339
Palestine,2018,56816
Palestine,2019,72760
Palestine,2020,17181
Palestine,2021,64073
Palestine,2022,97011
Palestine,2023,73430
Palestine,2024,49015
Palestine,2025,49751
Finland,2010,143204
Finland,2011,186562
Finland,2012,195083
Finland,2013,219044
Finland,2014,228138
Finland,2015,213803
Finland,2016,122185
Finland,2017,97112
Finland,2018,128860
Finland,2019,135192
Finland,2020,15003
Finland,2021,32809
Finland,2022,117281
Finland,2023,117123
Finland,2024,123414
Finland,2025,125834
France,2010,928376
France,2011,1140459
France,2012,1032565
France,2013,1046010
France,2014,1037152
France,2015,847259
France,2016,555151
France,2017,578524
France,2018,731379
France,2019,875957
France,2020,311708
France,2021,621493
France,2022,986090
France,2023,1031824
France,2024,1088380
France,2025,1100603
French Guiana (France Territory),2010,NA
French Guiana (France Territory),2011,NA
French Guiana (France Territory),2012,NA
French Guiana (France Territory),2013,NA
French Guiana (France Territory),2014,NA
French Guiana (France Territory),2015,NA
French Guiana (France Territory),2016,NA
French Guiana (France Territory),2017,NA
French Guiana (France Territory),2018,NA
French Guiana (France Territory),2019,NA
French Guiana (France Territory),2020,NA
French Guiana (France Territory),2021,NA
French Guiana (France Territory),2022,NA
French Guiana (France Territory),2023,NA
French Guiana (France Territory),2024,6
French Guiana (France Territory),2025,NA
Gabon,2010,161
Gabon,2011,268
Gabon,2012,473
Gabon,2013,1902
Gabon,2014,1691
Gabon,2015,2259
Gabon,2016,1577
Gabon,2017,1565
Gabon,2018,2289
Gabon,2019,2872
Gabon,2020,1338
Gabon,2021,4777
Gabon,2022,6208
Gabon,2023,3987
Gabon,2024,3593
Gabon,2025,3383
Gambia,2010,188
Gambia,2011,350
Gambia,2012,389
Gambia,2013,528
Gambia,2014,633
Gambia,2015,560
Gambia,2016,694
Gambia,2017,796
Gambia,2018,1173
Gambia,2019,2404
Gambia,2020,989
Gambia,2021,2684
Gambia,2022,2573
Gambia,2023,2107
Gambia,2024,1983
Gambia,2025,2490
Ghana,2010,760
Ghana,2011,1817
Ghana,2012,3597
Ghana,2013,5225
Ghana,2014,4093
Ghana,2015,3765
Ghana,2016,3309
Ghana,2017,4369
Ghana,2018,5801
Ghana,2019,6437
Ghana,2020,2068
Ghana,2021,4767
Ghana,2022,6438
Ghana,2023,5193
Ghana,2024,5387
Ghana,2025,5649
Undefined,2010,15
Undefined,2011,23
Undefined,2012,3
Undefined,2013,0
Undefined,2014,NA
Undefined,2015,2
Undefined,2016,NA
Undefined,2017,NA
Undefined,2018,NA
Undefined,2019,NA
Undefined,2020,NA
Undefined,2021,NA
Undefined,2022,NA
Undefined,2023,NA
Undefined,2024,NA
Undefined,2025,NA
Guinea,2010,723
Guinea,2011,645
Guinea,2012,601
Guinea,2013,666
Guinea,2014,710
Guinea,2015,829
Guinea,2016,1041
Guinea,2017,1295
Guinea,2018,1471
Guinea,2019,1957
Guinea,2020,1049
Guinea,2021,3768
Guinea,2022,5519
Guinea,2023,5492
Guinea,2024,4331
Guinea,2025,4360
Guinea-Bissau,2010,70
Guinea-Bissau,2011,112
Guinea-Bissau,2012,135
Guinea-Bissau,2013,161
Guinea-Bissau,2014,159
Guinea-Bissau,2015,172
Guinea-Bissau,2016,162
Guinea-Bissau,2017,231
Guinea-Bissau,2018,188
Guinea-Bissau,2019,228
Guinea-Bissau,2020,162
Guinea-Bissau,2021,411
Guinea-Bissau,2022,390
Guinea-Bissau,2023,271
Guinea-Bissau,2024,244
Guinea-Bissau,2025,266
Grenada,2010,60
Grenada,2011,58
Grenada,2012,75
Grenada,2013,53
Grenada,2014,100
Grenada,2015,120
Grenada,2016,112
Grenada,2017,283
Grenada,2018,498
Grenada,2019,644
Grenada,2020,178
Grenada,2021,564
Grenada,2022,741
Grenada,2023,862
Grenada,2024,906
Grenada,2025,874
Greenland,2010,NA
Greenland,2011,NA
Greenland,2012,NA
Greenland,2013,NA
Greenland,2014,NA
Greenland,2015,NA
Greenland,2016,5
Greenland,2017,10
Greenland,2018,NA
Greenland,2019,NA
Greenland,2020,NA
Greenland,2021,NA
Greenland,2022,NA
Greenland,2023,NA
Greenland,2024,NA
Greenland,2025,NA
Guam (US Territory),2010,NA
Guam (US Territory),2011,NA
Guam (US Territory),2012,NA
Guam (US Territory),2013,NA
Guam (US Territory),2014,NA
Guam (US Territory),2015,NA
Guam (US Territory),2016,1
Guam (US Territory),2017,NA
Guam (US Territory),2018,NA
Guam (US Territory),2019,NA
Guam (US Territory),2020,NA
Guam (US Territory),2021,NA
Guam (US Territory),2022,NA
Guam (US Territory),2023,NA
Guam (US Territory),2024,NA
Guam (US Territory),2025,NA
Guatemala,2010,893
Guatemala,2011,1266
Guatemala,2012,1193
Guatemala,2013,1586
Guatemala,2014,1633
Guatemala,2015,1728
Guatemala,2016,1276
Guatemala,2017,1050
Guatemala,2018,1824
Guatemala,2019,2931
Guatemala,2020,330
Guatemala,2021,1086
Guatemala,2022,4341
Guatemala,2023,5276
Guatemala,2024,5096
Guatemala,2025,5093
Guyana,2010,47
Guyana,2011,68
Guyana,2012,134
Guyana,2013,60
Guyana,2014,90
Guyana,2015,102
Guyana,2016,89
Guyana,2017,55
Guyana,2018,39
Guyana,2019,60
Guyana,2020,16
Guyana,2021,22
Guyana,2022,91
Guyana,2023,106
Guyana,2024,179
Guyana,2025,175
South Africa,2010,27177
South Africa,2011,34394
South Africa,2012,40771
South Africa,2013,44798
South Africa,2014,43049
South Africa,2015,47679
South Africa,2016,29316
South Africa,2017,34487
South Africa,2018,53544
South Africa,2019,74652
South Africa,2020,12251
South Africa,2021,6088
South Africa,2022,71636
South Africa,2023,67647
South Africa,2024,70231
South Africa,2025,70698
Cyprus (Republic of Cyprus),2010,15421
Cyprus (Republic of Cyprus),2011,16749
Cyprus (Republic of Cyprus),2012,18924
Cyprus (Republic of Cyprus),2013,14265
Cyprus (Republic of Cyprus),2014,15943
Cyprus (Republic of Cyprus),2015,12967
Cyprus (Republic of Cyprus),2016,10342
Cyprus (Republic of Cyprus),2017,10201
Cyprus (Republic of Cyprus),2018,10516
Cyprus (Republic of Cyprus),2019,12355
Cyprus (Republic of Cyprus),2020,2207
Cyprus (Republic of Cyprus),2021,2471
Cyprus (Republic of Cyprus),2022,11254
Cyprus (Republic of Cyprus),2023,14232
Cyprus (Republic of Cyprus),2024,16762
Cyprus (Republic of Cyprus),2025,15271
South Korea,2010,123315
South Korea,2011,149943
South Korea,2012,159084
South Korea,2013,187040
South Korea,2014,248910
South Korea,2015,228694
South Korea,2016,106904
South Korea,2017,120622
South Korea,2018,159354
South Korea,2019,212970
South Korea,2020,36636
South Korea,2021,15206
South Korea,2022,99869
South Korea,2023,159039
South Korea,2024,206931
South Korea,2025,226434
South Sudan,2010,NA
South Sudan,2011,NA
South Sudan,2012,NA
South Sudan,2013,NA
South Sudan,2014,NA
South Sudan,2015,NA
South Sudan,2016,194
South Sudan,2017,227
South Sudan,2018,7
South Sudan,2019,369
South Sudan,2020,199
South Sudan,2021,481
South Sudan,2022,1113
South Sudan,2023,1336
South Sudan,2024,728
South Sudan,2025,749
Georgia,2010,1112193
Georgia,2011,1152661
Georgia,2012,1404882
Georgia,2013,1769447
Georgia,2014,1755289
Georgia,2015,1911832
Georgia,2016,2206266
Georgia,2017,2438730
Georgia,2018,2069392
Georgia,2019,1995254
Georgia,2020,410501
Georgia,2021,291852
Georgia,2022,1514813
Georgia,2023,1633977
Georgia,2024,1466188
Georgia,2025,1327884
Haiti,2010,179
Haiti,2011,296
Haiti,2012,294
Haiti,2013,222
Haiti,2014,288
Haiti,2015,359
Haiti,2016,295
Haiti,2017,256
Haiti,2018,450
Haiti,2019,678
Haiti,2020,772
Haiti,2021,5556
Haiti,2022,2526
Haiti,2023,1027
Haiti,2024,301
Haiti,2025,285
Croatia,2010,33563
Croatia,2011,41959
Croatia,2012,47144
Croatia,2013,44058
Croatia,2014,45297
Croatia,2015,38598
Croatia,2016,21346
Croatia,2017,23630
Croatia,2018,44188
Croatia,2019,56465
Croatia,2020,16566
Croatia,2021,29464
Croatia,2022,61327
Croatia,2023,66948
Croatia,2024,77003
Croatia,2025,78844
India,2010,63406
India,2011,73731
India,2012,90934
India,2013,95014
India,2014,119503
India,2015,131869
India,2016,79316
India,2017,86996
India,2018,147127
India,2019,230131
India,2020,44707
India,2021,52651
India,2022,231579
India,2023,274159
India,2024,330985
India,2025,250751
Netherlands,2010,1073064
Netherlands,2011,1222823
Netherlands,2012,1273593
Netherlands,2013,1312466
Netherlands,2014,1303730
Netherlands,2015,1232487
Netherlands,2016,906336
Netherlands,2017,799006
Netherlands,2018,1013642
Netherlands,2019,1117290
Netherlands,2020,271526
Netherlands,2021,645601
Netherlands,2022,1244756
Netherlands,2023,1232220
Netherlands,2024,1303262
Netherlands,2025,1275577
Netherlands Antilles (Historical),2010,NA
Netherlands Antilles (Historical),2011,NA
Netherlands Antilles (Historical),2012,NA
Netherlands Antilles (Historical),2013,NA
Netherlands Antilles (Historical),2014,NA
Netherlands Antilles (Historical),2015,NA
Netherlands Antilles (Historical),2016,NA
Netherlands Antilles (Historical),2017,NA
Netherlands Antilles (Historical),2018,NA
Netherlands Antilles (Historical),2019,NA
Netherlands Antilles (Historical),2020,NA
Netherlands Antilles (Historical),2021,NA
Netherlands Antilles (Historical),2022,1
Netherlands Antilles (Historical),2023,NA
Netherlands Antilles (Historical),2024,NA
Netherlands Antilles (Historical),2025,NA
Honduras,2010,599
Honduras,2011,1252
Honduras,2012,1167
Honduras,2013,1330
Honduras,2014,1601
Honduras,2015,1691
Honduras,2016,1300
Honduras,2017,1435
Honduras,2018,1595
Honduras,2019,2814
Honduras,2020,355
Honduras,2021,1023
Honduras,2022,2825
Honduras,2023,4139
Honduras,2024,4128
Honduras,2025,3885
Hong Kong,2010,6442
Hong Kong,2011,10666
Hong Kong,2012,13138
Hong Kong,2013,12650
Hong Kong,2014,20217
Hong Kong,2015,19074
Hong Kong,2016,6399
Hong Kong,2017,6994
Hong Kong,2018,18683
Hong Kong,2019,30092
Hong Kong,2020,4053
Hong Kong,2021,1043
Hong Kong,2022,5435
Hong Kong,2023,17642
Hong Kong,2024,23849
Hong Kong,2025,26436
Iraq,2010,280328
Iraq,2011,369033
Iraq,2012,533149
Iraq,2013,730639
Iraq,2014,857246
Iraq,2015,1094144
Iraq,2016,420831
Iraq,2017,896876
Iraq,2018,1172896
Iraq,2019,1374896
Iraq,2020,387587
Iraq,2021,836624
Iraq,2022,1208895
Iraq,2023,1051721
Iraq,2024,968834
Iraq,2025,1031257
Excluded,2010,296
Excluded,2011,NA
Excluded,2012,0
Excluded,2013,0
Excluded,2014,2188
Excluded,2015,NA
Excluded,2016,NA
Excluded,2017,NA
Excluded,2018,NA
Excluded,2019,NA
Excluded,2020,NA
Excluded,2021,NA
Excluded,2022,NA
Excluded,2023,NA
Excluded,2024,NA
Excluded,2025,NA
United Kingdom,2010,2673605
United Kingdom,2011,2582054
United Kingdom,2012,2456519
United Kingdom,2013,2509357
United Kingdom,2014,2600360
United Kingdom,2015,2512139
United Kingdom,2016,1711481
United Kingdom,2017,1658715
United Kingdom,2018,2254871
United Kingdom,2019,2562064
United Kingdom,2020,820709
United Kingdom,2021,392746
United Kingdom,2022,3370739
United Kingdom,2023,3800922
United Kingdom,2024,4433782
United Kingdom,2025,4270036
UK National (Other),2010,NA
UK National (Other),2011,NA
UK National (Other),2012,NA
UK National (Other),2013,NA
UK National (Other),2014,NA
UK National (Other),2015,NA
UK National (Other),2016,NA
UK National (Other),2017,NA
UK National (Other),2018,NA
UK National (Other),2019,NA
UK National (Other),2020,NA
UK National (Other),2021,NA
UK National (Other),2022,0
UK National (Other),2023,NA
UK National (Other),2024,NA
UK National (Other),2025,NA
Iran,2010,1885097
Iran,2011,1879304
Iran,2012,1186343
Iran,2013,1196801
Iran,2014,1590664
Iran,2015,1700385
Iran,2016,1665160
Iran,2017,2501948
Iran,2018,2001744
Iran,2019,2102890
Iran,2020,385762
Iran,2021,1153092
Iran,2022,2331076
Iran,2023,2504494
Iran,2024,3277852
Iran,2025,3050195
Ireland,2010,111065
Ireland,2011,118620
Ireland,2012,110863
Ireland,2013,112665
Ireland,2014,105001
Ireland,2015,101379
Ireland,2016,54221
Ireland,2017,50102
Ireland,2018,71221
Ireland,2019,96886
Ireland,2020,26176
Ireland,2021,36947
Ireland,2022,136608
Ireland,2023,163165
Ireland,2024,195899
Ireland,2025,220021
Spain,2010,321325
Spain,2011,300084
Spain,2012,278164
Spain,2013,290422
Spain,2014,283926
Spain,2015,236063
Spain,2016,106582
Spain,2017,106757
Spain,2018,178018
Spain,2019,257342
Spain,2020,54381
Spain,2021,104848
Spain,2022,298165
Spain,2023,324690
Spain,2024,382896
Spain,2025,452790
Israel,2010,109559
Israel,2011,79140
Israel,2012,83740
Israel,2013,164917
Israel,2014,188608
Israel,2015,224568
Israel,2016,293988
Israel,2017,380415
Israel,2018,443732
Israel,2019,569368
Israel,2020,129677
Israel,2021,225238
Israel,2022,843028
Israel,2023,765776
Israel,2024,85949
Israel,2025,120960
Sweden,2010,447270
Sweden,2011,571917
Sweden,2012,617811
Sweden,2013,692186
Sweden,2014,667551
Sweden,2015,624649
Sweden,2016,320580
Sweden,2017,289134
Sweden,2018,384397
Sweden,2019,444285
Sweden,2020,93703
Sweden,2021,192872
Sweden,2022,415696
Sweden,2023,364984
Sweden,2024,397201
Sweden,2025,406422
Switzerland,2010,271139
Switzerland,2011,328825
Switzerland,2012,354461
Switzerland,2013,379344
Switzerland,2014,394458
Switzerland,2015,380338
Switzerland,2016,215194
Switzerland,2017,206479
Switzerland,2018,269649
Switzerland,2019,311107
Switzerland,2020,127643
Switzerland,2021,219591
Switzerland,2022,382835
Switzerland,2023,390044
Switzerland,2024,406357
Switzerland,2025,414635
Italy,2010,671060
Italy,2011,752238
Italy,2012,714041
Italy,2013,731784
Italy,2014,697360
Italy,2015,507897
Italy,2016,213227
Italy,2017,205788
Italy,2018,284195
Italy,2019,377011
Italy,2020,72619
Italy,2021,116806
Italy,2022,420661
Italy,2023,602176
Italy,2024,719668
Italy,2025,810998
Iceland,2010,6476
Iceland,2011,6156
Iceland,2012,5797
Iceland,2013,4909
Iceland,2014,8691
Iceland,2015,9579
Iceland,2016,3314
Iceland,2017,2455
Iceland,2018,2935
Iceland,2019,3966
Iceland,2020,541
Iceland,2021,962
Iceland,2022,4070
Iceland,2023,3975
Iceland,2024,4758
Iceland,2025,7292
Jamaica,2010,433
Jamaica,2011,628
Jamaica,2012,1024
Jamaica,2013,781
Jamaica,2014,1222
Jamaica,2015,1259
Jamaica,2016,1161
Jamaica,2017,717
Jamaica,2018,1421
Jamaica,2019,1640
Jamaica,2020,610
Jamaica,2021,478
Jamaica,2022,1972
Jamaica,2023,2696
Jamaica,2024,3919
Jamaica,2025,3499
Japan,2010,195404
Japan,2011,188312
Japan,2012,203592
Japan,2013,174150
Japan,2014,170550
Japan,2015,104847
Japan,2016,44695
Japan,2017,49323
Japan,2018,81931
Japan,2019,103320
Japan,2020,19122
Japan,2021,7153
Japan,2022,30610
Japan,2023,78782
Japan,2024,134697
Japan,2025,161103
Cambodia,2010,112
Cambodia,2011,139
Cambodia,2012,148
Cambodia,2013,133
Cambodia,2014,173
Cambodia,2015,228
Cambodia,2016,223
Cambodia,2017,196
Cambodia,2018,321
Cambodia,2019,609
Cambodia,2020,97
Cambodia,2021,113
Cambodia,2022,379
Cambodia,2023,494
Cambodia,2024,621
Cambodia,2025,845
Cameroon,2010,1381
Cameroon,2011,1609
Cameroon,2012,2411
Cameroon,2013,5775
Cameroon,2014,6027
Cameroon,2015,6198
Cameroon,2016,5498
Cameroon,2017,5883
Cameroon,2018,8015
Cameroon,2019,8742
Cameroon,2020,3570
Cameroon,2021,7592
Cameroon,2022,9545
Cameroon,2023,7219
Cameroon,2024,6429
Cameroon,2025,6318
Canada,2010,152556
Canada,2011,191903
Canada,2012,182252
Canada,2013,199497
Canada,2014,190116
Canada,2015,187615
Canada,2016,106285
Canada,2017,81196
Canada,2018,108272
Canada,2019,139164
Canada,2020,34210
Canada,2021,72034
Canada,2022,197416
Canada,2023,248868
Canada,2024,302728
Canada,2025,321271
Montenegro,2010,11610
Montenegro,2011,13793
Montenegro,2012,16559
Montenegro,2013,18838
Montenegro,2014,20423
Montenegro,2015,19768
Montenegro,2016,16709
Montenegro,2017,19555
Montenegro,2018,24183
Montenegro,2019,27639
Montenegro,2020,11441
Montenegro,2021,20812
Montenegro,2022,29417
Montenegro,2023,29844
Montenegro,2024,34274
Montenegro,2025,32248
Qatar,2010,6043
Qatar,2011,7661
Qatar,2012,13971
Qatar,2013,18630
Qatar,2014,29743
Qatar,2015,35832
Qatar,2016,32681
Qatar,2017,48764
Qatar,2018,96327
Qatar,2019,108496
Qatar,2020,31956
Qatar,2021,83831
Qatar,2022,92439
Qatar,2023,70090
Qatar,2024,57813
Qatar,2025,50794
Cayman Islands (UK Territory),2010,NA
Cayman Islands (UK Territory),2011,NA
Cayman Islands (UK Territory),2012,NA
Cayman Islands (UK Territory),2013,NA
Cayman Islands (UK Territory),2014,NA
Cayman Islands (UK Territory),2015,NA
Cayman Islands (UK Territory),2016,NA
Cayman Islands (UK Territory),2017,0
Cayman Islands (UK Territory),2018,NA
Cayman Islands (UK Territory),2019,NA
Cayman Islands (UK Territory),2020,NA
Cayman Islands (UK Territory),2021,NA
Cayman Islands (UK Territory),2022,NA
Cayman Islands (UK Territory),2023,NA
Cayman Islands (UK Territory),2024,NA
Cayman Islands (UK Territory),2025,NA
Kazakhstan,2010,247784
Kazakhstan,2011,315907
Kazakhstan,2012,380046
Kazakhstan,2013,425773
Kazakhstan,2014,437971
Kazakhstan,2015,423744
Kazakhstan,2016,240188
Kazakhstan,2017,402830
Kazakhstan,2018,426916
Kazakhstan,2019,455724
Kazakhstan,2020,137213
Kazakhstan,2021,366076
Kazakhstan,2022,712136
Kazakhstan,2023,826319
Kazakhstan,2024,863542
Kazakhstan,2025,762747
Kenya,2010,4319
Kenya,2011,4541
Kenya,2012,5510
Kenya,2013,6226
Kenya,2014,6880
Kenya,2015,7506
Kenya,2016,5986
Kenya,2017,5046
Kenya,2018,7197
Kenya,2019,7902
Kenya,2020,2815
Kenya,2021,8263
Kenya,2022,11323
Kenya,2023,10131
Kenya,2024,9699
Kenya,2025,9016
Kyrgyzstan,2010,35665
Kyrgyzstan,2011,41197
Kyrgyzstan,2012,42866
Kyrgyzstan,2013,64905
Kyrgyzstan,2014,81941
Kyrgyzstan,2015,88369
Kyrgyzstan,2016,88877
Kyrgyzstan,2017,104911
Kyrgyzstan,2018,114926
Kyrgyzstan,2019,121364
Kyrgyzstan,2020,52142
Kyrgyzstan,2021,102840
Kyrgyzstan,2022,147487
Kyrgyzstan,2023,169906
Kyrgyzstan,2024,184174
Kyrgyzstan,2025,199280
Kiribati,2010,6
Kiribati,2011,185
Kiribati,2012,40
Kiribati,2013,70
Kiribati,2014,14
Kiribati,2015,23
Kiribati,2016,80
Kiribati,2017,55
Kiribati,2018,150
Kiribati,2019,524
Kiribati,2020,239
Kiribati,2021,5
Kiribati,2022,9
Kiribati,2023,1
Kiribati,2024,13
Kiribati,2025,5
Colombia,2010,7129
Colombia,2011,9853
Colombia,2012,12987
Colombia,2013,21979
Colombia,2014,23378
Colombia,2015,26046
Colombia,2016,19416
Colombia,2017,29650
Colombia,2018,56031
Colombia,2019,70974
Colombia,2020,10601
Colombia,2021,30094
Colombia,2022,77863
Colombia,2023,69257
Colombia,2024,72376
Colombia,2025,89098
Comoros,2010,459
Comoros,2011,1020
Comoros,2012,783
Comoros,2013,989
Comoros,2014,1196
Comoros,2015,1210
Comoros,2016,983
Comoros,2017,1209
Comoros,2018,1204
Comoros,2019,1351
Comoros,2020,669
Comoros,2021,1202
Comoros,2022,1570
Comoros,2023,871
Comoros,2024,701
Comoros,2025,669
Republic of the Congo,2010,2323
Republic of the Congo,2011,3902
Republic of the Congo,2012,2847
Republic of the Congo,2013,781
Republic of the Congo,2014,605
Republic of the Congo,2015,837
Republic of the Congo,2016,683
Republic of the Congo,2017,651
Republic of the Congo,2018,835
Republic of the Congo,2019,1133
Republic of the Congo,2020,529
Republic of the Congo,2021,1542
Republic of the Congo,2022,3084
Republic of the Congo,2023,2080
Republic of the Congo,2024,1769
Republic of the Congo,2025,1347
Kosovo,2010,46228
Kosovo,2011,56411
Kosovo,2012,70156
Kosovo,2013,78825
Kosovo,2014,86272
Kosovo,2015,97818
Kosovo,2016,100022
Kosovo,2017,116049
Kosovo,2018,139500
Kosovo,2019,152048
Kosovo,2020,70462
Kosovo,2021,145931
Kosovo,2022,193823
Kosovo,2023,174681
Kosovo,2024,209853
Kosovo,2025,209671
Costa Rica,2010,1305
Costa Rica,2011,2179
Costa Rica,2012,2465
Costa Rica,2013,2639
Costa Rica,2014,2731
Costa Rica,2015,3659
Costa Rica,2016,2088
Costa Rica,2017,1936
Costa Rica,2018,3621
Costa Rica,2019,5026
Costa Rica,2020,755
Costa Rica,2021,1734
Costa Rica,2022,8745
Costa Rica,2023,9604
Costa Rica,2024,9062
Costa Rica,2025,9929
Kuwait,2010,27281
Kuwait,2011,41617
Kuwait,2012,65167
Kuwait,2013,88238
Kuwait,2014,133128
Kuwait,2015,174486
Kuwait,2016,179938
Kuwait,2017,255644
Kuwait,2018,298620
Kuwait,2019,374191
Kuwait,2020,120221
Kuwait,2021,246249
Kuwait,2022,480123
Kuwait,2023,363070
Kuwait,2024,264440
Kuwait,2025,209921
Northern Cyprus (Unrecognized State),2010,191993
Northern Cyprus (Unrecognized State),2011,203272
Northern Cyprus (Unrecognized State),2012,211828
Northern Cyprus (Unrecognized State),2013,216881
Northern Cyprus (Unrecognized State),2014,227612
Northern Cyprus (Unrecognized State),2015,233278
Northern Cyprus (Unrecognized State),2016,222839
Northern Cyprus (Unrecognized State),2017,245858
Northern Cyprus (Unrecognized State),2018,256343
Northern Cyprus (Unrecognized State),2019,255986
Northern Cyprus (Unrecognized State),2020,57601
Northern Cyprus (Unrecognized State),2021,65882
Northern Cyprus (Unrecognized State),2022,171691
Northern Cyprus (Unrecognized State),2023,200905
Northern Cyprus (Unrecognized State),2024,261608
Northern Cyprus (Unrecognized State),2025,293277
North Korea,2010,149
North Korea,2011,56
North Korea,2012,714
North Korea,2013,586
North Korea,2014,57
North Korea,2015,61
North Korea,2016,80
North Korea,2017,345
North Korea,2018,29
North Korea,2019,39
North Korea,2020,9
North Korea,2021,4
North Korea,2022,74
North Korea,2023,60
North Korea,2024,47
North Korea,2025,57
North Macedonia,2010,115541
North Macedonia,2011,130648
North Macedonia,2012,137579
North Macedonia,2013,140793
North Macedonia,2014,156138
North Macedonia,2015,167428
North Macedonia,2016,146008
North Macedonia,2017,172851
North Macedonia,2018,209519
North Macedonia,2019,222862
North Macedonia,2020,115483
North Macedonia,2021,182045
North Macedonia,2022,266184
North Macedonia,2023,251066
North Macedonia,2024,246626
North Macedonia,2025,242520
Northern Mariana Islands (US Territory),2010,NA
Northern Mariana Islands (US Territory),2011,NA
Northern Mariana Islands (US Territory),2012,NA
Northern Mariana Islands (US Territory),2013,NA
Northern Mariana Islands (US Territory),2014,NA
Northern Mariana Islands (US Territory),2015,2
Northern Mariana Islands (US Territory),2016,1
Northern Mariana Islands (US Territory),2017,NA
Northern Mariana Islands (US Territory),2018,3
Northern Mariana Islands (US Territory),2019,NA
Northern Mariana Islands (US Territory),2020,NA
Northern Mariana Islands (US Territory),2021,NA
Northern Mariana Islands (US Territory),2022,NA
Northern Mariana Islands (US Territory),2023,NA
Northern Mariana Islands (US Territory),2024,NA
Northern Mariana Islands (US Territory),2025,NA
Cuba,2010,773
Cuba,2011,828
Cuba,2012,784
Cuba,2013,1064
Cuba,2014,1654
Cuba,2015,1745
Cuba,2016,1375
Cuba,2017,2505
Cuba,2018,3097
Cuba,2019,3087
Cuba,2020,596
Cuba,2021,1502
Cuba,2022,3557
Cuba,2023,4813
Cuba,2024,7099
Cuba,2025,6199
Laos,2010,22
Laos,2011,90
Laos,2012,82
Laos,2013,72
Laos,2014,112
Laos,2015,106
Laos,2016,47
Laos,2017,39
Laos,2018,51
Laos,2019,84
Laos,2020,27
Laos,2021,17
Laos,2022,105
Laos,2023,92
Laos,2024,165
Laos,2025,115
Lesotho,2010,20
Lesotho,2011,87
Lesotho,2012,35
Lesotho,2013,49
Lesotho,2014,61
Lesotho,2015,80
Lesotho,2016,76
Lesotho,2017,56
Lesotho,2018,120
Lesotho,2019,136
Lesotho,2020,30
Lesotho,2021,34
Lesotho,2022,126
Lesotho,2023,83
Lesotho,2024,125
Lesotho,2025,88
Latvia,2010,39102
Latvia,2011,45074
Latvia,2012,45725
Latvia,2013,55058
Latvia,2014,58981
Latvia,2015,60485
Latvia,2016,34861
Latvia,2017,46536
Latvia,2018,65868
Latvia,2019,86051
Latvia,2020,9392
Latvia,2021,44760
Latvia,2022,97240
Latvia,2023,117936
Latvia,2024,124732
Latvia,2025,136128
Liberia,2010,276
Liberia,2011,164
Liberia,2012,167
Liberia,2013,444
Liberia,2014,529
Liberia,2015,455
Liberia,2016,233
Liberia,2017,205
Liberia,2018,250
Liberia,2019,205
Liberia,2020,81
Liberia,2021,274
Liberia,2022,610
Liberia,2023,475
Liberia,2024,451
Liberia,2025,435
Libya,2010,60917
Libya,2011,53562
Libya,2012,213890
Libya,2013,264266
Libya,2014,267501
Libya,2015,234762
Libya,2016,72014
Libya,2017,99395
Libya,2018,188312
Libya,2019,259243
Libya,2020,107251
Libya,2021,197983
Libya,2022,220179
Libya,2023,194351
Libya,2024,220497
Libya,2025,192126
Liechtenstein,2010,1362
Liechtenstein,2011,1688
Liechtenstein,2012,1855
Liechtenstein,2013,2099
Liechtenstein,2014,2100
Liechtenstein,2015,2180
Liechtenstein,2016,1161
Liechtenstein,2017,1239
Liechtenstein,2018,1546
Liechtenstein,2019,1796
Liechtenstein,2020,562
Liechtenstein,2021,1331
Liechtenstein,2022,2092
Liechtenstein,2023,2262
Liechtenstein,2024,2298
Liechtenstein,2025,2516
Lithuania,2010,71992
Lithuania,2011,76036
Lithuania,2012,69520
Lithuania,2013,90180
Lithuania,2014,106469
Lithuania,2015,112654
Lithuania,2016,109749
Lithuania,2017,134264
Lithuania,2018,199371
Lithuania,2019,229704
Lithuania,2020,14194
Lithuania,2021,114227
Lithuania,2022,251619
Lithuania,2023,277810
Lithuania,2024,285026
Lithuania,2025,306952
Lebanon,2010,134554
Lebanon,2011,137110
Lebanon,2012,144491
Lebanon,2013,143629
Lebanon,2014,161274
Lebanon,2015,197552
Lebanon,2016,191642
Lebanon,2017,237476
Lebanon,2018,338837
Lebanon,2019,376721
Lebanon,2020,89337
Lebanon,2021,191768
Lebanon,2022,272844
Lebanon,2023,257781
Lebanon,2024,261713
Lebanon,2025,245292
Luxembourg,2010,11262
Luxembourg,2011,13286
Luxembourg,2012,14034
Luxembourg,2013,15733
Luxembourg,2014,15310
Luxembourg,2015,12764
Luxembourg,2016,4831
Luxembourg,2017,4922
Luxembourg,2018,7716
Luxembourg,2019,10957
Luxembourg,2020,2228
Luxembourg,2021,8499
Luxembourg,2022,13186
Luxembourg,2023,15633
Luxembourg,2024,17228
Luxembourg,2025,19309
Hungary,2010,90944
Hungary,2011,103918
Hungary,2012,94409
Hungary,2013,97074
Hungary,2014,119977
Hungary,2015,140197
Hungary,2016,64737
Hungary,2017,79899
Hungary,2018,123448
Hungary,2019,149523
Hungary,2020,16563
Hungary,2021,76257
Hungary,2022,165842
Hungary,2023,222327
Hungary,2024,252066
Hungary,2025,267017
Madagascar,2010,134
Madagascar,2011,341
Madagascar,2012,837
Madagascar,2013,357
Madagascar,2014,319
Madagascar,2015,326
Madagascar,2016,360
Madagascar,2017,367
Madagascar,2018,428
Madagascar,2019,509
Madagascar,2020,116
Madagascar,2021,214
Madagascar,2022,390
Madagascar,2023,461
Madagascar,2024,576
Madagascar,2025,652
Macau,2010,115
Macau,2011,185
Macau,2012,190
Macau,2013,242
Macau,2014,685
Macau,2015,719
Macau,2016,160
Macau,2017,227
Macau,2018,653
Macau,2019,1225
Macau,2020,68
Macau,2021,8
Macau,2022,50
Macau,2023,373
Macau,2024,830
Macau,2025,858
Malawi,2010,103
Malawi,2011,159
Malawi,2012,226
Malawi,2013,264
Malawi,2014,220
Malawi,2015,319
Malawi,2016,219
Malawi,2017,278
Malawi,2018,259
Malawi,2019,346
Malawi,2020,79
Malawi,2021,223
Malawi,2022,414
Malawi,2023,329
Malawi,2024,355
Malawi,2025,300
Maldives,2010,156
Maldives,2011,167
Maldives,2012,262
Maldives,2013,404
Maldives,2014,541
Maldives,2015,622
Maldives,2016,431
Maldives,2017,735
Maldives,2018,958
Maldives,2019,1175
Maldives,2020,306
Maldives,2021,3474
Maldives,2022,4022
Maldives,2023,2563
Maldives,2024,2745
Maldives,2025,2015
Malaysia,2010,32458
Malaysia,2011,36222
Malaysia,2012,41169
Malaysia,2013,55139
Malaysia,2014,69968
Malaysia,2015,69616
Malaysia,2016,49255
Malaysia,2017,61166
Malaysia,2018,95591
Malaysia,2019,114214
Malaysia,2020,17892
Malaysia,2021,9618
Malaysia,2022,89766
Malaysia,2023,95444
Malaysia,2024,93132
Malaysia,2025,109379
Mali,2010,573
Mali,2011,834
Mali,2012,880
Mali,2013,1439
Mali,2014,1467
Mali,2015,2103
Mali,2016,2149
Mali,2017,2280
Mali,2018,2904
Mali,2019,3402
Mali,2020,1805
Mali,2021,4580
Mali,2022,6389
Mali,2023,5504
Mali,2024,5004
Mali,2025,5164
Malta,2010,3361
Malta,2011,5974
Malta,2012,6397
Malta,2013,6769
Malta,2014,7430
Malta,2015,9210
Malta,2016,5849
Malta,2017,5523
Malta,2018,8287
Malta,2019,8739
Malta,2020,3258
Malta,2021,7163
Malta,2022,16321
Malta,2023,14356
Malta,2024,15239
Malta,2025,16096
Isle of Man,2010,NA
Isle of Man,2011,311
Isle of Man,2012,NA
Isle of Man,2013,NA
Isle of Man,2014,NA
Isle of Man,2015,NA
Isle of Man,2016,NA
Isle of Man,2017,NA
Isle of Man,2018,NA
Isle of Man,2019,NA
Isle of Man,2020,NA
Isle of Man,2021,NA
Isle of Man,2022,NA
Isle of Man,2023,NA
Isle of Man,2024,2
Isle of Man,2025,NA
Marshall Islands,2010,2
Marshall Islands,2011,NA
Marshall Islands,2012,1
Marshall Islands,2013,NA
Marshall Islands,2014,20
Marshall Islands,2015,10
Marshall Islands,2016,NA
Marshall Islands,2017,NA
Marshall Islands,2018,2
Marshall Islands,2019,2
Marshall Islands,2020,21
Marshall Islands,2021,NA
Marshall Islands,2022,NA
Marshall Islands,2023,9
Marshall Islands,2024,NA
Marshall Islands,2025,29
Mauritius,2010,2117
Mauritius,2011,3255
Mauritius,2012,4088
Mauritius,2013,2648
Mauritius,2014,4046
Mauritius,2015,4078
Mauritius,2016,2499
Mauritius,2017,5485
Mauritius,2018,6137
Mauritius,2019,10714
Mauritius,2020,2306
Mauritius,2021,2831
Mauritius,2022,13836
Mauritius,2023,11859
Mauritius,2024,13258
Mauritius,2025,14099
Mayotte (France Territory),2010,NA
Mayotte (France Territory),2011,NA
Mayotte (France Territory),2012,NA
Mayotte (France Territory),2013,NA
Mayotte (France Territory),2014,NA
Mayotte (France Territory),2015,NA
Mayotte (France Territory),2016,NA
Mayotte (France Territory),2017,1
Mayotte (France Territory),2018,NA
Mayotte (France Territory),2019,NA
Mayotte (France Territory),2020,NA
Mayotte (France Territory),2021,NA
Mayotte (France Territory),2022,NA
Mayotte (France Territory),2023,NA
Mayotte (France Territory),2024,NA
Mayotte (France Territory),2025,NA
Mexico,2010,22908
Mexico,2011,29606
Mexico,2012,31576
Mexico,2013,36617
Mexico,2014,42663
Mexico,2015,45902
Mexico,2016,20958
Mexico,2017,19632
Mexico,2018,36737
Mexico,2019,66557
Mexico,2020,12775
Mexico,2021,34705
Mexico,2022,114267
Mexico,2023,155155
Mexico,2024,142963
Mexico,2025,139411
Egypt,2010,61560
Egypt,2011,79665
Egypt,2012,112025
Egypt,2013,107437
Egypt,2014,108762
Egypt,2015,100040
Egypt,2016,94871
Egypt,2017,100971
Egypt,2018,148943
Egypt,2019,177655
Egypt,2020,68936
Egypt,2021,124483
Egypt,2022,227850
Egypt,2023,187053
Egypt,2024,231097
Egypt,2025,220911
Micronesia,2010,1
Micronesia,2011,1
Micronesia,2012,1
Micronesia,2013,3
Micronesia,2014,5
Micronesia,2015,1
Micronesia,2016,12
Micronesia,2017,5
Micronesia,2018,1
Micronesia,2019,1
Micronesia,2020,NA
Micronesia,2021,1
Micronesia,2022,3
Micronesia,2023,2
Micronesia,2024,2
Micronesia,2025,6
Stateless,2010,22897
Stateless,2011,26495
Stateless,2012,31736
Stateless,2013,35501
Stateless,2014,45466
Stateless,2015,54434
Stateless,2016,38447
Stateless,2017,54296
Stateless,2018,77689
Stateless,2019,96424
Stateless,2020,29681
Stateless,2021,62423
Stateless,2022,89322
Stateless,2023,68908
Stateless,2024,52572
Stateless,2025,47755
Mongolia,2010,4776
Mongolia,2011,5357
Mongolia,2012,8154
Mongolia,2013,10179
Mongolia,2014,10723
Mongolia,2015,11231
Mongolia,2016,10929
Mongolia,2017,13174
Mongolia,2018,15876
Mongolia,2019,17910
Mongolia,2020,6314
Mongolia,2021,12883
Mongolia,2022,43764
Mongolia,2023,36162
Mongolia,2024,36148
Mongolia,2025,32611
Moldova,2010,96196
Moldova,2011,101124
Moldova,2012,108032
Moldova,2013,111915
Moldova,2014,132338
Moldova,2015,149800
Moldova,2016,140117
Moldova,2017,171538
Moldova,2018,194268
Moldova,2019,198867
Moldova,2020,109137
Moldova,2021,192441
Moldova,2022,274257
Moldova,2023,288377
Moldova,2024,329796
Moldova,2025,340685
Monaco,2010,216
Monaco,2011,257
Monaco,2012,302
Monaco,2013,263
Monaco,2014,268
Monaco,2015,240
Monaco,2016,85
Monaco,2017,108
Monaco,2018,140
Monaco,2019,252
Monaco,2020,37
Monaco,2021,78
Monaco,2022,134
Monaco,2023,181
Monaco,2024,276
Monaco,2025,307
Montserrat,2010,NA
Montserrat,2011,NA
Montserrat,2012,NA
Montserrat,2013,NA
Montserrat,2014,NA
Montserrat,2015,NA
Montserrat,2016,NA
Montserrat,2017,NA
Montserrat,2018,NA
Montserrat,2019,NA
Montserrat,2020,NA
Montserrat,2021,NA
Montserrat,2022,NA
Montserrat,2023,NA
Montserrat,2024,NA
Montserrat,2025,10
Mauritania,2010,682
Mauritania,2011,833
Mauritania,2012,1333
Mauritania,2013,1600
Mauritania,2014,1744
Mauritania,2015,1742
Mauritania,2016,1742
Mauritania,2017,1831
Mauritania,2018,2714
Mauritania,2019,3382
Mauritania,2020,2653
Mauritania,2021,6287
Mauritania,2022,5937
Mauritania,2023,4263
Mauritania,2024,4486
Mauritania,2025,4519
Mozambique,2010,163
Mozambique,2011,311
Mozambique,2012,386
Mozambique,2013,485
Mozambique,2014,586
Mozambique,2015,708
Mozambique,2016,698
Mozambique,2017,493
Mozambique,2018,716
Mozambique,2019,844
Mozambique,2020,201
Mozambique,2021,464
Mozambique,2022,1230
Mozambique,2023,1437
Mozambique,2024,884
Mozambique,2025,1395
Myanmar,2010,376
Myanmar,2011,644
Myanmar,2012,815
Myanmar,2013,893
Myanmar,2014,977
Myanmar,2015,1301
Myanmar,2016,851
Myanmar,2017,782
Myanmar,2018,1666
Myanmar,2019,3840
Myanmar,2020,879
Myanmar,2021,663
Myanmar,2022,1159
Myanmar,2023,2445
Myanmar,2024,3076
Myanmar,2025,3353
Namibia,2010,124
Namibia,2011,178
Namibia,2012,206
Namibia,2013,253
Namibia,2014,271
Namibia,2015,363
Namibia,2016,314
Namibia,2017,248
Namibia,2018,11
Namibia,2019,429
Namibia,2020,136
Namibia,2021,165
Namibia,2022,450
Namibia,2023,319
Namibia,2024,478
Namibia,2025,481
Nauru,2010,NA
Nauru,2011,NA
Nauru,2012,4
Nauru,2013,9
Nauru,2014,34
Nauru,2015,1
Nauru,2016,10
Nauru,2017,NA
Nauru,2018,NA
Nauru,2019,2
Nauru,2020,NA
Nauru,2021,0
Nauru,2022,10
Nauru,2023,1
Nauru,2024,5
Nauru,2025,8
Nepal,2010,634
Nepal,2011,915
Nepal,2012,1277
Nepal,2013,1155
Nepal,2014,1880
Nepal,2015,3795
Nepal,2016,3425
Nepal,2017,5904
Nepal,2018,7788
Nepal,2019,8271
Nepal,2020,2446
Nepal,2021,2310
Nepal,2022,5382
Nepal,2023,6663
Nepal,2024,10051
Nepal,2025,12847
Niger,2010,159
Niger,2011,342
Niger,2012,510
Niger,2013,1338
Niger,2014,1346
Niger,2015,1268
Niger,2016,1369
Niger,2017,1388
Niger,2018,1551
Niger,2019,2127
Niger,2020,1045
Niger,2021,2713
Niger,2022,4088
Niger,2023,2704
Niger,2024,2863
Niger,2025,3105
Nigeria,2010,9172
Nigeria,2011,14564
Nigeria,2012,19897
Nigeria,2013,22869
Nigeria,2014,28387
Nigeria,2015,27711
Nigeria,2016,25264
Nigeria,2017,25760
Nigeria,2018,28510
Nigeria,2019,39885
Nigeria,2020,17493
Nigeria,2021,26508
Nigeria,2022,38566
Nigeria,2023,26125
Nigeria,2024,26937
Nigeria,2025,22488
Nicaragua,2010,198
Nicaragua,2011,438
Nicaragua,2012,590
Nicaragua,2013,495
Nicaragua,2014,490
Nicaragua,2015,1057
Nicaragua,2016,664
Nicaragua,2017,689
Nicaragua,2018,566
Nicaragua,2019,702
Nicaragua,2020,156
Nicaragua,2021,461
Nicaragua,2022,1380
Nicaragua,2023,1554
Nicaragua,2024,1320
Nicaragua,2025,1434
Norway,2010,299405
Norway,2011,375502
Norway,2012,406879
Norway,2013,412870
Norway,2014,326292
Norway,2015,282210
Norway,2016,156215
Norway,2017,116180
Norway,2018,161789
Norway,2019,208330
Norway,2020,25100
Norway,2021,54633
Norway,2022,191789
Norway,2023,203325
Norway,2024,222994
Norway,2025,211552
Central African Republic,2010,72
Central African Republic,2011,140
Central African Republic,2012,144
Central African Republic,2013,172
Central African Republic,2014,178
Central African Republic,2015,134
Central African Republic,2016,177
Central African Republic,2017,153
Central African Republic,2018,227
Central African Republic,2019,199
Central African Republic,2020,104
Central African Republic,2021,213
Central African Republic,2022,244
Central African Republic,2023,201
Central African Republic,2024,226
Central African Republic,2025,204
Uzbekistan,2010,68124
Uzbekistan,2011,85011
Uzbekistan,2012,105976
Uzbekistan,2013,129292
Uzbekistan,2014,143354
Uzbekistan,2015,143331
Uzbekistan,2016,134330
Uzbekistan,2017,195745
Uzbekistan,2018,241235
Uzbekistan,2019,252138
Uzbekistan,2020,102598
Uzbekistan,2021,272604
Uzbekistan,2022,419673
Uzbekistan,2023,470644
Uzbekistan,2024,569818
Uzbekistan,2025,649719
Pakistan,2010,22540
Pakistan,2011,26735
Pakistan,2012,28394
Pakistan,2013,34170
Pakistan,2014,48420
Pakistan,2015,59700
Pakistan,2016,52023
Pakistan,2017,77464
Pakistan,2018,113579
Pakistan,2019,130736
Pakistan,2020,51326
Pakistan,2021,90681
Pakistan,2022,173621
Pakistan,2023,140388
Pakistan,2024,135653
Pakistan,2025,145935
Palau,2010,1
Palau,2011,4
Palau,2012,8
Palau,2013,10
Palau,2014,3
Palau,2015,2
Palau,2016,10
Palau,2017,4
Palau,2018,23
Palau,2019,1
Palau,2020,1
Palau,2021,3
Palau,2022,0
Palau,2023,1
Palau,2024,1
Palau,2025,5
Panama,2010,776
Panama,2011,1347
Panama,2012,1529
Panama,2013,1670
Panama,2014,1764
Panama,2015,1997
Panama,2016,1461
Panama,2017,2004
Panama,2018,3701
Panama,2019,4431
Panama,2020,1415
Panama,2021,2944
Panama,2022,8231
Panama,2023,8979
Panama,2024,8085
Panama,2025,9049
Papua New Guinea,2010,33
Papua New Guinea,2011,25
Papua New Guinea,2012,29
Papua New Guinea,2013,48
Papua New Guinea,2014,141
Papua New Guinea,2015,60
Papua New Guinea,2016,24
Papua New Guinea,2017,22
Papua New Guinea,2018,23
Papua New Guinea,2019,24
Papua New Guinea,2020,5
Papua New Guinea,2021,1
Papua New Guinea,2022,17
Papua New Guinea,2023,26
Papua New Guinea,2024,25
Papua New Guinea,2025,196
Paraguay,2010,431
Paraguay,2011,586
Paraguay,2012,700
Paraguay,2013,937
Paraguay,2014,825
Paraguay,2015,1263
Paraguay,2016,974
Paraguay,2017,660
Paraguay,2018,1025
Paraguay,2019,1328
Paraguay,2020,295
Paraguay,2021,562
Paraguay,2022,1599
Paraguay,2023,1537
Paraguay,2024,1716
Paraguay,2025,2307
Peru,2010,2016
Peru,2011,2697
Peru,2012,2952
Peru,2013,4393
Peru,2014,5733
Peru,2015,7281
Peru,2016,4667
Peru,2017,5085
Peru,2018,8674
Peru,2019,11430
Peru,2020,1889
Peru,2021,3642
Peru,2022,13487
Peru,2023,19620
Peru,2024,25207
Peru,2025,29122
Pitcairn Islands (UK Territory),2010,NA
Pitcairn Islands (UK Territory),2011,NA
Pitcairn Islands (UK Territory),2012,NA
Pitcairn Islands (UK Territory),2013,NA
Pitcairn Islands (UK Territory),2014,100
Pitcairn Islands (UK Territory),2015,NA
Pitcairn Islands (UK Territory),2016,NA
Pitcairn Islands (UK Territory),2017,2
Pitcairn Islands (UK Territory),2018,NA
Pitcairn Islands (UK Territory),2019,NA
Pitcairn Islands (UK Territory),2020,NA
Pitcairn Islands (UK Territory),2021,NA
Pitcairn Islands (UK Territory),2022,NA
Pitcairn Islands (UK Territory),2023,NA
Pitcairn Islands (UK Territory),2024,NA
Pitcairn Islands (UK Territory),2025,3
Poland,2010,428275
Poland,2011,486319
Poland,2012,428440
Poland,2013,423129
Poland,2014,510569
Poland,2015,500779
Poland,2016,205701
Poland,2017,296120
Poland,2018,646365
Poland,2019,880839
Poland,2020,145908
Poland,2021,585076
Poland,2022,1135903
Poland,2023,1539123
Poland,2024,1866986
Poland,2025,1914958
Portugal,2010,53373
Portugal,2011,52319
Portugal,2012,46606
Portugal,2013,45928
Portugal,2014,52851
Portugal,2015,56312
Portugal,2016,27015
Portugal,2017,26727
Portugal,2018,39948
Portugal,2019,54130
Portugal,2020,12893
Portugal,2021,26379
Portugal,2022,74812
Portugal,2023,92901
Portugal,2024,112371
Portugal,2025,122992
Azores (Portugal Territory),2010,NA
Azores (Portugal Territory),2011,NA
Azores (Portugal Territory),2012,NA
Azores (Portugal Territory),2013,NA
Azores (Portugal Territory),2014,NA
Azores (Portugal Territory),2015,NA
Azores (Portugal Territory),2016,NA
Azores (Portugal Territory),2017,NA
Azores (Portugal Territory),2018,NA
Azores (Portugal Territory),2019,NA
Azores (Portugal Territory),2020,NA
Azores (Portugal Territory),2021,NA
Azores (Portugal Territory),2022,12
Azores (Portugal Territory),2023,NA
Azores (Portugal Territory),2024,NA
Azores (Portugal Territory),2025,NA
Puerto Rico (US Territory),2010,16
Puerto Rico (US Territory),2011,15
Puerto Rico (US Territory),2012,NA
Puerto Rico (US Territory),2013,2
Puerto Rico (US Territory),2014,NA
Puerto Rico (US Territory),2015,NA
Puerto Rico (US Territory),2016,NA
Puerto Rico (US Territory),2017,NA
Puerto Rico (US Territory),2018,NA
Puerto Rico (US Territory),2019,NA
Puerto Rico (US Territory),2020,NA
Puerto Rico (US Territory),2021,NA
Puerto Rico (US Territory),2022,20
Puerto Rico (US Territory),2023,5
Puerto Rico (US Territory),2024,2
Puerto Rico (US Territory),2025,NA
Réunion (France Territory),2010,NA
Réunion (France Territory),2011,NA
Réunion (France Territory),2012,NA
Réunion (France Territory),2013,NA
Réunion (France Territory),2014,NA
Réunion (France Territory),2015,NA
Réunion (France Territory),2016,6
Réunion (France Territory),2017,NA
Réunion (France Territory),2018,NA
Réunion (France Territory),2019,NA
Réunion (France Territory),2020,NA
Réunion (France Territory),2021,NA
Réunion (France Territory),2022,NA
Réunion (France Territory),2023,NA
Réunion (France Territory),2024,NA
Réunion (France Territory),2025,NA
Romania,2010,355144
Romania,2011,390248
Romania,2012,385055
Romania,2013,395214
Romania,2014,426585
Romania,2015,441097
Romania,2016,357473
Romania,2017,423868
Romania,2018,641484
Romania,2019,763320
Romania,2020,269076
Romania,2021,496178
Romania,2022,886555
Romania,2023,990005
Romania,2024,1173358
Romania,2025,1174607
Rwanda,2010,89
Rwanda,2011,188
Rwanda,2012,510
Rwanda,2013,486
Rwanda,2014,593
Rwanda,2015,667
Rwanda,2016,635
Rwanda,2017,749
Rwanda,2018,697
Rwanda,2019,1116
Rwanda,2020,398
Rwanda,2021,1063
Rwanda,2022,1658
Rwanda,2023,1235
Rwanda,2024,1465
Rwanda,2025,1518
Russia,2010,3107043
Russia,2011,3468214
Russia,2012,3599925
Russia,2013,4269306
Russia,2014,4479049
Russia,2015,3649003
Russia,2016,866256
Russia,2017,4715438
Russia,2018,5964613
Russia,2019,7017657
Russia,2020,2128758
Russia,2021,4694422
Russia,2022,5232611
Russia,2023,6313675
Russia,2024,6710198
Russia,2025,6903981
Saint Helena,2010,NA
Saint Helena,2011,NA
Saint Helena,2012,NA
Saint Helena,2013,NA
Saint Helena,2014,NA
Saint Helena,2015,NA
Saint Helena,2016,NA
Saint Helena,2017,2
Saint Helena,2018,NA
Saint Helena,2019,NA
Saint Helena,2020,NA
Saint Helena,2021,NA
Saint Helena,2022,NA
Saint Helena,2023,NA
Saint Helena,2024,NA
Saint Helena,2025,NA
Saint Kitts and Nevis,2010,44
Saint Kitts and Nevis,2011,69
Saint Kitts and Nevis,2012,244
Saint Kitts and Nevis,2013,497
Saint Kitts and Nevis,2014,470
Saint Kitts and Nevis,2015,1335
Saint Kitts and Nevis,2016,1949
Saint Kitts and Nevis,2017,2429
Saint Kitts and Nevis,2018,3414
Saint Kitts and Nevis,2019,4199
Saint Kitts and Nevis,2020,1648
Saint Kitts and Nevis,2021,5077
Saint Kitts and Nevis,2022,9707
Saint Kitts and Nevis,2023,11001
Saint Kitts and Nevis,2024,11514
Saint Kitts and Nevis,2025,4012
Saint Lucia,2010,68
Saint Lucia,2011,49
Saint Lucia,2012,99
Saint Lucia,2013,91
Saint Lucia,2014,156
Saint Lucia,2015,179
Saint Lucia,2016,61
Saint Lucia,2017,71
Saint Lucia,2018,127
Saint Lucia,2019,188
Saint Lucia,2020,54
Saint Lucia,2021,214
Saint Lucia,2022,434
Saint Lucia,2023,492
Saint Lucia,2024,836
Saint Lucia,2025,1427
Saint Pierre and Miquelon,2010,NA
Saint Pierre and Miquelon,2011,NA
Saint Pierre and Miquelon,2012,NA
Saint Pierre and Miquelon,2013,NA
Saint Pierre and Miquelon,2014,NA
Saint Pierre and Miquelon,2015,NA
Saint Pierre and Miquelon,2016,NA
Saint Pierre and Miquelon,2017,NA
Saint Pierre and Miquelon,2018,NA
Saint Pierre and Miquelon,2019,NA
Saint Pierre and Miquelon,2020,NA
Saint Pierre and Miquelon,2021,NA
Saint Pierre and Miquelon,2022,NA
Saint Pierre and Miquelon,2023,NA
Saint Pierre and Miquelon,2024,NA
Saint Pierre and Miquelon,2025,NA
Saint Vincent and the Grenadines,2010,52
Saint Vincent and the Grenadines,2011,111
Saint Vincent and the Grenadines,2012,114
Saint Vincent and the Grenadines,2013,97
Saint Vincent and the Grenadines,2014,124
Saint Vincent and the Grenadines,2015,112
Saint Vincent and the Grenadines,2016,68
Saint Vincent and the Grenadines,2017,34
Saint Vincent and the Grenadines,2018,93
Saint Vincent and the Grenadines,2019,56
Saint Vincent and the Grenadines,2020,15
Saint Vincent and the Grenadines,2021,79
Saint Vincent and the Grenadines,2022,93
Saint Vincent and the Grenadines,2023,142
Saint Vincent and the Grenadines,2024,279
Saint Vincent and the Grenadines,2025,187
Samoa,2010,NA
Samoa,2011,NA
Samoa,2012,NA
Samoa,2013,NA
Samoa,2014,NA
Samoa,2015,NA
Samoa,2016,40
Samoa,2017,15
Samoa,2018,63
Samoa,2019,106
Samoa,2020,34
Samoa,2021,NA
Samoa,2022,11
Samoa,2023,38
Samoa,2024,81
Samoa,2025,52
San Marino,2010,306
San Marino,2011,363
San Marino,2012,353
San Marino,2013,330
San Marino,2014,293
San Marino,2015,268
San Marino,2016,150
San Marino,2017,100
San Marino,2018,167
San Marino,2019,190
San Marino,2020,24
San Marino,2021,78
San Marino,2022,179
San Marino,2023,240
San Marino,2024,309
San Marino,2025,307
São Tomé and Príncipe,2010,8
São Tomé and Príncipe,2011,19
São Tomé and Príncipe,2012,27
São Tomé and Príncipe,2013,1023
São Tomé and Príncipe,2014,855
São Tomé and Príncipe,2015,919
São Tomé and Príncipe,2016,162
São Tomé and Príncipe,2017,163
São Tomé and Príncipe,2018,72
São Tomé and Príncipe,2019,16
São Tomé and Príncipe,2020,8
São Tomé and Príncipe,2021,13
São Tomé and Príncipe,2022,19
São Tomé and Príncipe,2023,28
São Tomé and Príncipe,2024,29
São Tomé and Príncipe,2025,41
Senegal,2010,4755
Senegal,2011,5579
Senegal,2012,5650
Senegal,2013,4811
Senegal,2014,5133
Senegal,2015,5483
Senegal,2016,5705
Senegal,2017,6170
Senegal,2018,7546
Senegal,2019,10290
Senegal,2020,5376
Senegal,2021,12641
Senegal,2022,16282
Senegal,2023,14390
Senegal,2024,13751
Senegal,2025,12335
Seychelles,2010,51
Seychelles,2011,80
Seychelles,2012,120
Seychelles,2013,131
Seychelles,2014,206
Seychelles,2015,203
Seychelles,2016,141
Seychelles,2017,227
Seychelles,2018,515
Seychelles,2019,550
Seychelles,2020,88
Seychelles,2021,408
Seychelles,2022,1188
Seychelles,2023,811
Seychelles,2024,939
Seychelles,2025,865
Serbia,2010,113465
Serbia,2011,137934
Serbia,2012,157568
Serbia,2013,169988
Serbia,2014,189396
Serbia,2015,178997
Serbia,2016,110594
Serbia,2017,146852
Serbia,2018,225312
Serbia,2019,282347
Serbia,2020,129284
Serbia,2021,238852
Serbia,2022,357787
Serbia,2023,311738
Serbia,2024,342002
Serbia,2025,318512
Sierra Leone,2010,317
Sierra Leone,2011,213
Sierra Leone,2012,253
Sierra Leone,2013,242
Sierra Leone,2014,318
Sierra Leone,2015,343
Sierra Leone,2016,335
Sierra Leone,2017,388
Sierra Leone,2018,525
Sierra Leone,2019,658
Sierra Leone,2020,469
Sierra Leone,2021,3508
Sierra Leone,2022,5931
Sierra Leone,2023,4103
Sierra Leone,2024,2477
Sierra Leone,2025,1975
Singapore,2010,18994
Singapore,2011,20957
Singapore,2012,22206
Singapore,2013,22403
Singapore,2014,29449
Singapore,2015,26892
Singapore,2016,15962
Singapore,2017,17561
Singapore,2018,28382
Singapore,2019,34930
Singapore,2020,4912
Singapore,2021,2951
Singapore,2022,30602
Singapore,2023,38932
Singapore,2024,39134
Singapore,2025,40197
Slovakia,2010,91765
Slovakia,2011,122088
Slovakia,2012,126974
Slovakia,2013,127455
Slovakia,2014,136899
Slovakia,2015,151514
Slovakia,2016,61477
Slovakia,2017,97967
Slovakia,2018,157003
Slovakia,2019,207108
Slovakia,2020,8648
Slovakia,2021,37963
Slovakia,2022,196462
Slovakia,2023,235303
Slovakia,2024,274047
Slovakia,2025,267778
Slovenia,2010,38597
Slovenia,2011,41870
Slovenia,2012,39899
Slovenia,2013,37692
Slovenia,2014,41799
Slovenia,2015,39734
Slovenia,2016,18863
Slovenia,2017,25105
Slovenia,2018,40716
Slovenia,2019,50414
Slovenia,2020,8108
Slovenia,2021,18580
Slovenia,2022,48622
Slovenia,2023,53600
Slovenia,2024,58884
Slovenia,2025,57047
Solomon Islands,2010,0
Solomon Islands,2011,31
Solomon Islands,2012,5
Solomon Islands,2013,28
Solomon Islands,2014,28
Solomon Islands,2015,11
Solomon Islands,2016,21
Solomon Islands,2017,18
Solomon Islands,2018,9
Solomon Islands,2019,9
Solomon Islands,2020,2
Solomon Islands,2021,1
Solomon Islands,2022,9
Solomon Islands,2023,79
Solomon Islands,2024,78
Solomon Islands,2025,38
Somalia,2010,850
Somalia,2011,1608
Somalia,2012,3501
Somalia,2013,3357
Somalia,2014,3737
Somalia,2015,4502
Somalia,2016,3496
Somalia,2017,5290
Somalia,2018,11425
Somalia,2019,21623
Somalia,2020,17309
Somalia,2021,29706
Somalia,2022,15228
Somalia,2023,9191
Somalia,2024,10830
Somalia,2025,8132
Somaliland (Unrecognized State),2010,NA
Somaliland (Unrecognized State),2011,NA
Somaliland (Unrecognized State),2012,NA
Somaliland (Unrecognized State),2013,NA
Somaliland (Unrecognized State),2014,NA
Somaliland (Unrecognized State),2015,NA
Somaliland (Unrecognized State),2016,NA
Somaliland (Unrecognized State),2017,NA
Somaliland (Unrecognized State),2018,NA
Somaliland (Unrecognized State),2019,83
Somaliland (Unrecognized State),2020,57
Somaliland (Unrecognized State),2021,98
Somaliland (Unrecognized State),2022,51
Somaliland (Unrecognized State),2023,34
Somaliland (Unrecognized State),2024,15
Somaliland (Unrecognized State),2025,19
Sri Lanka,2010,1408
Sri Lanka,2011,1769
Sri Lanka,2012,2431
Sri Lanka,2013,3268
Sri Lanka,2014,3141
Sri Lanka,2015,3519
Sri Lanka,2016,2405
Sri Lanka,2017,3219
Sri Lanka,2018,5100
Sri Lanka,2019,7530
Sri Lanka,2020,1602
Sri Lanka,2021,2149
Sri Lanka,2022,6630
Sri Lanka,2023,9182
Sri Lanka,2024,11483
Sri Lanka,2025,12995
Sudan,2010,6634
Sudan,2011,7458
Sudan,2012,8161
Sudan,2013,9319
Sudan,2014,10714
Sudan,2015,11434
Sudan,2016,10562
Sudan,2017,12162
Sudan,2018,15661
Sudan,2019,17863
Sudan,2020,10555
Sudan,2021,25965
Sudan,2022,43192
Sudan,2023,19913
Sudan,2024,15093
Sudan,2025,15416
Suriname,2010,264
Suriname,2011,180
Suriname,2012,196
Suriname,2013,271
Suriname,2014,367
Suriname,2015,405
Suriname,2016,192
Suriname,2017,225
Suriname,2018,786
Suriname,2019,616
Suriname,2020,52
Suriname,2021,253
Suriname,2022,596
Suriname,2023,597
Suriname,2024,652
Suriname,2025,748
Syria,2010,899494
Syria,2011,974054
Syria,2012,730039
Syria,2013,1252826
Syria,2014,1176490
Syria,2015,847275
Syria,2016,291754
Syria,2017,404203
Syria,2018,477439
Syria,2019,571976
Syria,2020,211914
Syria,2021,404064
Syria,2022,370877
Syria,2023,384958
Syria,2024,257324
Syria,2025,232859
Saudi Arabia,2010,84934
Saudi Arabia,2011,116711
Saudi Arabia,2012,175467
Saudi Arabia,2013,234220
Saudi Arabia,2014,341786
Saudi Arabia,2015,450674
Saudi Arabia,2016,530410
Saudi Arabia,2017,651170
Saudi Arabia,2018,747233
Saudi Arabia,2019,564816
Saudi Arabia,2020,67490
Saudi Arabia,2021,10083
Saudi Arabia,2022,497914
Saudi Arabia,2023,820683
Saudi Arabia,2024,869453
Saudi Arabia,2025,921726
Svalbard and Jan Mayen (Norway Territory),2010,NA
Svalbard and Jan Mayen (Norway Territory),2011,NA
Svalbard and Jan Mayen (Norway Territory),2012,NA
Svalbard and Jan Mayen (Norway Territory),2013,NA
Svalbard and Jan Mayen (Norway Territory),2014,NA
Svalbard and Jan Mayen (Norway Territory),2015,NA
Svalbard and Jan Mayen (Norway Territory),2016,NA
Svalbard and Jan Mayen (Norway Territory),2017,NA
Svalbard and Jan Mayen (Norway Territory),2018,0
Svalbard and Jan Mayen (Norway Territory),2019,NA
Svalbard and Jan Mayen (Norway Territory),2020,NA
Svalbard and Jan Mayen (Norway Territory),2021,NA
Svalbard and Jan Mayen (Norway Territory),2022,NA
Svalbard and Jan Mayen (Norway Territory),2023,NA
Svalbard and Jan Mayen (Norway Territory),2024,NA
Svalbard and Jan Mayen (Norway Territory),2025,NA
Eswatini,2010,36
Eswatini,2011,43
Eswatini,2012,68
Eswatini,2013,103
Eswatini,2014,86
Eswatini,2015,240
Eswatini,2016,88
Eswatini,2017,120
Eswatini,2018,125
Eswatini,2019,134
Eswatini,2020,48
Eswatini,2021,36
Eswatini,2022,123
Eswatini,2023,142
Eswatini,2024,240
Eswatini,2025,375
Chile,2010,8183
Chile,2011,11964
Chile,2012,12765
Chile,2013,15905
Chile,2014,17451
Chile,2015,24307
Chile,2016,10421
Chile,2017,8645
Chile,2018,14609
Chile,2019,18509
Chile,2020,3320
Chile,2021,3815
Chile,2022,17333
Chile,2023,25713
Chile,2024,24746
Chile,2025,33581
Tajikistan,2010,17737
Tajikistan,2011,16822
Tajikistan,2012,22823
Tajikistan,2013,27174
Tajikistan,2014,34678
Tajikistan,2015,31917
Tajikistan,2016,24768
Tajikistan,2017,30532
Tajikistan,2018,40879
Tajikistan,2019,44155
Tajikistan,2020,16972
Tajikistan,2021,41440
Tajikistan,2022,74101
Tajikistan,2023,78185
Tajikistan,2024,32785
Tajikistan,2025,22560
Tanzania,2010,1791
Tanzania,2011,2247
Tanzania,2012,2476
Tanzania,2013,3048
Tanzania,2014,3439
Tanzania,2015,3309
Tanzania,2016,2312
Tanzania,2017,2549
Tanzania,2018,3166
Tanzania,2019,3704
Tanzania,2020,1651
Tanzania,2021,4648
Tanzania,2022,7414
Tanzania,2023,5791
Tanzania,2024,4992
Tanzania,2025,4630
Thailand,2010,9282
Thailand,2011,11067
Thailand,2012,12211
Thailand,2013,20783
Thailand,2014,26219
Thailand,2015,22125
Thailand,2016,12483
Thailand,2017,30721
Thailand,2018,54098
Thailand,2019,62192
Thailand,2020,8163
Thailand,2021,6687
Thailand,2022,29814
Thailand,2023,39051
Thailand,2024,47362
Thailand,2025,50708
Taiwan,2010,17820
Taiwan,2011,19636
Taiwan,2012,21569
Taiwan,2013,31019
Taiwan,2014,38509
Taiwan,2015,40029
Taiwan,2016,46035
Taiwan,2017,61318
Taiwan,2018,98097
Taiwan,2019,107592
Taiwan,2020,13118
Taiwan,2021,2290
Taiwan,2022,11341
Taiwan,2023,49890
Taiwan,2024,75833
Taiwan,2025,84403
Togo,2010,135
Togo,2011,258
Togo,2012,314
Togo,2013,463
Togo,2014,420
Togo,2015,460
Togo,2016,401
Togo,2017,482
Togo,2018,969
Togo,2019,854
Togo,2020,404
Togo,2021,1226
Togo,2022,1370
Togo,2023,1060
Togo,2024,692
Togo,2025,818
Tokelau (NZ Territory),2010,NA
Tokelau (NZ Territory),2011,NA
Tokelau (NZ Territory),2012,NA
Tokelau (NZ Territory),2013,NA
Tokelau (NZ Territory),2014,NA
Tokelau (NZ Territory),2015,NA
Tokelau (NZ Territory),2016,NA
Tokelau (NZ Territory),2017,NA
Tokelau (NZ Territory),2018,NA
Tokelau (NZ Territory),2019,NA
Tokelau (NZ Territory),2020,NA
Tokelau (NZ Territory),2021,NA
Tokelau (NZ Territory),2022,NA
Tokelau (NZ Territory),2023,NA
Tokelau (NZ Territory),2024,NA
Tokelau (NZ Territory),2025,NA
Tonga,2010,21
Tonga,2011,19
Tonga,2012,14
Tonga,2013,14
Tonga,2014,58
Tonga,2015,25
Tonga,2016,19
Tonga,2017,14
Tonga,2018,10
Tonga,2019,12
Tonga,2020,1
Tonga,2021,5
Tonga,2022,14
Tonga,2023,54
Tonga,2024,61
Tonga,2025,30
Trinidad and Tobago,2010,697
Trinidad and Tobago,2011,871
Trinidad and Tobago,2012,1041
Trinidad and Tobago,2013,941
Trinidad and Tobago,2014,1368
Trinidad and Tobago,2015,1035
Trinidad and Tobago,2016,617
Trinidad and Tobago,2017,482
Trinidad and Tobago,2018,626
Trinidad and Tobago,2019,890
Trinidad and Tobago,2020,227
Trinidad and Tobago,2021,356
Trinidad and Tobago,2022,1276
Trinidad and Tobago,2023,1978
Trinidad and Tobago,2024,2219
Trinidad and Tobago,2025,2288
Tunisia,2010,57855
Tunisia,2011,63176
Tunisia,2012,86595
Tunisia,2013,91683
Tunisia,2014,100612
Tunisia,2015,102341
Tunisia,2016,100185
Tunisia,2017,111627
Tunisia,2018,142372
Tunisia,2019,172587
Tunisia,2020,57563
Tunisia,2021,126970
Tunisia,2022,206714
Tunisia,2023,176547
Tunisia,2024,182053
Tunisia,2025,160583
Tuvalu,2010,13
Tuvalu,2011,29
Tuvalu,2012,1683
Tuvalu,2013,49
Tuvalu,2014,101
Tuvalu,2015,97
Tuvalu,2016,157
Tuvalu,2017,132
Tuvalu,2018,184
Tuvalu,2019,51
Tuvalu,2020,13
Tuvalu,2021,14
Tuvalu,2022,23
Tuvalu,2023,40
Tuvalu,2024,34
Tuvalu,2025,40
Turkmenistan,2010,114390
Turkmenistan,2011,137476
Turkmenistan,2012,135168
Turkmenistan,2013,148709
Turkmenistan,2014,180395
Turkmenistan,2015,174330
Turkmenistan,2016,165762
Turkmenistan,2017,230881
Turkmenistan,2018,252911
Turkmenistan,2019,297706
Turkmenistan,2020,43236
Turkmenistan,2021,18979
Turkmenistan,2022,45249
Turkmenistan,2023,120928
Turkmenistan,2024,153688
Turkmenistan,2025,199988
Uganda,2010,785
Uganda,2011,1445
Uganda,2012,1895
Uganda,2013,2914
Uganda,2014,3419
Uganda,2015,2980
Uganda,2016,3044
Uganda,2017,3252
Uganda,2018,3751
Uganda,2019,5664
Uganda,2020,1605
Uganda,2021,5891
Uganda,2022,7284
Uganda,2023,7228
Uganda,2024,7084
Uganda,2025,6809
Ukraine,2010,568227
Ukraine,2011,602404
Ukraine,2012,634663
Ukraine,2013,756187
Ukraine,2014,657051
Ukraine,2015,706551
Ukraine,2016,1045043
Ukraine,2017,1284735
Ukraine,2018,1386934
Ukraine,2019,1547996
Ukraine,2020,997652
Ukraine,2021,2060008
Ukraine,2022,675467
Ukraine,2023,839729
Ukraine,2024,941614
Ukraine,2025,1026603
Oman,2010,5408
Oman,2011,5998
Oman,2012,7959
Oman,2013,8956
Oman,2014,14283
Oman,2015,18787
Oman,2016,13891
Oman,2017,25234
Oman,2018,53230
Oman,2019,88378
Oman,2020,14294
Oman,2021,61058
Oman,2022,130160
Oman,2023,95895
Oman,2024,86661
Oman,2025,76051
Uruguay,2010,2903
Uruguay,2011,3735
Uruguay,2012,3592
Uruguay,2013,4834
Uruguay,2014,5218
Uruguay,2015,6334
Uruguay,2016,2577
Uruguay,2017,2536
Uruguay,2018,4625
Uruguay,2019,7191
Uruguay,2020,604
Uruguay,2021,1380
Uruguay,2022,6275
Uruguay,2023,7085
Uruguay,2024,6965
Uruguay,2025,7137
Jordan,2010,96562
Jordan,2011,94914
Jordan,2012,102154
Jordan,2013,102871
Jordan,2014,131329
Jordan,2015,162866
Jordan,2016,203179
Jordan,2017,277729
Jordan,2018,406469
Jordan,2019,474874
Jordan,2020,93750
Jordan,2021,326633
Jordan,2022,494629
Jordan,2023,384680
Jordan,2024,301641
Jordan,2025,281071
Vanuatu,2010,676
Vanuatu,2011,11
Vanuatu,2012,4
Vanuatu,2013,35
Vanuatu,2014,13
Vanuatu,2015,7
Vanuatu,2016,23
Vanuatu,2017,41
Vanuatu,2018,56
Vanuatu,2019,76
Vanuatu,2020,38
Vanuatu,2021,177
Vanuatu,2022,383
Vanuatu,2023,397
Vanuatu,2024,365
Vanuatu,2025,346
Vatican City,2010,25
Vatican City,2011,16
Vatican City,2012,26
Vatican City,2013,26
Vatican City,2014,51
Vatican City,2015,19
Vatican City,2016,40
Vatican City,2017,16
Vatican City,2018,28
Vatican City,2019,33
Vatican City,2020,8
Vatican City,2021,17
Vatican City,2022,27
Vatican City,2023,33
Vatican City,2024,36
Vatican City,2025,100
Venezuela,2010,6769
Venezuela,2011,8557
Venezuela,2012,9600
Venezuela,2013,11271
Venezuela,2014,6975
Venezuela,2015,6435
Venezuela,2016,5035
Venezuela,2017,6956
Venezuela,2018,9246
Venezuela,2019,11738
Venezuela,2020,3473
Venezuela,2021,11446
Venezuela,2022,18395
Venezuela,2023,22753
Venezuela,2024,27451
Venezuela,2025,29436
Vietnam,2010,3428
Vietnam,2011,5266
Vietnam,2012,3674
Vietnam,2013,4618
Vietnam,2014,5679
Vietnam,2015,6399
Vietnam,2016,3293
Vietnam,2017,4947
Vietnam,2018,9622
Vietnam,2019,13194
Vietnam,2020,1819
Vietnam,2021,1811
Vietnam,2022,6247
Vietnam,2023,7474
Vietnam,2024,10711
Vietnam,2025,13965
Wake Island (US Territory),2010,NA
Wake Island (US Territory),2011,NA
Wake Island (US Territory),2012,NA
Wake Island (US Territory),2013,NA
Wake Island (US Territory),2014,NA
Wake Island (US Territory),2015,NA
Wake Island (US Territory),2016,38
Wake Island (US Territory),2017,38
Wake Island (US Territory),2018,NA
Wake Island (US Territory),2019,NA
Wake Island (US Territory),2020,NA
Wake Island (US Territory),2021,NA
Wake Island (US Territory),2022,NA
Wake Island (US Territory),2023,NA
Wake Island (US Territory),2024,NA
Wake Island (US Territory),2025,NA
Wallis and Futuna (France Territory),2010,NA
Wallis and Futuna (France Territory),2011,NA
Wallis and Futuna (France Territory),2012,NA
Wallis and Futuna (France Territory),2013,NA
Wallis and Futuna (France Territory),2014,NA
Wallis and Futuna (France Territory),2015,NA
Wallis and Futuna (France Territory),2016,NA
Wallis and Futuna (France Territory),2017,3
Wallis and Futuna (France Territory),2018,NA
Wallis and Futuna (France Territory),2019,NA
Wallis and Futuna (France Territory),2020,NA
Wallis and Futuna (France Territory),2021,NA
Wallis and Futuna (France Territory),2022,NA
Wallis and Futuna (France Territory),2023,NA
Wallis and Futuna (France Territory),2024,NA
Wallis and Futuna (France Territory),2025,NA
Yemen,2010,6344
Yemen,2011,8066
Yemen,2012,11826
Yemen,2013,17354
Yemen,2014,26033
Yemen,2015,24237
Yemen,2016,25325
Yemen,2017,28491
Yemen,2018,39545
Yemen,2019,41673
Yemen,2020,13354
Yemen,2021,21856
Yemen,2022,34599
Yemen,2023,35911
Yemen,2024,32017
Yemen,2025,30203
New Caledonia (France Territory),2010,14
New Caledonia (France Territory),2011,NA
New Caledonia (France Territory),2012,NA
New Caledonia (France Territory),2013,NA
New Caledonia (France Territory),2014,NA
New Caledonia (France Territory),2015,14
New Caledonia (France Territory),2016,NA
New Caledonia (France Territory),2017,NA
New Caledonia (France Territory),2018,NA
New Caledonia (France Territory),2019,NA
New Caledonia (France Territory),2020,NA
New Caledonia (France Territory),2021,NA
New Caledonia (France Territory),2022,NA
New Caledonia (France Territory),2023,NA
New Caledonia (France Territory),2024,14
New Caledonia (France Territory),2025,NA
New Zealand,2010,24636
New Zealand,2011,26709
New Zealand,2012,28278
New Zealand,2013,30667
New Zealand,2014,32933
New Zealand,2015,36915
New Zealand,2016,15287
New Zealand,2017,11362
New Zealand,2018,16174
New Zealand,2019,20912
New Zealand,2020,2879
New Zealand,2021,2746
New Zealand,2022,15448
New Zealand,2023,31007
New Zealand,2024,35631
New Zealand,2025,40641
Cape Verde,2010,77
Cape Verde,2011,84
Cape Verde,2012,128
Cape Verde,2013,88
Cape Verde,2014,145
Cape Verde,2015,131
Cape Verde,2016,77
Cape Verde,2017,71
Cape Verde,2018,143
Cape Verde,2019,223
Cape Verde,2020,97
Cape Verde,2021,233
Cape Verde,2022,398
Cape Verde,2023,341
Cape Verde,2024,380
Cape Verde,2025,410
Greece,2010,670297
Greece,2011,702017
Greece,2012,669823
Greece,2013,703168
Greece,2014,830841
Greece,2015,755414
Greece,2016,593150
Greece,2017,623705
Greece,2018,686891
Greece,2019,836882
Greece,2020,136305
Greece,2021,157723
Greece,2022,569795
Greece,2023,686480
Greece,2024,707133
Greece,2025,621595
Zambia,2010,269
Zambia,2011,339
Zambia,2012,457
Zambia,2013,683
Zambia,2014,787
Zambia,2015,883
Zambia,2016,809
Zambia,2017,819
Zambia,2018,1021
Zambia,2019,1444
Zambia,2020,443
Zambia,2021,832
Zambia,2022,1431
Zambia,2023,1166
Zambia,2024,933
Zambia,2025,3274
Zimbabwe,2010,274
Zimbabwe,2011,379
Zimbabwe,2012,515
Zimbabwe,2013,753
Zimbabwe,2014,1174
Zimbabwe,2015,1678
Zimbabwe,2016,1699
Zimbabwe,2017,1842
Zimbabwe,2018,2349
Zimbabwe,2019,2716
Zimbabwe,2020,910
Zimbabwe,2021,1509
Zimbabwe,2022,3726
Zimbabwe,2023,3306
Zimbabwe,2024,3221
Zimbabwe,2025,3773
