year,month,M_climate,deltaT_centered
2024,1,1,0
2024,2,1,0
2024,3,1,0
2024,4,1,0
2024,5,1,0
2024,6,1,0
2024,7,1,0
2024,8,1,0
2024,9,1,0
2024,10,1,0
2024,11,1,0
2024,12,1,0
2025,1,0.9449988234365747,-0.4230859735648096
2025,2,0.9449988234365747,-0.4230859735648096
2025,3,0.9449988234365747,-0.4230859735648096
2025,4,0.9449988234365747,-0.4230859735648096
2025,5,0.9449988234365747,-0.4230859735648096
2025,6,0.9449988234365747,-0.4230859735648096
2025,7,0.9449988234365747,-0.4230859735648096
2025,8,0.9449988234365747,-0.4230859735648096
2025,9,0.9449988234365747,-0.4230859735648096
2025,10,0.9449988234365747,-0.4230859735648096
2025,11,0.9449988234365747,-0.4230859735648096
2025,12,0.9449988234365747,-0.4230859735648096
2026,1,1.0754719476161918,0.5805534432014756
2026,2,1.0754719476161918,0.5805534432014756
2026,3,1.0754719476161918,0.5805534432014756
2026,4,1.0754719476161918,0.5805534432014756
2026,5,1.0754719476161918,0.5805534432014756
2026,6,1.0754719476161918,0.5805534432014756
2026,7,1.0754719476161918,0.5805534432014756
2026,8,1.0754719476161918,0.5805534432014756
2026,9,1.0754719476161918,0.5805534432014756
2026,10,1.0754719476161918,0.5805534432014756
2026,11,1.0754719476161918,0.5805534432014756
2026,12,1.0754719476161918,0.5805534432014756
2027,1,1.0238316597676584,0.18332045975121858
2027,2,1.0238316597676584,0.18332045975121858
2027,3,1.0238316597676584,0.18332045975121858
2027,4,1.0238316597676584,0.18332045975121858
2027,5,1.0238316597676584,0.18332045975121858
2027,6,1.0238316597676584,0.18332045975121858
2027,7,1.0238316597676584,0.18332045975121858
2027,8,1.0238316597676584,0.18332045975121858
2027,9,1.0238316597676584,0.18332045975121858
2027,10,1.0238316597676584,0.18332045975121858
2027,11,1.0238316597676584,0.18332045975121858
2027,12,1.0238316597676584,0.18332045975121858
2028,1,0.9725170934514388,-0.21140697345047066
2028,2,0.9725170934514388,-0.21140697345047066
2028,3,0.9725170934514388,-0.21140697345047066
2028,4,0.9725170934514388,-0.21140697345047066
2028,5,0.9725170934514388,-0.21140697345047066
2028,6,0.9725170934514388,-0.21140697345047066
2028,7,0.9725170934514388,-0.21140697345047066
2028,8,0.9725170934514388,-0.21140697345047066
2028,9,0.9725170934514388,-0.21140697345047066
2028,10,0.9725170934514388,-0.21140697345047066
2028,11,0.9725170934514388,-0.21140697345047066
2028,12,0.9725170934514388,-0.21140697345047066
2029,1,0.9181745453371569,-0.6294265743295622
2029,2,0.9181745453371569,-0.6294265743295622
2029,3,0.9181745453371569,-0.6294265743295622
2029,4,0.9181745453371569,-0.6294265743295622
2029,5,0.9181745453371569,-0.6294265743295622
2029,6,0.9181745453371569,-0.6294265743295622
2029,7,0.9181745453371569,-0.6294265743295622
2029,8,0.9181745453371569,-0.6294265743295622
2029,9,0.9181745453371569,-0.6294265743295622
2029,10,0.9181745453371569,-0.6294265743295622
2029,11,0.9181745453371569,-0.6294265743295622
2029,12,0.9181745453371569,-0.6294265743295622
2030,1,1.0847160873686814,0.6516622105283183
2030,2,1.0847160873686814,0.6516622105283183
2030,3,1.0847160873686814,0.6516622105283183
2030,4,1.0847160873686814,0.6516622105283183
2030,5,1.0847160873686814,0.6516622105283183
2030,6,1.0847160873686814,0.6516622105283183
2030,7,1.0847160873686814,0.6516622105283183
2030,8,1.0847160873686814,0.6516622105283183
2030,9,1.0847160873686814,0.6516622105283183
2030,10,1.0847160873686814,0.6516622105283183
2030,11,1.0847160873686814,0.6516622105283183
2030,12,1.0847160873686814,0.6516622105283183
2031,1,1.0376587292610897,0.28968253277761313
2031,2,1.0376587292610897,0.28968253277761313
2031,3,1.0376587292610897,0.28968253277761313
2031,4,1.0376587292610897,0.28968253277761313
2031,5,1.0376587292610897,0.28968253277761313
2031,6,1.0376587292610897,0.28968253277761313
2031,7,1.0376587292610897,0.28968253277761313
2031,8,1.0376587292610897,0.28968253277761313
2031,9,1.0376587292610897,0.28968253277761313
2031,10,1.0376587292610897,0.28968253277761313
2031,11,1.0376587292610897,0.28968253277761313
2031,12,1.0376587292610897,0.28968253277761313
2032,1,0.9152370533713479,-0.652022666374247
2032,2,0.9152370533713479,-0.652022666374247
2032,3,0.9152370533713479,-0.652022666374247
2032,4,0.9152370533713479,-0.652022666374247
2032,5,0.9152370533713479,-0.652022666374247
2032,6,0.9152370533713479,-0.652022666374247
2032,7,0.9152370533713479,-0.652022666374247
2032,8,0.9152370533713479,-0.652022666374247
2032,9,0.9152370533713479,-0.652022666374247
2032,10,0.9152370533713479,-0.652022666374247
2032,11,0.9152370533713479,-0.652022666374247
2032,12,0.9152370533713479,-0.652022666374247
2033,1,1.0553152644018373,0.42550203386028684
2033,2,1.0553152644018373,0.42550203386028684
2033,3,1.0553152644018373,0.42550203386028684
2033,4,1.0553152644018373,0.42550203386028684
2033,5,1.0553152644018373,0.42550203386028684
2033,6,1.0553152644018373,0.42550203386028684
2033,7,1.0553152644018373,0.42550203386028684
2033,8,1.0553152644018373,0.42550203386028684
2033,9,1.0553152644018373,0.42550203386028684
2033,10,1.0553152644018373,0.42550203386028684
2033,11,1.0553152644018373,0.42550203386028684
2033,12,1.0553152644018373,0.42550203386028684
2034,1,1.0742312068379716,0.5710092833690119
2034,2,1.0742312068379716,0.5710092833690119
2034,3,1.0742312068379716,0.5710092833690119
2034,4,1.0742312068379716,0.5710092833690119
2034,5,1.0742312068379716,0.5710092833690119
2034,6,1.0742312068379716,0.5710092833690119
2034,7,1.0742312068379716,0.5710092833690119
2034,8,1.0742312068379716,0.5710092833690119
2034,9,1.0742312068379716,0.5710092833690119
2034,10,1.0742312068379716,0.5710092833690119
2034,11,1.0742312068379716,0.5710092833690119
2034,12,1.0742312068379716,0.5710092833690119
2035,1,1.0391557392313107,0.30119799408700487
2035,2,1.0391557392313107,0.30119799408700487
2035,3,1.0391557392313107,0.30119799408700487
2035,4,1.0391557392313107,0.30119799408700487
2035,5,1.0391557392313107,0.30119799408700487
2035,6,1.0391557392313107,0.30119799408700487
2035,7,1.0391557392313107,0.30119799408700487
2035,8,1.0391557392313107,0.30119799408700487
2035,9,1.0391557392313107,0.30119799408700487
2035,10,1.0391557392313107,0.30119799408700487
2035,11,1.0391557392313107,0.30119799408700487
2035,12,1.0391557392313107,0.30119799408700487
2036,1,1.1482672966816596,1.1405176667819976
2036,2,1.1482672966816596,1.1405176667819976
2036,3,1.1482672966816596,1.1405176667819976
2036,4,1.1482672966816596,1.1405176667819976
2036,5,1.1482672966816596,1.1405176667819976
2036,6,1.1482672966816596,1.1405176667819976
2036,7,1.1482672966816596,1.1405176667819976
2036,8,1.1482672966816596,1.1405176667819976
2036,9,1.1482672966816596,1.1405176667819976
2036,10,1.1482672966816596,1.1405176667819976
2036,11,1.1482672966816596,1.1405176667819976
2036,12,1.1482672966816596,1.1405176667819976
2037,1,1.1453852768651192,1.1183482835778396
2037,2,1.1453852768651192,1.1183482835778396
2037,3,1.1453852768651192,1.1183482835778396
2037,4,1.1453852768651192,1.1183482835778396
2037,5,1.1453852768651192,1.1183482835778396
2037,6,1.1453852768651192,1.1183482835778396
2037,7,1.1453852768651192,1.1183482835778396
2037,8,1.1453852768651192,1.1183482835778396
2037,9,1.1453852768651192,1.1183482835778396
2037,10,1.1453852768651192,1.1183482835778396
2037,11,1.1453852768651192,1.1183482835778396
2037,12,1.1453852768651192,1.1183482835778396
2038,1,1.0579892266895694,0.4460709745351501
2038,2,1.0579892266895694,0.4460709745351501
2038,3,1.0579892266895694,0.4460709745351501
2038,4,1.0579892266895694,0.4460709745351501
2038,5,1.0579892266895694,0.4460709745351501
2038,6,1.0579892266895694,0.4460709745351501
2038,7,1.0579892266895694,0.4460709745351501
2038,8,1.0579892266895694,0.4460709745351501
2038,9,1.0579892266895694,0.4460709745351501
2038,10,1.0579892266895694,0.4460709745351501
2038,11,1.0579892266895694,0.4460709745351501
2038,12,1.0579892266895694,0.4460709745351501
2039,1,1.1692041821586598,1.3015706319896907
2039,2,1.1692041821586598,1.3015706319896907
2039,3,1.1692041821586598,1.3015706319896907
2039,4,1.1692041821586598,1.3015706319896907
2039,5,1.1692041821586598,1.3015706319896907
2039,6,1.1692041821586598,1.3015706319896907
2039,7,1.1692041821586598,1.3015706319896907
2039,8,1.1692041821586598,1.3015706319896907
2039,9,1.1692041821586598,1.3015706319896907
2039,10,1.1692041821586598,1.3015706319896907
2039,11,1.1692041821586598,1.3015706319896907
2039,12,1.1692041821586598,1.3015706319896907
2040,1,0.9900699168911139,-0.07638525468373913
2040,2,0.9900699168911139,-0.07638525468373913
2040,3,0.9900699168911139,-0.07638525468373913
2040,4,0.9900699168911139,-0.07638525468373913
2040,5,0.9900699168911139,-0.07638525468373913
2040,6,0.9900699168911139,-0.07638525468373913
2040,7,0.9900699168911139,-0.07638525468373913
2040,8,0.9900699168911139,-0.07638525468373913
2040,9,0.9900699168911139,-0.07638525468373913
2040,10,0.9900699168911139,-0.07638525468373913
2040,11,0.9900699168911139,-0.07638525468373913
2040,12,0.9900699168911139,-0.07638525468373913
2041,1,1.1845788803509414,1.4198375411610868
2041,2,1.1845788803509414,1.4198375411610868
2041,3,1.1845788803509414,1.4198375411610868
2041,4,1.1845788803509414,1.4198375411610868
2041,5,1.1845788803509414,1.4198375411610868
2041,6,1.1845788803509414,1.4198375411610868
2041,7,1.1845788803509414,1.4198375411610868
2041,8,1.1845788803509414,1.4198375411610868
2041,9,1.1845788803509414,1.4198375411610868
2041,10,1.1845788803509414,1.4198375411610868
2041,11,1.1845788803509414,1.4198375411610868
2041,12,1.1845788803509414,1.4198375411610868
2042,1,1.1297462283374116,0.9980479102877808
2042,2,1.1297462283374116,0.9980479102877808
2042,3,1.1297462283374116,0.9980479102877808
2042,4,1.1297462283374116,0.9980479102877808
2042,5,1.1297462283374116,0.9980479102877808
2042,6,1.1297462283374116,0.9980479102877808
2042,7,1.1297462283374116,0.9980479102877808
2042,8,1.1297462283374116,0.9980479102877808
2042,9,1.1297462283374116,0.9980479102877808
2042,10,1.1297462283374116,0.9980479102877808
2042,11,1.1297462283374116,0.9980479102877808
2042,12,1.1297462283374116,0.9980479102877808
2043,1,1.0248067919304436,0.19082147638802738
2043,2,1.0248067919304436,0.19082147638802738
2043,3,1.0248067919304436,0.19082147638802738
2043,4,1.0248067919304436,0.19082147638802738
2043,5,1.0248067919304436,0.19082147638802738
2043,6,1.0248067919304436,0.19082147638802738
2043,7,1.0248067919304436,0.19082147638802738
2043,8,1.0248067919304436,0.19082147638802738
2043,9,1.0248067919304436,0.19082147638802738
2043,10,1.0248067919304436,0.19082147638802738
2043,11,1.0248067919304436,0.19082147638802738
2043,12,1.0248067919304436,0.19082147638802738
2044,1,1.087041825575943,0.6695525044303317
2044,2,1.087041825575943,0.6695525044303317
2044,3,1.087041825575943,0.6695525044303317
2044,4,1.087041825575943,0.6695525044303317
2044,5,1.087041825575943,0.6695525044303317
2044,6,1.087041825575943,0.6695525044303317
2044,7,1.087041825575943,0.6695525044303317
2044,8,1.087041825575943,0.6695525044303317
2044,9,1.087041825575943,0.6695525044303317
2044,10,1.087041825575943,0.6695525044303317
2044,11,1.087041825575943,0.6695525044303317
2044,12,1.087041825575943,0.6695525044303317
2045,1,1.1303356066766037,1.0025815898200285
2045,2,1.1303356066766037,1.0025815898200285
2045,3,1.1303356066766037,1.0025815898200285
2045,4,1.1303356066766037,1.0025815898200285
2045,5,1.1303356066766037,1.0025815898200285
2045,6,1.1303356066766037,1.0025815898200285
2045,7,1.1303356066766037,1.0025815898200285
2045,8,1.1303356066766037,1.0025815898200285
2045,9,1.1303356066766037,1.0025815898200285
2045,10,1.1303356066766037,1.0025815898200285
2045,11,1.1303356066766037,1.0025815898200285
2045,12,1.1303356066766037,1.0025815898200285
2046,1,1.147014602437371,1.1308815572105466
2046,2,1.147014602437371,1.1308815572105466
2046,3,1.147014602437371,1.1308815572105466
2046,4,1.147014602437371,1.1308815572105466
2046,5,1.147014602437371,1.1308815572105466
2046,6,1.147014602437371,1.1308815572105466
2046,7,1.147014602437371,1.1308815572105466
2046,8,1.147014602437371,1.1308815572105466
2046,9,1.147014602437371,1.1308815572105466
2046,10,1.147014602437371,1.1308815572105466
2046,11,1.147014602437371,1.1308815572105466
2046,12,1.147014602437371,1.1308815572105466
2047,1,1.139285887702081,1.071429905400624
2047,2,1.139285887702081,1.071429905400624
2047,3,1.139285887702081,1.071429905400624
2047,4,1.139285887702081,1.071429905400624
2047,5,1.139285887702081,1.071429905400624
2047,6,1.139285887702081,1.071429905400624
2047,7,1.139285887702081,1.071429905400624
2047,8,1.139285887702081,1.071429905400624
2047,9,1.139285887702081,1.071429905400624
2047,10,1.139285887702081,1.071429905400624
2047,11,1.139285887702081,1.071429905400624
2047,12,1.139285887702081,1.071429905400624
2048,1,1.184212195560138,1.4170168889241381
2048,2,1.184212195560138,1.4170168889241381
2048,3,1.184212195560138,1.4170168889241381
2048,4,1.184212195560138,1.4170168889241381
2048,5,1.184212195560138,1.4170168889241381
2048,6,1.184212195560138,1.4170168889241381
2048,7,1.184212195560138,1.4170168889241381
2048,8,1.184212195560138,1.4170168889241381
2048,9,1.184212195560138,1.4170168889241381
2048,10,1.184212195560138,1.4170168889241381
2048,11,1.184212195560138,1.4170168889241381
2048,12,1.184212195560138,1.4170168889241381
2049,1,1.0758752375758727,0.5836556736605587
2049,2,1.0758752375758727,0.5836556736605587
2049,3,1.0758752375758727,0.5836556736605587
2049,4,1.0758752375758727,0.5836556736605587
2049,5,1.0758752375758727,0.5836556736605587
2049,6,1.0758752375758727,0.5836556736605587
2049,7,1.0758752375758727,0.5836556736605587
2049,8,1.0758752375758727,0.5836556736605587
2049,9,1.0758752375758727,0.5836556736605587
2049,10,1.0758752375758727,0.5836556736605587
2049,11,1.0758752375758727,0.5836556736605587
2049,12,1.0758752375758727,0.5836556736605587
2050,1,1.0991322404612933,0.7625556958561024
2050,2,1.0991322404612933,0.7625556958561024
2050,3,1.0991322404612933,0.7625556958561024
2050,4,1.0991322404612933,0.7625556958561024
2050,5,1.0991322404612933,0.7625556958561024
2050,6,1.0991322404612933,0.7625556958561024
2050,7,1.0991322404612933,0.7625556958561024
2050,8,1.0991322404612933,0.7625556958561024
2050,9,1.0991322404612933,0.7625556958561024
2050,10,1.0991322404612933,0.7625556958561024
2050,11,1.0991322404612933,0.7625556958561024
2050,12,1.0991322404612933,0.7625556958561024
2051,1,1.1337337587353757,1.0287212210413514
2051,2,1.1337337587353757,1.0287212210413514
2051,3,1.1337337587353757,1.0287212210413514
2051,4,1.1337337587353757,1.0287212210413514
2051,5,1.1337337587353757,1.0287212210413514
2051,6,1.1337337587353757,1.0287212210413514
2051,7,1.1337337587353757,1.0287212210413514
2051,8,1.1337337587353757,1.0287212210413514
2051,9,1.1337337587353757,1.0287212210413514
2051,10,1.1337337587353757,1.0287212210413514
2051,11,1.1337337587353757,1.0287212210413514
2051,12,1.1337337587353757,1.0287212210413514
2052,1,1.0947778487361988,0.7290603748938373
2052,2,1.0947778487361988,0.7290603748938373
2052,3,1.0947778487361988,0.7290603748938373
2052,4,1.0947778487361988,0.7290603748938373
2052,5,1.0947778487361988,0.7290603748938373
2052,6,1.0947778487361988,0.7290603748938373
2052,7,1.0947778487361988,0.7290603748938373
2052,8,1.0947778487361988,0.7290603748938373
2052,9,1.0947778487361988,0.7290603748938373
2052,10,1.0947778487361988,0.7290603748938373
2052,11,1.0947778487361988,0.7290603748938373
2052,12,1.0947778487361988,0.7290603748938373
2053,1,1.1396503117034507,1.07423316694962
2053,2,1.1396503117034507,1.07423316694962
2053,3,1.1396503117034507,1.07423316694962
2053,4,1.1396503117034507,1.07423316694962
2053,5,1.1396503117034507,1.07423316694962
2053,6,1.1396503117034507,1.07423316694962
2053,7,1.1396503117034507,1.07423316694962
2053,8,1.1396503117034507,1.07423316694962
2053,9,1.1396503117034507,1.07423316694962
2053,10,1.1396503117034507,1.07423316694962
2053,11,1.1396503117034507,1.07423316694962
2053,12,1.1396503117034507,1.07423316694962
2054,1,1.1154616886919977,0.8881668360922905
2054,2,1.1154616886919977,0.8881668360922905
2054,3,1.1154616886919977,0.8881668360922905
2054,4,1.1154616886919977,0.8881668360922905
2054,5,1.1154616886919977,0.8881668360922905
2054,6,1.1154616886919977,0.8881668360922905
2054,7,1.1154616886919977,0.8881668360922905
2054,8,1.1154616886919977,0.8881668360922905
2054,9,1.1154616886919977,0.8881668360922905
2054,10,1.1154616886919977,0.8881668360922905
2054,11,1.1154616886919977,0.8881668360922905
2054,12,1.1154616886919977,0.8881668360922905
2055,1,1.095336792749361,0.7333599442258532
2055,2,1.095336792749361,0.7333599442258532
2055,3,1.095336792749361,0.7333599442258532
2055,4,1.095336792749361,0.7333599442258532
2055,5,1.095336792749361,0.7333599442258532
2055,6,1.095336792749361,0.7333599442258532
2055,7,1.095336792749361,0.7333599442258532
2055,8,1.095336792749361,0.7333599442258532
2055,9,1.095336792749361,0.7333599442258532
2055,10,1.095336792749361,0.7333599442258532
2055,11,1.095336792749361,0.7333599442258532
2055,12,1.095336792749361,0.7333599442258532
2056,1,1.2104347724505988,1.618729018850761
2056,2,1.2104347724505988,1.618729018850761
2056,3,1.2104347724505988,1.618729018850761
2056,4,1.2104347724505988,1.618729018850761
2056,5,1.2104347724505988,1.618729018850761
2056,6,1.2104347724505988,1.618729018850761
2056,7,1.2104347724505988,1.618729018850761
2056,8,1.2104347724505988,1.618729018850761
2056,9,1.2104347724505988,1.618729018850761
2056,10,1.2104347724505988,1.618729018850761
2056,11,1.2104347724505988,1.618729018850761
2056,12,1.2104347724505988,1.618729018850761
2057,1,1.0404761497692954,0.3113549982253492
2057,2,1.0404761497692954,0.3113549982253492
2057,3,1.0404761497692954,0.3113549982253492
2057,4,1.0404761497692954,0.3113549982253492
2057,5,1.0404761497692954,0.3113549982253492
2057,6,1.0404761497692954,0.3113549982253492
2057,7,1.0404761497692954,0.3113549982253492
2057,8,1.0404761497692954,0.3113549982253492
2057,9,1.0404761497692954,0.3113549982253492
2057,10,1.0404761497692954,0.3113549982253492
2057,11,1.0404761497692954,0.3113549982253492
2057,12,1.0404761497692954,0.3113549982253492
2058,1,1.1244353600889725,0.95719507760748
2058,2,1.1244353600889725,0.95719507760748
2058,3,1.1244353600889725,0.95719507760748
2058,4,1.1244353600889725,0.95719507760748
2058,5,1.1244353600889725,0.95719507760748
2058,6,1.1244353600889725,0.95719507760748
2058,7,1.1244353600889725,0.95719507760748
2058,8,1.1244353600889725,0.95719507760748
2058,9,1.1244353600889725,0.95719507760748
2058,10,1.1244353600889725,0.95719507760748
2058,11,1.1244353600889725,0.95719507760748
2058,12,1.1244353600889725,0.95719507760748
2059,1,1.0783639604526398,0.6027996957895372
2059,2,1.0783639604526398,0.6027996957895372
2059,3,1.0783639604526398,0.6027996957895372
2059,4,1.0783639604526398,0.6027996957895372
2059,5,1.0783639604526398,0.6027996957895372
2059,6,1.0783639604526398,0.6027996957895372
2059,7,1.0783639604526398,0.6027996957895372
2059,8,1.0783639604526398,0.6027996957895372
2059,9,1.0783639604526398,0.6027996957895372
2059,10,1.0783639604526398,0.6027996957895372
2059,11,1.0783639604526398,0.6027996957895372
2059,12,1.0783639604526398,0.6027996957895372
2060,1,1.116028608827199,0.892527760209223
2060,2,1.116028608827199,0.892527760209223
2060,3,1.116028608827199,0.892527760209223
2060,4,1.116028608827199,0.892527760209223
2060,5,1.116028608827199,0.892527760209223
2060,6,1.116028608827199,0.892527760209223
2060,7,1.116028608827199,0.892527760209223
2060,8,1.116028608827199,0.892527760209223
2060,9,1.116028608827199,0.892527760209223
2060,10,1.116028608827199,0.892527760209223
2060,11,1.116028608827199,0.892527760209223
2060,12,1.116028608827199,0.892527760209223
2061,1,1.0413830415356982,0.318331088736139
2061,2,1.0413830415356982,0.318331088736139
2061,3,1.0413830415356982,0.318331088736139
2061,4,1.0413830415356982,0.318331088736139
2061,5,1.0413830415356982,0.318331088736139
2061,6,1.0413830415356982,0.318331088736139
2061,7,1.0413830415356982,0.318331088736139
2061,8,1.0413830415356982,0.318331088736139
2061,9,1.0413830415356982,0.318331088736139
2061,10,1.0413830415356982,0.318331088736139
2061,11,1.0413830415356982,0.318331088736139
2061,12,1.0413830415356982,0.318331088736139
2062,1,1.1231728862456545,0.9474837403511884
2062,2,1.1231728862456545,0.9474837403511884
2062,3,1.1231728862456545,0.9474837403511884
2062,4,1.1231728862456545,0.9474837403511884
2062,5,1.1231728862456545,0.9474837403511884
2062,6,1.1231728862456545,0.9474837403511884
2062,7,1.1231728862456545,0.9474837403511884
2062,8,1.1231728862456545,0.9474837403511884
2062,9,1.1231728862456545,0.9474837403511884
2062,10,1.1231728862456545,0.9474837403511884
2062,11,1.1231728862456545,0.9474837403511884
2062,12,1.1231728862456545,0.9474837403511884
2063,1,1.2286595817056196,1.7589198592739965
2063,2,1.2286595817056196,1.7589198592739965
2063,3,1.2286595817056196,1.7589198592739965
2063,4,1.2286595817056196,1.7589198592739965
2063,5,1.2286595817056196,1.7589198592739965
2063,6,1.2286595817056196,1.7589198592739965
2063,7,1.2286595817056196,1.7589198592739965
2063,8,1.2286595817056196,1.7589198592739965
2063,9,1.2286595817056196,1.7589198592739965
2063,10,1.2286595817056196,1.7589198592739965
2063,11,1.2286595817056196,1.7589198592739965
2063,12,1.2286595817056196,1.7589198592739965
2064,1,1.1125368705827523,0.86566823525194
2064,2,1.1125368705827523,0.86566823525194
2064,3,1.1125368705827523,0.86566823525194
2064,4,1.1125368705827523,0.86566823525194
2064,5,1.1125368705827523,0.86566823525194
2064,6,1.1125368705827523,0.86566823525194
2064,7,1.1125368705827523,0.86566823525194
2064,8,1.1125368705827523,0.86566823525194
2064,9,1.1125368705827523,0.86566823525194
2064,10,1.1125368705827523,0.86566823525194
2064,11,1.1125368705827523,0.86566823525194
2064,12,1.1125368705827523,0.86566823525194
2065,1,1.1568999379558504,1.2069225996603876
2065,2,1.1568999379558504,1.2069225996603876
2065,3,1.1568999379558504,1.2069225996603876
2065,4,1.1568999379558504,1.2069225996603876
2065,5,1.1568999379558504,1.2069225996603876
2065,6,1.1568999379558504,1.2069225996603876
2065,7,1.1568999379558504,1.2069225996603876
2065,8,1.1568999379558504,1.2069225996603876
2065,9,1.1568999379558504,1.2069225996603876
2065,10,1.1568999379558504,1.2069225996603876
2065,11,1.1568999379558504,1.2069225996603876
2065,12,1.1568999379558504,1.2069225996603876
2066,1,1.1291904584229049,0.9937727570992685
2066,2,1.1291904584229049,0.9937727570992685
2066,3,1.1291904584229049,0.9937727570992685
2066,4,1.1291904584229049,0.9937727570992685
2066,5,1.1291904584229049,0.9937727570992685
2066,6,1.1291904584229049,0.9937727570992685
2066,7,1.1291904584229049,0.9937727570992685
2066,8,1.1291904584229049,0.9937727570992685
2066,9,1.1291904584229049,0.9937727570992685
2066,10,1.1291904584229049,0.9937727570992685
2066,11,1.1291904584229049,0.9937727570992685
2066,12,1.1291904584229049,0.9937727570992685
2067,1,1.171141680502561,1.3164744654043155
2067,2,1.171141680502561,1.3164744654043155
2067,3,1.171141680502561,1.3164744654043155
2067,4,1.171141680502561,1.3164744654043155
2067,5,1.171141680502561,1.3164744654043155
2067,6,1.171141680502561,1.3164744654043155
2067,7,1.171141680502561,1.3164744654043155
2067,8,1.171141680502561,1.3164744654043155
2067,9,1.171141680502561,1.3164744654043155
2067,10,1.171141680502561,1.3164744654043155
2067,11,1.171141680502561,1.3164744654043155
2067,12,1.171141680502561,1.3164744654043155
2068,1,1.1237886625361213,0.9522204810470871
2068,2,1.1237886625361213,0.9522204810470871
2068,3,1.1237886625361213,0.9522204810470871
2068,4,1.1237886625361213,0.9522204810470871
2068,5,1.1237886625361213,0.9522204810470871
2068,6,1.1237886625361213,0.9522204810470871
2068,7,1.1237886625361213,0.9522204810470871
2068,8,1.1237886625361213,0.9522204810470871
2068,9,1.1237886625361213,0.9522204810470871
2068,10,1.1237886625361213,0.9522204810470871
2068,11,1.1237886625361213,0.9522204810470871
2068,12,1.1237886625361213,0.9522204810470871
2069,1,1.189469014524799,1.4574539578830699
2069,2,1.189469014524799,1.4574539578830699
2069,3,1.189469014524799,1.4574539578830699
2069,4,1.189469014524799,1.4574539578830699
2069,5,1.189469014524799,1.4574539578830699
2069,6,1.189469014524799,1.4574539578830699
2069,7,1.189469014524799,1.4574539578830699
2069,8,1.189469014524799,1.4574539578830699
2069,9,1.189469014524799,1.4574539578830699
2069,10,1.189469014524799,1.4574539578830699
2069,11,1.189469014524799,1.4574539578830699
2069,12,1.189469014524799,1.4574539578830699
2070,1,1.1118027403072113,0.8600210792862413
2070,2,1.1118027403072113,0.8600210792862413
2070,3,1.1118027403072113,0.8600210792862413
2070,4,1.1118027403072113,0.8600210792862413
2070,5,1.1118027403072113,0.8600210792862413
2070,6,1.1118027403072113,0.8600210792862413
2070,7,1.1118027403072113,0.8600210792862413
2070,8,1.1118027403072113,0.8600210792862413
2070,9,1.1118027403072113,0.8600210792862413
2070,10,1.1118027403072113,0.8600210792862413
2070,11,1.1118027403072113,0.8600210792862413
2070,12,1.1118027403072113,0.8600210792862413
2071,1,1.1798433751520636,1.3834105780927963
2071,2,1.1798433751520636,1.3834105780927963
2071,3,1.1798433751520636,1.3834105780927963
2071,4,1.1798433751520636,1.3834105780927963
2071,5,1.1798433751520636,1.3834105780927963
2071,6,1.1798433751520636,1.3834105780927963
2071,7,1.1798433751520636,1.3834105780927963
2071,8,1.1798433751520636,1.3834105780927963
2071,9,1.1798433751520636,1.3834105780927963
2071,10,1.1798433751520636,1.3834105780927963
2071,11,1.1798433751520636,1.3834105780927963
2071,12,1.1798433751520636,1.3834105780927963
2072,1,1.1908146841448441,1.4678052626526465
2072,2,1.1908146841448441,1.4678052626526465
2072,3,1.1908146841448441,1.4678052626526465
2072,4,1.1908146841448441,1.4678052626526465
2072,5,1.1908146841448441,1.4678052626526465
2072,6,1.1908146841448441,1.4678052626526465
2072,7,1.1908146841448441,1.4678052626526465
2072,8,1.1908146841448441,1.4678052626526465
2072,9,1.1908146841448441,1.4678052626526465
2072,10,1.1908146841448441,1.4678052626526465
2072,11,1.1908146841448441,1.4678052626526465
2072,12,1.1908146841448441,1.4678052626526465
2073,1,1.1251244497646584,0.9624957674204495
2073,2,1.1251244497646584,0.9624957674204495
2073,3,1.1251244497646584,0.9624957674204495
2073,4,1.1251244497646584,0.9624957674204495
2073,5,1.1251244497646584,0.9624957674204495
2073,6,1.1251244497646584,0.9624957674204495
2073,7,1.1251244497646584,0.9624957674204495
2073,8,1.1251244497646584,0.9624957674204495
2073,9,1.1251244497646584,0.9624957674204495
2073,10,1.1251244497646584,0.9624957674204495
2073,11,1.1251244497646584,0.9624957674204495
2073,12,1.1251244497646584,0.9624957674204495
2074,1,1.167628440649936,1.2894495434610462
2074,2,1.167628440649936,1.2894495434610462
2074,3,1.167628440649936,1.2894495434610462
2074,4,1.167628440649936,1.2894495434610462
2074,5,1.167628440649936,1.2894495434610462
2074,6,1.167628440649936,1.2894495434610462
2074,7,1.167628440649936,1.2894495434610462
2074,8,1.167628440649936,1.2894495434610462
2074,9,1.167628440649936,1.2894495434610462
2074,10,1.167628440649936,1.2894495434610462
2074,11,1.167628440649936,1.2894495434610462
2074,12,1.167628440649936,1.2894495434610462
2075,1,1.1308960153880834,1.0068924260621799
2075,2,1.1308960153880834,1.0068924260621799
2075,3,1.1308960153880834,1.0068924260621799
2075,4,1.1308960153880834,1.0068924260621799
2075,5,1.1308960153880834,1.0068924260621799
2075,6,1.1308960153880834,1.0068924260621799
2075,7,1.1308960153880834,1.0068924260621799
2075,8,1.1308960153880834,1.0068924260621799
2075,9,1.1308960153880834,1.0068924260621799
2075,10,1.1308960153880834,1.0068924260621799
2075,11,1.1308960153880834,1.0068924260621799
2075,12,1.1308960153880834,1.0068924260621799
2076,1,0.9981009864256197,-0.01460779672600232
2076,2,0.9981009864256197,-0.01460779672600232
2076,3,0.9981009864256197,-0.01460779672600232
2076,4,0.9981009864256197,-0.01460779672600232
2076,5,0.9981009864256197,-0.01460779672600232
2076,6,0.9981009864256197,-0.01460779672600232
2076,7,0.9981009864256197,-0.01460779672600232
2076,8,0.9981009864256197,-0.01460779672600232
2076,9,0.9981009864256197,-0.01460779672600232
2076,10,0.9981009864256197,-0.01460779672600232
2076,11,0.9981009864256197,-0.01460779672600232
2076,12,0.9981009864256197,-0.01460779672600232
2077,1,1.013004028268516,0.10003098668089194
2077,2,1.013004028268516,0.10003098668089194
2077,3,1.013004028268516,0.10003098668089194
2077,4,1.013004028268516,0.10003098668089194
2077,5,1.013004028268516,0.10003098668089194
2077,6,1.013004028268516,0.10003098668089194
2077,7,1.013004028268516,0.10003098668089194
2077,8,1.013004028268516,0.10003098668089194
2077,9,1.013004028268516,0.10003098668089194
2077,10,1.013004028268516,0.10003098668089194
2077,11,1.013004028268516,0.10003098668089194
2077,12,1.013004028268516,0.10003098668089194
2078,1,1.3161276860915518,2.431751431473476
2078,2,1.3161276860915518,2.431751431473476
2078,3,1.3161276860915518,2.431751431473476
2078,4,1.3161276860915518,2.431751431473476
2078,5,1.3161276860915518,2.431751431473476
2078,6,1.3161276860915518,2.431751431473476
2078,7,1.3161276860915518,2.431751431473476
2078,8,1.3161276860915518,2.431751431473476
2078,9,1.3161276860915518,2.431751431473476
2078,10,1.3161276860915518,2.431751431473476
2078,11,1.3161276860915518,2.431751431473476
2078,12,1.3161276860915518,2.431751431473476
2079,1,1.1134325300574275,0.8725579235186736
2079,2,1.1134325300574275,0.8725579235186736
2079,3,1.1134325300574275,0.8725579235186736
2079,4,1.1134325300574275,0.8725579235186736
2079,5,1.1134325300574275,0.8725579235186736
2079,6,1.1134325300574275,0.8725579235186736
2079,7,1.1134325300574275,0.8725579235186736
2079,8,1.1134325300574275,0.8725579235186736
2079,9,1.1134325300574275,0.8725579235186736
2079,10,1.1134325300574275,0.8725579235186736
2079,11,1.1134325300574275,0.8725579235186736
2079,12,1.1134325300574275,0.8725579235186736
2080,1,1.069526126925978,0.5348163609690602
2080,2,1.069526126925978,0.5348163609690602
2080,3,1.069526126925978,0.5348163609690602
2080,4,1.069526126925978,0.5348163609690602
2080,5,1.069526126925978,0.5348163609690602
2080,6,1.069526126925978,0.5348163609690602
2080,7,1.069526126925978,0.5348163609690602
2080,8,1.069526126925978,0.5348163609690602
2080,9,1.069526126925978,0.5348163609690602
2080,10,1.069526126925978,0.5348163609690602
2080,11,1.069526126925978,0.5348163609690602
2080,12,1.069526126925978,0.5348163609690602
2081,1,1.169104018075231,1.3008001390402377
2081,2,1.169104018075231,1.3008001390402377
2081,3,1.169104018075231,1.3008001390402377
2081,4,1.169104018075231,1.3008001390402377
2081,5,1.169104018075231,1.3008001390402377
2081,6,1.169104018075231,1.3008001390402377
2081,7,1.169104018075231,1.3008001390402377
2081,8,1.169104018075231,1.3008001390402377
2081,9,1.169104018075231,1.3008001390402377
2081,10,1.169104018075231,1.3008001390402377
2081,11,1.169104018075231,1.3008001390402377
2081,12,1.169104018075231,1.3008001390402377
2082,1,1.0331085382891847,0.25468106376295907
2082,2,1.0331085382891847,0.25468106376295907
2082,3,1.0331085382891847,0.25468106376295907
2082,4,1.0331085382891847,0.25468106376295907
2082,5,1.0331085382891847,0.25468106376295907
2082,6,1.0331085382891847,0.25468106376295907
2082,7,1.0331085382891847,0.25468106376295907
2082,8,1.0331085382891847,0.25468106376295907
2082,9,1.0331085382891847,0.25468106376295907
2082,10,1.0331085382891847,0.25468106376295907
2082,11,1.0331085382891847,0.25468106376295907
2082,12,1.0331085382891847,0.25468106376295907
2083,1,1.028187683577582,0.2168283352121705
2083,2,1.028187683577582,0.2168283352121705
2083,3,1.028187683577582,0.2168283352121705
2083,4,1.028187683577582,0.2168283352121705
2083,5,1.028187683577582,0.2168283352121705
2083,6,1.028187683577582,0.2168283352121705
2083,7,1.028187683577582,0.2168283352121705
2083,8,1.028187683577582,0.2168283352121705
2083,9,1.028187683577582,0.2168283352121705
2083,10,1.028187683577582,0.2168283352121705
2083,11,1.028187683577582,0.2168283352121705
2083,12,1.028187683577582,0.2168283352121705
2084,1,1.0661766930411753,0.5090514849321188
2084,2,1.0661766930411753,0.5090514849321188
2084,3,1.0661766930411753,0.5090514849321188
2084,4,1.0661766930411753,0.5090514849321188
2084,5,1.0661766930411753,0.5090514849321188
2084,6,1.0661766930411753,0.5090514849321188
2084,7,1.0661766930411753,0.5090514849321188
2084,8,1.0661766930411753,0.5090514849321188
2084,9,1.0661766930411753,0.5090514849321188
2084,10,1.0661766930411753,0.5090514849321188
2084,11,1.0661766930411753,0.5090514849321188
2084,12,1.0661766930411753,0.5090514849321188
2085,1,1.0536904475104978,0.4130034423884439
2085,2,1.0536904475104978,0.4130034423884439
2085,3,1.0536904475104978,0.4130034423884439
2085,4,1.0536904475104978,0.4130034423884439
2085,5,1.0536904475104978,0.4130034423884439
2085,6,1.0536904475104978,0.4130034423884439
2085,7,1.0536904475104978,0.4130034423884439
2085,8,1.0536904475104978,0.4130034423884439
2085,9,1.0536904475104978,0.4130034423884439
2085,10,1.0536904475104978,0.4130034423884439
2085,11,1.0536904475104978,0.4130034423884439
2085,12,1.0536904475104978,0.4130034423884439
2086,1,1.1000834402566562,0.7698726173588941
2086,2,1.1000834402566562,0.7698726173588941
2086,3,1.1000834402566562,0.7698726173588941
2086,4,1.1000834402566562,0.7698726173588941
2086,5,1.1000834402566562,0.7698726173588941
2086,6,1.1000834402566562,0.7698726173588941
2086,7,1.1000834402566562,0.7698726173588941
2086,8,1.1000834402566562,0.7698726173588941
2086,9,1.1000834402566562,0.7698726173588941
2086,10,1.1000834402566562,0.7698726173588941
2086,11,1.1000834402566562,0.7698726173588941
2086,12,1.1000834402566562,0.7698726173588941
2087,1,1.1702634086180594,1.309718527831226
2087,2,1.1702634086180594,1.309718527831226
2087,3,1.1702634086180594,1.309718527831226
2087,4,1.1702634086180594,1.309718527831226
2087,5,1.1702634086180594,1.309718527831226
2087,6,1.1702634086180594,1.309718527831226
2087,7,1.1702634086180594,1.309718527831226
2087,8,1.1702634086180594,1.309718527831226
2087,9,1.1702634086180594,1.309718527831226
2087,10,1.1702634086180594,1.309718527831226
2087,11,1.1702634086180594,1.309718527831226
2087,12,1.1702634086180594,1.309718527831226
2088,1,1.1540658549525875,1.1851219611737491
2088,2,1.1540658549525875,1.1851219611737491
2088,3,1.1540658549525875,1.1851219611737491
2088,4,1.1540658549525875,1.1851219611737491
2088,5,1.1540658549525875,1.1851219611737491
2088,6,1.1540658549525875,1.1851219611737491
2088,7,1.1540658549525875,1.1851219611737491
2088,8,1.1540658549525875,1.1851219611737491
2088,9,1.1540658549525875,1.1851219611737491
2088,10,1.1540658549525875,1.1851219611737491
2088,11,1.1540658549525875,1.1851219611737491
2088,12,1.1540658549525875,1.1851219611737491
2089,1,1.0570689260461616,0.4389917388166289
2089,2,1.0570689260461616,0.4389917388166289
2089,3,1.0570689260461616,0.4389917388166289
2089,4,1.0570689260461616,0.4389917388166289
2089,5,1.0570689260461616,0.4389917388166289
2089,6,1.0570689260461616,0.4389917388166289
2089,7,1.0570689260461616,0.4389917388166289
2089,8,1.0570689260461616,0.4389917388166289
2089,9,1.0570689260461616,0.4389917388166289
2089,10,1.0570689260461616,0.4389917388166289
2089,11,1.0570689260461616,0.4389917388166289
2089,12,1.0570689260461616,0.4389917388166289
2090,1,1.2078494297407945,1.5988417672368804
2090,2,1.2078494297407945,1.5988417672368804
2090,3,1.2078494297407945,1.5988417672368804
2090,4,1.2078494297407945,1.5988417672368804
2090,5,1.2078494297407945,1.5988417672368804
2090,6,1.2078494297407945,1.5988417672368804
2090,7,1.2078494297407945,1.5988417672368804
2090,8,1.2078494297407945,1.5988417672368804
2090,9,1.2078494297407945,1.5988417672368804
2090,10,1.2078494297407945,1.5988417672368804
2090,11,1.2078494297407945,1.5988417672368804
2090,12,1.2078494297407945,1.5988417672368804
2091,1,1.155656738835535,1.1973595295041157
2091,2,1.155656738835535,1.1973595295041157
2091,3,1.155656738835535,1.1973595295041157
2091,4,1.155656738835535,1.1973595295041157
2091,5,1.155656738835535,1.1973595295041157
2091,6,1.155656738835535,1.1973595295041157
2091,7,1.155656738835535,1.1973595295041157
2091,8,1.155656738835535,1.1973595295041157
2091,9,1.155656738835535,1.1973595295041157
2091,10,1.155656738835535,1.1973595295041157
2091,11,1.155656738835535,1.1973595295041157
2091,12,1.155656738835535,1.1973595295041157
2092,1,1.2135239698792746,1.6424920759944204
2092,2,1.2135239698792746,1.6424920759944204
2092,3,1.2135239698792746,1.6424920759944204
2092,4,1.2135239698792746,1.6424920759944204
2092,5,1.2135239698792746,1.6424920759944204
2092,6,1.2135239698792746,1.6424920759944204
2092,7,1.2135239698792746,1.6424920759944204
2092,8,1.2135239698792746,1.6424920759944204
2092,9,1.2135239698792746,1.6424920759944204
2092,10,1.2135239698792746,1.6424920759944204
2092,11,1.2135239698792746,1.6424920759944204
2092,12,1.2135239698792746,1.6424920759944204
2093,1,1.1174964642455618,0.9038189557350904
2093,2,1.1174964642455618,0.9038189557350904
2093,3,1.1174964642455618,0.9038189557350904
2093,4,1.1174964642455618,0.9038189557350904
2093,5,1.1174964642455618,0.9038189557350904
2093,6,1.1174964642455618,0.9038189557350904
2093,7,1.1174964642455618,0.9038189557350904
2093,8,1.1174964642455618,0.9038189557350904
2093,9,1.1174964642455618,0.9038189557350904
2093,10,1.1174964642455618,0.9038189557350904
2093,11,1.1174964642455618,0.9038189557350904
2093,12,1.1174964642455618,0.9038189557350904
2094,1,1.184221245531236,1.4170865040864307
2094,2,1.184221245531236,1.4170865040864307
2094,3,1.184221245531236,1.4170865040864307
2094,4,1.184221245531236,1.4170865040864307
2094,5,1.184221245531236,1.4170865040864307
2094,6,1.184221245531236,1.4170865040864307
2094,7,1.184221245531236,1.4170865040864307
2094,8,1.184221245531236,1.4170865040864307
2094,9,1.184221245531236,1.4170865040864307
2094,10,1.184221245531236,1.4170865040864307
2094,11,1.184221245531236,1.4170865040864307
2094,12,1.184221245531236,1.4170865040864307
2095,1,1.2124106695494006,1.6339282273030822
2095,2,1.2124106695494006,1.6339282273030822
2095,3,1.2124106695494006,1.6339282273030822
2095,4,1.2124106695494006,1.6339282273030822
2095,5,1.2124106695494006,1.6339282273030822
2095,6,1.2124106695494006,1.6339282273030822
2095,7,1.2124106695494006,1.6339282273030822
2095,8,1.2124106695494006,1.6339282273030822
2095,9,1.2124106695494006,1.6339282273030822
2095,10,1.2124106695494006,1.6339282273030822
2095,11,1.2124106695494006,1.6339282273030822
2095,12,1.2124106695494006,1.6339282273030822
2096,1,1.159076269507199,1.2236636115938389
2096,2,1.159076269507199,1.2236636115938389
2096,3,1.159076269507199,1.2236636115938389
2096,4,1.159076269507199,1.2236636115938389
2096,5,1.159076269507199,1.2236636115938389
2096,6,1.159076269507199,1.2236636115938389
2096,7,1.159076269507199,1.2236636115938389
2096,8,1.159076269507199,1.2236636115938389
2096,9,1.159076269507199,1.2236636115938389
2096,10,1.159076269507199,1.2236636115938389
2096,11,1.159076269507199,1.2236636115938389
2096,12,1.159076269507199,1.2236636115938389
2097,1,1.0984293141662225,0.7571485705094041
2097,2,1.0984293141662225,0.7571485705094041
2097,3,1.0984293141662225,0.7571485705094041
2097,4,1.0984293141662225,0.7571485705094041
2097,5,1.0984293141662225,0.7571485705094041
2097,6,1.0984293141662225,0.7571485705094041
2097,7,1.0984293141662225,0.7571485705094041
2097,8,1.0984293141662225,0.7571485705094041
2097,9,1.0984293141662225,0.7571485705094041
2097,10,1.0984293141662225,0.7571485705094041
2097,11,1.0984293141662225,0.7571485705094041
2097,12,1.0984293141662225,0.7571485705094041
2098,1,1.0899613920616975,0.6920107081669045
2098,2,1.0899613920616975,0.6920107081669045
2098,3,1.0899613920616975,0.6920107081669045
2098,4,1.0899613920616975,0.6920107081669045
2098,5,1.0899613920616975,0.6920107081669045
2098,6,1.0899613920616975,0.6920107081669045
2098,7,1.0899613920616975,0.6920107081669045
2098,8,1.0899613920616975,0.6920107081669045
2098,9,1.0899613920616975,0.6920107081669045
2098,10,1.0899613920616975,0.6920107081669045
2098,11,1.0899613920616975,0.6920107081669045
2098,12,1.0899613920616975,0.6920107081669045
2099,1,1.069325380213923,0.5332721554917157
2099,2,1.069325380213923,0.5332721554917157
2099,3,1.069325380213923,0.5332721554917157
2099,4,1.069325380213923,0.5332721554917157
2099,5,1.069325380213923,0.5332721554917157
2099,6,1.069325380213923,0.5332721554917157
2099,7,1.069325380213923,0.5332721554917157
2099,8,1.069325380213923,0.5332721554917157
2099,9,1.069325380213923,0.5332721554917157
2099,10,1.069325380213923,0.5332721554917157
2099,11,1.069325380213923,0.5332721554917157
2099,12,1.069325380213923,0.5332721554917157
2100,1,1.285709750649536,2.1977673126887396
2100,2,1.285709750649536,2.1977673126887396
2100,3,1.285709750649536,2.1977673126887396
2100,4,1.285709750649536,2.1977673126887396
2100,5,1.285709750649536,2.1977673126887396
2100,6,1.285709750649536,2.1977673126887396
2100,7,1.285709750649536,2.1977673126887396
2100,8,1.285709750649536,2.1977673126887396
2100,9,1.285709750649536,2.1977673126887396
2100,10,1.285709750649536,2.1977673126887396
2100,11,1.285709750649536,2.1977673126887396
2100,12,1.285709750649536,2.1977673126887396
