district_id,province_name,district_name,pi_scenario,year,lambda_import_year,q_import_year,M_climate_mean
TUR.10.4_1,Artvin,Hopa,high,2024,6.705690518671183,0.784870810389637,1
TUR.10.4_1,Artvin,Hopa,high,2025,7.3717600326417525,0.8158783665586247,0.9449988234365747
TUR.10.4_1,Artvin,Hopa,high,2026,9.727250263812701,0.8927778319223818,1.0754719476161918
TUR.10.4_1,Artvin,Hopa,high,2027,10.690276615304487,0.9140432652014985,1.0238316597676584
TUR.10.4_1,Artvin,Hopa,high,2028,11.700105124147465,0.9314997450594943,0.9725170934514388
TUR.10.4_1,Artvin,Hopa,high,2029,12.641477226352922,0.9450758240062836,0.9181745453371569
TUR.10.4_1,Artvin,Hopa,high,2030,17.07324963078038,0.9801409943251957,1.0847160873686814
TUR.10.4_1,Artvin,Hopa,high,2031,18.62475908575093,0.9860912983483034,1.0376587292610897
TUR.10.4_1,Artvin,Hopa,high,2032,18.724061915439158,0.9863000170499695,0.9152370533713479
TUR.10.4_1,Artvin,Hopa,high,2033,24.46988610158472,0.9963643474513374,1.0553152644018373
TUR.10.4_1,Artvin,Hopa,high,2034,28.228003211009227,0.9984656182570147,1.0742312068379716
TUR.10.4_1,Artvin,Hopa,high,2035,30.890201807408737,0.9991672066532745,1.0391557392313107
TUR.10.4_1,Artvin,Hopa,high,2036,38.617107392163135,0.9998564142084445,1.1482672966816596
TUR.10.4_1,Artvin,Hopa,high,2037,43.3531578586185,0.9999523461843896,1.1453852768651192
TUR.10.4_1,Artvin,Hopa,high,2038,45.07764955032475,0.9999679238623469,1.0579892266895694
TUR.10.4_1,Artvin,Hopa,high,2039,55.987073963494865,0.9999973781067657,1.1692041821586598
TUR.10.4_1,Artvin,Hopa,high,2040,53.29155099795399,0.9999950246972097,0.9900699168911139
TUR.10.4_1,Artvin,Hopa,high,2041,71.29963451204756,0.9999999219996316,1.1845788803509414
TUR.10.4_1,Artvin,Hopa,high,2042,76.04627243086588,0.9999999737637675,1.1297462283374116
TUR.10.4_1,Artvin,Hopa,high,2043,77.01065541856036,0.9999999789737631,1.0248067919304436
TUR.10.4_1,Artvin,Hopa,high,2044,91.1896811200701,0.9999999991576778,1.087041825575943
TUR.10.4_1,Artvin,Hopa,high,2045,105.27037486935126,0.9999999999679717,1.1303356066766037
TUR.10.4_1,Artvin,Hopa,high,2046,118.56512367513162,0.9999999999984859,1.147014602437371
TUR.10.4_1,Artvin,Hopa,high,2047,130.42821409559596,0.9999999999999005,1.139285887702081
TUR.10.4_1,Artvin,Hopa,high,2048,150.07229417805974,0.9999999999999989,1.184212195560138
TUR.10.4_1,Artvin,Hopa,high,2049,150.0231339451582,0.9999999999999989,1.0758752375758727
TUR.10.4_1,Artvin,Hopa,high,2050,168.5121640417773,1,1.0991322404612933
TUR.10.4_1,Artvin,Hopa,high,2051,190.58894021895276,1,1.1337337587353757
TUR.10.4_1,Artvin,Hopa,high,2052,201.58179167371102,1,1.0947778487361988
TUR.10.4_1,Artvin,Hopa,high,2053,228.3383155448235,1,1.1396503117034507
TUR.10.4_1,Artvin,Hopa,high,2054,242.8603132791137,1,1.1154616886919977
TUR.10.4_1,Artvin,Hopa,high,2055,258.30118517569963,1,1.095336792749361
TUR.10.4_1,Artvin,Hopa,high,2056,308.6785231198152,1,1.2104347724505988
TUR.10.4_1,Artvin,Hopa,high,2057,284.91986817097785,1,1.0404761497692954
TUR.10.4_1,Artvin,Hopa,high,2058,330.0540796661739,1,1.1244353600889725
TUR.10.4_1,Artvin,Hopa,high,2059,338.0728484401627,1,1.0783639604526398
TUR.10.4_1,Artvin,Hopa,high,2060,373.00211556140135,1,1.116028608827199
TUR.10.4_1,Artvin,Hopa,high,2061,368.38565026202866,1,1.0413830415356982
TUR.10.4_1,Artvin,Hopa,high,2062,419.7557031785886,1,1.1231728862456545
TUR.10.4_1,Artvin,Hopa,high,2063,483.3741315876062,1,1.2286595817056196
TUR.10.4_1,Artvin,Hopa,high,2064,459.95706448153373,1,1.1125368705827523
TUR.10.4_1,Artvin,Hopa,high,2065,499.12470672569657,1,1.1568999379558504
TUR.10.4_1,Artvin,Hopa,high,2066,507.6050812311445,1,1.1291904584229049
TUR.10.4_1,Artvin,Hopa,high,2067,546.7986078976274,1,1.171141680502561
TUR.10.4_1,Artvin,Hopa,high,2068,544.2678416176784,1,1.1237886625361213
TUR.10.4_1,Artvin,Hopa,high,2069,593.716981656117,1,1.189469014524799
TUR.10.4_1,Artvin,Hopa,high,2070,571.3977325542129,1,1.1118027403072113
TUR.10.4_1,Artvin,Hopa,high,2071,622.7319505608908,1,1.1798433751520636
TUR.10.4_1,Artvin,Hopa,high,2072,645.0856306285624,1,1.1908146841448441
TUR.10.4_1,Artvin,Hopa,high,2073,621.9344166125612,1,1.1251244497646584
TUR.10.4_1,Artvin,Hopa,high,2074,658.4063181678576,1,1.167628440649936
TUR.10.4_1,Artvin,Hopa,high,2075,649.269916046724,1,1.1308960153880834
TUR.10.4_1,Artvin,Hopa,high,2076,583.4474311922659,1,0.9981009864256197
TUR.10.4_1,Artvin,Hopa,high,2077,599.8051149221161,1,1.013004028268516
TUR.10.4_1,Artvin,Hopa,high,2078,789.5965496834383,1,1.3161276860915518
TUR.10.4_1,Artvin,Hopa,high,2079,675.9225938121463,1,1.1134325300574275
TUR.10.4_1,Artvin,Hopa,high,2080,657.3514945036775,1,1.069526126925978
TUR.10.4_1,Artvin,Hopa,high,2081,724.1045665546121,1,1.169104018075231
TUR.10.4_1,Artvin,Hopa,high,2082,645.3260454133638,1,1.0331085382891847
TUR.10.4_1,Artvin,Hopa,high,2083,647.1429605630375,1,1.028187683577582
TUR.10.4_1,Artvin,Hopa,high,2084,676.8246078822078,1,1.0661766930411753
TUR.10.4_1,Artvin,Hopa,high,2085,671.7546590552089,1,1.0536904475104978
TUR.10.4_1,Artvin,Hopa,high,2086,705.1254017621693,1,1.1000834402566562
TUR.10.4_1,Artvin,Hopa,high,2087,753.7252292682942,1,1.1702634086180594
TUR.10.4_1,Artvin,Hopa,high,2088,747.8199960658903,1,1.1540658549525875
TUR.10.4_1,Artvin,Hopa,high,2089,686.3580699513936,1,1.0570689260461616
TUR.10.4_1,Artvin,Hopa,high,2090,786.9284448077871,1,1.2078494297407945
TUR.10.4_1,Artvin,Hopa,high,2091,755.2029769219955,1,1.155656738835535
TUR.10.4_1,Artvin,Hopa,high,2092,796.5749629569796,1,1.2135239698792746
TUR.10.4_1,Artvin,Hopa,high,2093,733.9833352708614,1,1.1174964642455618
TUR.10.4_1,Artvin,Hopa,high,2094,779.462994624362,1,1.184221245531236
TUR.10.4_1,Artvin,Hopa,high,2095,799.5254983337395,1,1.2124106695494006
TUR.10.4_1,Artvin,Hopa,high,2096,767.0068367266673,1,1.159076269507199
TUR.10.4_1,Artvin,Hopa,high,2097,726.6584069796637,1,1.0984293141662225
TUR.10.4_1,Artvin,Hopa,high,2098,722.0114053293016,1,1.0899613920616975
TUR.10.4_1,Artvin,Hopa,high,2099,709.1746667709182,1,1.069325380213923
TUR.10.4_1,Artvin,Hopa,high,2100,853.5706143337177,1,1.285709750649536
TUR.10.4_1,Artvin,Hopa,low,2024,0.6705690518671183,0.14242930049664082,1
TUR.10.4_1,Artvin,Hopa,low,2025,0.6420664219744007,0.13703732263562185,0.9449988234365747
TUR.10.4_1,Artvin,Hopa,low,2026,0.7428754388330352,0.15677727612691694,1.0754719476161918
TUR.10.4_1,Artvin,Hopa,low,2027,0.7202060902218973,0.15237799523807583,1.0238316597676584
TUR.10.4_1,Artvin,Hopa,low,2028,0.6992190150197923,0.14804059421343363,0.9725170934514388
TUR.10.4_1,Artvin,Hopa,low,2029,0.6736498396553946,0.14327104852895,0.9181745453371569
TUR.10.4_1,Artvin,Hopa,low,2030,0.8152824926157491,0.17067644797571013,1.0847160873686814
TUR.10.4_1,Artvin,Hopa,low,2031,0.8007517935334721,0.16790564978621936,1.0376587292610897
TUR.10.4_1,Artvin,Hopa,low,2032,0.7281547838793377,0.15367059847583497,0.9152370533713479
TUR.10.4_1,Artvin,Hopa,low,2033,0.8646336617210987,0.18001831630088716,1.0553152644018373
TUR.10.4_1,Artvin,Hopa,low,2034,0.9103090867554713,0.1885705967006801,1.0742312068379716
TUR.10.4_1,Artvin,Hopa,low,2035,0.9131667783672797,0.1891026970755998,1.0391557392313107
TUR.10.4_1,Artvin,Hopa,low,2036,1.051057805770428,0.21402901983414502,1.1482672966816596
TUR.10.4_1,Artvin,Hopa,low,2037,1.091109147581248,0.22155725685858163,1.1453852768651192
TUR.10.4_1,Artvin,Hopa,low,2038,1.053604124589512,0.21482661008248893,1.0579892266895694
TUR.10.4_1,Artvin,Hopa,low,2039,1.2204572039892356,0.24433050824848768,1.1692041821586598
TUR.10.4_1,Artvin,Hopa,low,2040,1.0880234140285188,0.22065820470810593,0.9900699168911139
TUR.10.4_1,Artvin,Hopa,low,2041,1.3690181069606595,0.2696655893484152,1.1845788803509414
TUR.10.4_1,Artvin,Hopa,low,2042,1.3788026105880116,0.271304075746718,1.1297462283374116
TUR.10.4_1,Artvin,Hopa,low,2043,1.3237120119499228,0.26203059804689455,1.0248067919304436
TUR.10.4_1,Artvin,Hopa,low,2044,1.4916667431973296,0.28950606852751415,1.087041825575943
TUR.10.4_1,Artvin,Hopa,low,2045,1.644834917463033,0.3144716493610733,1.1303356066766037
TUR.10.4_1,Artvin,Hopa,low,2046,1.7758457681126083,0.33478065571499294,1.147014602437371
TUR.10.4_1,Artvin,Hopa,low,2047,1.8789889693172879,0.3503454833100339,1.139285887702081
TUR.10.4_1,Artvin,Hopa,low,2048,2.086199082697125,0.37999253649190223,1.184212195560138
TUR.10.4_1,Artvin,Hopa,low,2049,2.0185379731032027,0.3708260423631461,1.0758752375758727
TUR.10.4_1,Artvin,Hopa,low,2050,2.200772409829645,0.3966022617613909,1.0991322404612933
TUR.10.4_1,Artvin,Hopa,low,2051,2.422526081370422,0.4265481985588725,1.1337337587353757
TUR.10.4_1,Artvin,Hopa,low,2052,2.4999473279720608,0.43607187316396767,1.0947778487361988
TUR.10.4_1,Artvin,Hopa,low,2053,2.7693025598660403,0.4704261081006099,1.1396503117034507
TUR.10.4_1,Artvin,Hopa,low,2054,2.886601466927417,0.48449489819741576,1.1154616886919977
TUR.10.4_1,Artvin,Hopa,low,2055,3.0147266335319136,0.49943544610590196,1.095336792749361
TUR.10.4_1,Artvin,Hopa,low,2056,3.544059389915765,0.5560628838972128,1.2104347724505988
TUR.10.4_1,Artvin,Hopa,low,2057,3.2233308775264433,0.5228398013271447,1.0404761497692954
TUR.10.4_1,Artvin,Hopa,low,2058,3.6847327264732725,0.5707930126126535,1.1244353600889725
TUR.10.4_1,Artvin,Hopa,low,2059,3.7295952691027243,0.575190314663821,1.0783639604526398
TUR.10.4_1,Artvin,Hopa,low,2060,4.07126854699259,0.606579029297713,1.116028608827199
TUR.10.4_1,Artvin,Hopa,low,2061,3.9826625762437247,0.5991646843930001,1.0413830415356982
TUR.10.4_1,Artvin,Hopa,low,2062,4.499433790898952,0.6440010265878358,1.1231728862456545
TUR.10.4_1,Artvin,Hopa,low,2063,5.141973874706872,0.6928195734553397,1.2286595817056196
TUR.10.4_1,Artvin,Hopa,low,2064,4.859639490262931,0.6715988510177566,1.1125368705827523
TUR.10.4_1,Artvin,Hopa,low,2065,5.241493762924802,0.6997573796227012,1.1568999379558504
TUR.10.4_1,Artvin,Hopa,low,2066,5.301726311818285,0.7038800122114968,1.1291904584229049
TUR.10.4_1,Artvin,Hopa,low,2067,5.6835592457084,0.7287294996007362,1.171141680502561
TUR.10.4_1,Artvin,Hopa,low,2068,5.632960285556952,0.7249260210892221,1.1237886625361213
TUR.10.4_1,Artvin,Hopa,low,2069,6.12124246045112,0.7546592626282588,1.189469014524799
TUR.10.4_1,Artvin,Hopa,low,2070,5.871078736263952,0.740158426205076,1.1118027403072113
TUR.10.4_1,Artvin,Hopa,low,2071,6.37915751364124,0.768762662712273,1.1798433751520636
TUR.10.4_1,Artvin,Hopa,low,2072,6.590345254529158,0.7791091900258286,1.1908146841448441
TUR.10.4_1,Artvin,Hopa,low,2073,6.338609659734931,0.7666003504103392,1.1251244497646584
TUR.10.4_1,Artvin,Hopa,low,2074,6.696036917879847,0.7849853448866717,1.167628440649936
TUR.10.4_1,Artvin,Hopa,low,2075,6.590626311556308,0.7797192692848892,1.1308960153880834
TUR.10.4_1,Artvin,Hopa,low,2076,5.9125181309615655,0.7419938946130814,0.9981009864256197
TUR.10.4_1,Artvin,Hopa,low,2077,6.069206702060947,0.751711192751707,1.013004028268516
TUR.10.4_1,Artvin,Hopa,low,2078,7.979040105811601,0.8398360746050285,1.3161276860915518
TUR.10.4_1,Artvin,Hopa,low,2079,6.8222965069060315,0.791127546738854,1.1134325300574275
TUR.10.4_1,Artvin,Hopa,low,2080,6.627914605378761,0.7810025670568579,1.069526126925978
TUR.10.4_1,Artvin,Hopa,low,2081,7.294191639360971,0.8125706242344621,1.169104018075231
TUR.10.4_1,Artvin,Hopa,low,2082,6.495267333746634,0.7748443227014724,1.0331085382891847
TUR.10.4_1,Artvin,Hopa,low,2083,6.5087903070552855,0.7755421550689009,1.028187683577582
TUR.10.4_1,Artvin,Hopa,low,2084,6.802901066361381,0.7896097220043657,1.0661766930411753
TUR.10.4_1,Artvin,Hopa,low,2085,6.748051955448606,0.7875373218611185,1.0536904475104978
TUR.10.4_1,Artvin,Hopa,low,2086,7.079653394759511,0.8031093443904453,1.1000834402566562
TUR.10.4_1,Artvin,Hopa,low,2087,7.564175903314776,0.8238337273818572,1.1702634086180594
TUR.10.4_1,Artvin,Hopa,low,2088,7.501891642551525,0.8207466412534146,1.1540658549525875
TUR.10.4_1,Artvin,Hopa,low,2089,6.882866107143569,0.7940115129097105,1.0570689260461616
TUR.10.4_1,Artvin,Hopa,low,2090,7.888895152448766,0.8364873682093552,1.2078494297407945
TUR.10.4_1,Artvin,Hopa,low,2091,7.568721526253065,0.82401744868358,1.155656738835535
TUR.10.4_1,Artvin,Hopa,low,2092,7.9813647704270565,0.8393969875178577,1.2135239698792746
TUR.10.4_1,Artvin,Hopa,low,2093,7.3525944133618815,0.8150665587193443,1.1174964642455618
TUR.10.4_1,Artvin,Hopa,low,2094,7.80664920741323,0.8333710505115894,1.184221245531236
TUR.10.4_1,Artvin,Hopa,low,2095,8.006189425248513,0.8408311156307215,1.2124106695494006
TUR.10.4_1,Artvin,Hopa,low,2096,7.679371856683446,0.8278901264725986,1.159076269507199
TUR.10.4_1,Artvin,Hopa,low,2097,7.274401419296507,0.8117172392366476,1.0984293141662225
TUR.10.4_1,Artvin,Hopa,low,2098,7.227003052139666,0.8096575174391254,1.0899613920616975
TUR.10.4_1,Artvin,Hopa,low,2099,7.0977480086812,0.803925443127287,1.069325380213923
TUR.10.4_1,Artvin,Hopa,low,2100,8.542112598092986,0.8592554231717671,1.285709750649536
TUR.10.4_1,Artvin,Hopa,main,2024,3.3528452593355915,0.53617978740641,1
TUR.10.4_1,Artvin,Hopa,main,2025,3.4216867349603914,0.5440785803347141,0.9449988234365747
TUR.10.4_1,Artvin,Hopa,main,2026,4.225154055383475,0.6208667645986999,1.0754719476161918
TUR.10.4_1,Artvin,Hopa,main,2027,4.376189498461823,0.6337859155600378,1.0238316597676584
TUR.10.4_1,Artvin,Hopa,main,2028,4.542298402643304,0.6468297581464675,0.9725170934514388
TUR.10.4_1,Artvin,Hopa,main,2029,4.680466716010079,0.6584915415796839,0.9181745453371569
TUR.10.4_1,Artvin,Hopa,main,2030,6.058729064106053,0.751113314447181,1.0847160873686814
TUR.10.4_1,Artvin,Hopa,main,2031,6.363145889982075,0.7679112079460253,1.0376587292610897
TUR.10.4_1,Artvin,Hopa,main,2032,6.183554825317972,0.7575297732723103,0.9152370533713479
TUR.10.4_1,Artvin,Hopa,main,2033,7.8395126384663225,0.8346233153903518,1.0553152644018373
TUR.10.4_1,Artvin,Hopa,main,2034,8.801525954545026,0.8673917339288036,1.0742312068379716
TUR.10.4_1,Artvin,Hopa,main,2035,9.401063674888832,0.8844413867839959,1.0391557392313107
TUR.10.4_1,Artvin,Hopa,main,2036,11.501184436509662,0.9283052587860691,1.1482672966816596
TUR.10.4_1,Artvin,Hopa,main,2037,12.664893822974248,0.9453702597554335,1.1453852768651192
TUR.10.4_1,Artvin,Hopa,main,2038,12.94393357948748,0.9487597199406972,1.0579892266895694
TUR.10.4_1,Artvin,Hopa,main,2039,15.831730891857847,0.973592624074775,1.1692041821586598
TUR.10.4_1,Artvin,Hopa,main,2040,14.86485414962455,0.966828905418971,0.9900699168911139
TUR.10.4_1,Artvin,Hopa,main,2041,19.647191299790176,0.9890008351649162,1.1845788803509414
TUR.10.4_1,Artvin,Hopa,main,2042,20.729178902936894,0.9914198334682317,1.1297462283374116
TUR.10.4_1,Artvin,Hopa,main,2043,20.79045679287431,0.991539678099501,1.0248067919304436
TUR.10.4_1,Artvin,Hopa,main,2044,24.407892313341492,0.9962751625995225,1.087041825575943
TUR.10.4_1,Artvin,Hopa,main,2045,27.962402519475372,0.9983691601513061,1.1303356066766037
TUR.10.4_1,Artvin,Hopa,main,2046,31.280710172564277,0.9992386098858567,1.147014602437371
TUR.10.4_1,Artvin,Hopa,main,2047,34.203461380458236,0.9996107430172146,1.139285887702081
TUR.10.4_1,Artvin,Hopa,main,2048,39.14439615817196,0.9998727553317599,1.184212195560138
TUR.10.4_1,Artvin,Hopa,main,2049,38.94552413532183,0.9998689318013738,1.0758752375758727
TUR.10.4_1,Artvin,Hopa,main,2050,43.560404258810635,0.9999545601214374,1.0991322404612933
TUR.10.4_1,Artvin,Hopa,main,2051,49.08233694135179,0.9999872075897225,1.1337337587353757
TUR.10.4_1,Artvin,Hopa,main,2052,51.74025183852485,0.9999929010630321,1.0947778487361988
TUR.10.4_1,Artvin,Hopa,main,2053,58.43435500958868,0.9999985049900367,1.1396503117034507
TUR.10.4_1,Artvin,Hopa,main,2054,61.98729591460143,0.9999993386227131,1.1154616886919977
TUR.10.4_1,Artvin,Hopa,main,2055,65.77450402107745,0.9999997227316949,1.095336792749361
TUR.10.4_1,Artvin,Hopa,main,2056,78.43983677639162,0.9999999843595818,1.2104347724505988
TUR.10.4_1,Artvin,Hopa,main,2057,72.2692231422352,0.9999999375636105,1.0404761497692954
TUR.10.4_1,Artvin,Hopa,main,2058,83.5807197215755,0.9999999953464124,1.1244353600889725
TUR.10.4_1,Artvin,Hopa,main,2059,85.48728651198816,0.9999999969958535,1.0783639604526398
TUR.10.4_1,Artvin,Hopa,main,2060,94.1984383108464,0.9999999995772642,1.116028608827199
TUR.10.4_1,Artvin,Hopa,main,2061,92.92642943668336,0.9999999994553613,1.0413830415356982
TUR.10.4_1,Artvin,Hopa,main,2062,105.77747234773899,0.9999999999714911,1.1231728862456545
TUR.10.4_1,Artvin,Hopa,main,2063,121.69973444920937,0.9999999999992626,1.2286595817056196
TUR.10.4_1,Artvin,Hopa,main,2064,115.71167957996008,0.9999999999969434,1.1125368705827523
TUR.10.4_1,Artvin,Hopa,main,2065,125.47630639161257,0.9999999999996901,1.1568999379558504
TUR.10.4_1,Artvin,Hopa,main,2066,127.52814669530511,0.9999999999998065,1.1291904584229049
TUR.10.4_1,Artvin,Hopa,main,2067,137.29846632644055,0.9999999999999795,1.171141680502561
TUR.10.4_1,Artvin,Hopa,main,2068,136.59552115269784,0.9999999999999745,1.1237886625361213
TUR.10.4_1,Artvin,Hopa,main,2069,148.94055831372359,0.9999999999999986,1.189469014524799
TUR.10.4_1,Artvin,Hopa,main,2070,143.28582594611385,0.9999999999999948,1.1118027403072113
TUR.10.4_1,Artvin,Hopa,main,2071,156.10475988475696,0.9999999999999998,1.1798433751520636
TUR.10.4_1,Artvin,Hopa,main,2072,161.65887695781709,0.9999999999999999,1.1908146841448441
TUR.10.4_1,Artvin,Hopa,main,2073,155.81489719094398,0.9999999999999997,1.1251244497646584
TUR.10.4_1,Artvin,Hopa,main,2074,164.9126176980791,1,1.167628440649936
TUR.10.4_1,Artvin,Hopa,main,2075,162.58949887581727,0.9999999999999999,1.1308960153880834
TUR.10.4_1,Artvin,Hopa,main,2076,146.07864618428565,0.9999999999999971,0.9981009864256197
TUR.10.4_1,Artvin,Hopa,main,2077,150.14893304397287,0.9999999999999989,1.013004028268516
TUR.10.4_1,Artvin,Hopa,main,2078,197.62990022357408,1,1.3161276860915518
TUR.10.4_1,Artvin,Hopa,main,2079,169.15584447743817,1,1.1134325300574275
TUR.10.4_1,Artvin,Hopa,main,2080,164.488983793536,1,1.069526126925978
TUR.10.4_1,Artvin,Hopa,main,2081,181.17376934369426,1,1.169104018075231
TUR.10.4_1,Artvin,Hopa,main,2082,161.4481971300437,0.9999999999999999,1.0331085382891847
TUR.10.4_1,Artvin,Hopa,main,2083,161.88951986693968,0.9999999999999999,1.028187683577582
TUR.10.4_1,Artvin,Hopa,main,2084,169.3024158248278,1,1.0661766930411753
TUR.10.4_1,Artvin,Hopa,main,2085,168.02340188851474,1,1.0536904475104978
TUR.10.4_1,Artvin,Hopa,main,2086,176.36023759925848,1,1.1000834402566562
TUR.10.4_1,Artvin,Hopa,main,2087,188.50609512438422,1,1.1702634086180594
TUR.10.4_1,Artvin,Hopa,main,2088,187.0208092439521,1,1.1540658549525875
TUR.10.4_1,Artvin,Hopa,main,2089,171.64308806459738,1,1.0570689260461616
TUR.10.4_1,Artvin,Hopa,main,2090,196.78658538075476,1,1.2078494297407945
TUR.10.4_1,Artvin,Hopa,main,2091,188.84711022225753,1,1.155656738835535
TUR.10.4_1,Artvin,Hopa,main,2092,199.18711613051505,1,1.2135239698792746
TUR.10.4_1,Artvin,Hopa,main,2093,183.53128120841887,1,1.1174964642455618
TUR.10.4_1,Artvin,Hopa,main,2094,194.89913549267274,1,1.184221245531236
TUR.10.4_1,Artvin,Hopa,main,2095,199.911748033188,1,1.2124106695494006
TUR.10.4_1,Artvin,Hopa,main,2096,191.77755220782456,1,1.159076269507199
TUR.10.4_1,Artvin,Hopa,main,2097,181.6863166046378,1,1.0984293141662225
TUR.10.4_1,Artvin,Hopa,main,2098,180.52198744023278,1,1.0899613920616975
TUR.10.4_1,Artvin,Hopa,main,2099,177.31033708431846,1,1.069325380213923
TUR.10.4_1,Artvin,Hopa,main,2100,213.41044929108446,1,1.285709750649536
TUR.39.3_1,Isparta,Eğirdir,high,2024,4.963148450594318,0.6792961136905742,1
TUR.39.3_1,Isparta,Eğirdir,high,2025,5.456133008567361,0.7141917067054628,0.9449988234365747
TUR.39.3_1,Isparta,Eğirdir,high,2026,7.1995250811175255,0.8084531454207364,1.0754719476161918
TUR.39.3_1,Isparta,Eğirdir,high,2027,7.912299213920049,0.8373634534771297,1.0238316597676584
TUR.39.3_1,Isparta,Eğirdir,high,2028,8.659713486182522,0.8625168586363285,0.9725170934514388
TUR.39.3_1,Isparta,Eğirdir,high,2029,9.356460447212807,0.8832521627834355,0.9181745453371569
TUR.39.3_1,Isparta,Eğirdir,high,2030,12.636591595701821,0.9450141932312952,1.0847160873686814
TUR.39.3_1,Isparta,Eğirdir,high,2031,13.784925496003181,0.957755273185576,1.0376587292610897
TUR.39.3_1,Isparta,Eğirdir,high,2032,13.858423472674554,0.9582253971202326,0.9152370533713479
TUR.39.3_1,Isparta,Eğirdir,high,2033,18.11113664627726,0.984350880008131,1.0553152644018373
TUR.39.3_1,Isparta,Eğirdir,high,2034,20.892668698324357,0.991735866555308,1.0742312068379716
TUR.39.3_1,Isparta,Eğirdir,high,2035,22.86306783948736,0.994742648085215,1.0391557392313107
TUR.39.3_1,Isparta,Eğirdir,high,2036,28.582058206561726,0.9985687178895217,1.1482672966816596
TUR.39.3_1,Isparta,Eğirdir,high,2037,32.08739765953463,0.9993673142192574,1.1453852768651192
TUR.39.3_1,Isparta,Eğirdir,high,2038,33.36376259822713,0.999527995121435,1.0579892266895694
TUR.39.3_1,Isparta,Eğirdir,high,2039,41.43826181979732,0.9999260403554718,1.1692041821586598
TUR.39.3_1,Isparta,Eğirdir,high,2040,39.44319798666703,0.9998811757590597,0.9900699168911139
TUR.39.3_1,Isparta,Eğirdir,high,2041,52.771697347364885,0.9999945152374943,1.1845788803509414
TUR.39.3_1,Isparta,Eğirdir,high,2042,56.284872995229975,0.9999975513470375,1.1297462283374116
TUR.39.3_1,Isparta,Eğirdir,high,2043,56.9986512284825,0.9999979214031809,1.0248067919304436
TUR.39.3_1,Isparta,Eğirdir,high,2044,67.49311249916612,0.9999998078743759,1.087041825575943
TUR.39.3_1,Isparta,Eğirdir,high,2045,77.91479437822879,0.9999999829145116,1.1303356066766037
TUR.39.3_1,Isparta,Eğirdir,high,2046,87.75476712268002,0.9999999982148504,1.147014602437371
TUR.39.3_1,Isparta,Eğirdir,high,2047,96.53511251375474,0.9999999997621206,1.139285887702081
TUR.39.3_1,Isparta,Eğirdir,high,2048,111.07447805010982,0.9999999999911552,1.184212195560138
TUR.39.3_1,Isparta,Eğirdir,high,2049,111.03809260507971,0.9999999999914779,1.0758752375758727
TUR.39.3_1,Isparta,Eğirdir,high,2050,124.72255967398506,0.9999999999996316,1.0991322404612933
TUR.39.3_1,Isparta,Eğirdir,high,2051,141.06246041541962,0.9999999999999913,1.1337337587353757
TUR.39.3_1,Isparta,Eğirdir,high,2052,149.1987073110053,0.9999999999999986,1.0947778487361988
TUR.39.3_1,Isparta,Eğirdir,high,2053,169.0022755825272,1,1.1396503117034507
TUR.39.3_1,Isparta,Eğirdir,high,2054,179.7505841055336,1,1.1154616886919977
TUR.39.3_1,Isparta,Eğirdir,high,2055,191.1789879687873,1,1.095336792749361
TUR.39.3_1,Isparta,Eğirdir,high,2056,228.4652608837429,1,1.2104347724505988
TUR.39.3_1,Isparta,Eğirdir,high,2057,210.8805347218063,1,1.0404761497692954
TUR.39.3_1,Isparta,Eğirdir,high,2058,244.28616106669293,1,1.1244353600889725
TUR.39.3_1,Isparta,Eğirdir,high,2059,250.22117099676396,1,1.0783639604526398
TUR.39.3_1,Isparta,Eğirdir,high,2060,276.0737118365885,1,1.116028608827199
TUR.39.3_1,Isparta,Eğirdir,high,2061,272.65688212546354,1,1.0413830415356982
TUR.39.3_1,Isparta,Eğirdir,high,2062,310.6779029032455,1,1.1231728862456545
TUR.39.3_1,Isparta,Eğirdir,high,2063,357.76443388887634,1,1.2286595817056196
TUR.39.3_1,Isparta,Eğirdir,high,2064,340.43253048513895,1,1.1125368705827523
TUR.39.3_1,Isparta,Eğirdir,high,2065,369.42206144787576,1,1.1568999379558504
TUR.39.3_1,Isparta,Eğirdir,high,2066,375.69872415248176,1,1.1291904584229049
TUR.39.3_1,Isparta,Eğirdir,high,2067,404.70741320642117,1,1.171141680502561
TUR.39.3_1,Isparta,Eğirdir,high,2068,402.8342923538898,1,1.1237886625361213
TUR.39.3_1,Isparta,Eğirdir,high,2069,439.4335690550209,1,1.189469014524799
TUR.39.3_1,Isparta,Eğirdir,high,2070,422.91420445116563,1,1.1118027403072113
TUR.39.3_1,Isparta,Eğirdir,high,2071,460.9087023858544,1,1.1798433751520636
TUR.39.3_1,Isparta,Eğirdir,high,2072,477.45355071788424,1,1.1908146841448441
TUR.39.3_1,Isparta,Eğirdir,high,2073,460.3184157675074,1,1.1251244497646584
TUR.39.3_1,Isparta,Eğirdir,high,2074,487.31272175141504,1,1.167628440649936
TUR.39.3_1,Isparta,Eğirdir,high,2075,480.5505068974409,1,1.1308960153880834
TUR.39.3_1,Isparta,Eğirdir,high,2076,431.83266601139763,1,0.9981009864256197
TUR.39.3_1,Isparta,Eğirdir,high,2077,443.93963880309843,1,1.013004028268516
TUR.39.3_1,Isparta,Eğirdir,high,2078,584.4118336872713,1,1.3161276860915518
TUR.39.3_1,Isparta,Eğirdir,high,2079,500.27721453289246,1,1.1134325300574275
TUR.39.3_1,Isparta,Eğirdir,high,2080,486.53200477380483,1,1.069526126925978
TUR.39.3_1,Isparta,Eğirdir,high,2081,535.9386102828911,1,1.169104018075231
TUR.39.3_1,Isparta,Eğirdir,high,2082,477.63149126902726,1,1.0331085382891847
TUR.39.3_1,Isparta,Eğirdir,high,2083,478.9762624875701,1,1.028187683577582
TUR.39.3_1,Isparta,Eğirdir,high,2084,500.9448310478172,1,1.0661766930411753
TUR.39.3_1,Isparta,Eğirdir,high,2085,497.19236012849143,1,1.0536904475104978
TUR.39.3_1,Isparta,Eğirdir,high,2086,521.8913750174239,1,1.1000834402566562
TUR.39.3_1,Isparta,Eğirdir,high,2087,557.8620417093268,1,1.1702634086180594
TUR.39.3_1,Isparta,Eğirdir,high,2088,553.4913435780453,1,1.1540658549525875
TUR.39.3_1,Isparta,Eğirdir,high,2089,508.00092577299637,1,1.0570689260461616
TUR.39.3_1,Isparta,Eğirdir,high,2090,582.4370630737542,1,1.2078494297407945
TUR.39.3_1,Isparta,Eğirdir,high,2091,558.9557815646654,1,1.155656738835535
TUR.39.3_1,Isparta,Eğirdir,high,2092,589.576835103568,1,1.2135239698792746
TUR.39.3_1,Isparta,Eğirdir,high,2093,543.2502802013453,1,1.1174964642455618
TUR.39.3_1,Isparta,Eğirdir,high,2094,576.9115862555672,1,1.184221245531236
TUR.39.3_1,Isparta,Eğirdir,high,2095,591.7606437721629,1,1.2124106695494006
TUR.39.3_1,Isparta,Eğirdir,high,2096,567.6922880195142,1,1.159076269507199
TUR.39.3_1,Isparta,Eğirdir,high,2097,537.8288092286025,1,1.0984293141662225
TUR.39.3_1,Isparta,Eğirdir,high,2098,534.3893783487125,1,1.0899613920616975
TUR.39.3_1,Isparta,Eğirdir,high,2099,524.8883972179356,1,1.069325380213923
TUR.39.3_1,Isparta,Eğirdir,high,2100,631.7615852099788,1,1.285709750649536
TUR.39.3_1,Isparta,Eğirdir,low,2024,0.4963148450594318,0.10749548401574449,1
TUR.39.3_1,Isparta,Eğirdir,low,2025,0.4752189142233726,0.10334548162921298,0.9449988234365747
TUR.39.3_1,Isparta,Eğirdir,low,2026,0.5498316799683409,0.11857178193554241,1.0754719476161918
TUR.39.3_1,Isparta,Eğirdir,low,2027,0.5330531927831544,0.11517047169778061,1.0238316597676584
TUR.39.3_1,Isparta,Eğirdir,low,2028,0.5175198231052955,0.1118214921504761,0.9725170934514388
TUR.39.3_1,Isparta,Eğirdir,low,2029,0.49859505872205434,0.10814395681434774,0.9181745453371569
TUR.39.3_1,Isparta,Eğirdir,low,2030,0.6034230223950696,0.1293484112951857,1.0847160873686814
TUR.39.3_1,Isparta,Eğirdir,low,2031,0.5926682736580899,0.12719636927055333,1.0376587292610897
TUR.39.3_1,Isparta,Eğirdir,low,2032,0.5389363373303608,0.11616937277467043,0.9152370533713479
TUR.39.3_1,Isparta,Eğirdir,low,2033,0.6399497869092142,0.1366179371394345,1.0553152644018373
TUR.39.3_1,Isparta,Eğirdir,low,2034,0.6737559869356516,0.1432919230693368,1.0742312068379716
TUR.39.3_1,Isparta,Eğirdir,low,2035,0.6758710782384686,0.14370776325533852,1.0391557392313107
TUR.39.3_1,Isparta,Eğirdir,low,2036,0.777929715913625,0.16326835167508724,1.1482672966816596
TUR.39.3_1,Isparta,Eğirdir,low,2037,0.8075733080983692,0.16920756681221405,1.1453852768651192
TUR.39.3_1,Isparta,Eğirdir,low,2038,0.7798143478193876,0.16389688826126048,1.0579892266895694
TUR.39.3_1,Isparta,Eğirdir,low,2039,0.903308952915438,0.18726570053875002,1.1692041821586598
TUR.39.3_1,Isparta,Eğirdir,low,2040,0.8052894338786254,0.16849749976632522,0.9900699168911139
TUR.39.3_1,Isparta,Eğirdir,low,2041,1.0132647901776126,0.20752234581918372,1.1845788803509414
TUR.39.3_1,Isparta,Eğirdir,low,2042,1.0205066907518656,0.20883862665119723,1.1297462283374116
TUR.39.3_1,Isparta,Eğirdir,low,2043,0.9797319460016222,0.2013988441382718,1.0248067919304436
TUR.39.3_1,Isparta,Eğirdir,low,2044,1.1040419274777338,0.2235134744039421,1.087041825575943
TUR.39.3_1,Isparta,Eğirdir,low,2045,1.217407789601927,0.2438013686779099,1.1303356066766037
TUR.39.3_1,Isparta,Eğirdir,low,2046,1.3143741346191935,0.26044708388853555,1.147014602437371
TUR.39.3_1,Isparta,Eğirdir,low,2047,1.3907145231031204,0.2732938514189296,1.139285887702081
TUR.39.3_1,Isparta,Eğirdir,low,2048,1.5440789753254704,0.2979877417519309,1.184212195560138
TUR.39.3_1,Isparta,Eğirdir,low,2049,1.4940002950894025,0.2903205753567005,1.0758752375758727
TUR.39.3_1,Isparta,Eğirdir,low,2050,1.6288792549467679,0.31195625711311514,1.0991322404612933
TUR.39.3_1,Isparta,Eğirdir,low,2051,1.793007973422029,0.33739614344604896,1.1337337587353757
TUR.39.3_1,Isparta,Eğirdir,low,2052,1.8503105195273253,0.3455585468338278,1.0947778487361988
TUR.39.3_1,Isparta,Eğirdir,low,2053,2.0496710474419046,0.37530639020113266,1.1396503117034507
TUR.39.3_1,Isparta,Eğirdir,low,2054,2.136488637251201,0.3876324543873435,1.1154616886919977
TUR.39.3_1,Isparta,Eğirdir,low,2055,2.231319172651641,0.40081842140197843,1.095336792749361
TUR.39.3_1,Isparta,Eğirdir,low,2056,2.6230994139825423,0.45176270914176264,1.2104347724505988
TUR.39.3_1,Isparta,Eğirdir,low,2057,2.385715476430661,0.4216821560076319,1.0404761497692954
TUR.39.3_1,Isparta,Eğirdir,low,2058,2.7272173494034098,0.46528537085237587,1.1244353600889725
TUR.39.3_1,Isparta,Eğirdir,low,2059,2.7604219028078822,0.46934545999022437,1.0783639604526398
TUR.39.3_1,Isparta,Eğirdir,low,2060,3.0133078949434995,0.49865358409252136,1.116028608827199
TUR.39.3_1,Isparta,Eğirdir,low,2061,2.9477270893260665,0.49167751832524265,1.0413830415356982
TUR.39.3_1,Isparta,Eğirdir,low,2062,3.3302100336531923,0.5344038681792539,1.1231728862456545
TUR.39.3_1,Isparta,Eğirdir,low,2063,3.805779523852088,0.5825547192364738,1.2286595817056196
TUR.39.3_1,Isparta,Eğirdir,low,2064,3.596812608543248,0.5613967485873208,1.1125368705827523
TUR.39.3_1,Isparta,Eğirdir,low,2065,3.879438154180588,0.5895535699491345,1.1568999379558504
TUR.39.3_1,Isparta,Eğirdir,low,2066,3.9240186609730903,0.5937323657420435,1.1291904584229049
TUR.39.3_1,Isparta,Eğirdir,low,2067,4.206628412936135,0.6192510718462392,1.171141680502561
TUR.39.3_1,Isparta,Eğirdir,low,2068,4.169178108604599,0.6153070112271708,1.1237886625361213
TUR.39.3_1,Isparta,Eğirdir,low,2069,4.530575180693013,0.6465367700102489,1.189469014524799
TUR.39.3_1,Isparta,Eğirdir,low,2070,4.345419051486429,0.6311901025091471,1.1118027403072113
TUR.39.3_1,Isparta,Eğirdir,low,2071,4.721468377010574,0.6616906626542041,1.1798433751520636
TUR.39.3_1,Isparta,Eğirdir,low,2072,4.877776829667897,0.672960828257237,1.1908146841448441
TUR.39.3_1,Isparta,Eğirdir,low,2073,4.691457296461944,0.6593520285121368,1.1251244497646584
TUR.39.3_1,Isparta,Eğirdir,low,2074,4.956003436419151,0.6794224956259625,1.167628440649936
TUR.39.3_1,Isparta,Eğirdir,low,2075,4.877984851160233,0.6736296003590396,1.1308960153880834
TUR.39.3_1,Isparta,Eğirdir,low,2076,4.3760899968595215,0.6331200886990412,0.9981009864256197
TUR.39.3_1,Isparta,Eğirdir,low,2077,4.492061444798017,0.6433980618868271,1.013004028268516
TUR.39.3_1,Isparta,Eğirdir,low,2078,5.905605161485477,0.7422096370697657,1.3161276860915518
TUR.39.3_1,Isparta,Eğirdir,low,2079,5.049453183600769,0.6862259796459642,1.1134325300574275
TUR.39.3_1,Isparta,Eğirdir,low,2080,4.905583401554844,0.6750379317861339,1.069526126925978
TUR.39.3_1,Isparta,Eğirdir,low,2081,5.398721553348146,0.710400232424576,1.169104018075231
TUR.39.3_1,Isparta,Eğirdir,low,2082,4.807405876236091,0.6682989673011642,1.0331085382891847
TUR.39.3_1,Isparta,Eğirdir,low,2083,4.817414767018835,0.669060176226607,1.028187683577582
TUR.39.3_1,Isparta,Eğirdir,low,2084,5.035097846082619,0.6845399616503371,1.0661766930411753
TUR.39.3_1,Isparta,Eğirdir,low,2085,4.994501836009498,0.682243008375348,1.0536904475104978
TUR.39.3_1,Isparta,Eğirdir,low,2086,5.239933259536764,0.6996498112143945,1.1000834402566562
TUR.39.3_1,Isparta,Eğirdir,low,2087,5.598547652926734,0.7233839182948316,1.1702634086180594
TUR.39.3_1,Isparta,Eğirdir,low,2088,5.552448592517843,0.7198043188369772,1.1540658549525875
TUR.39.3_1,Isparta,Eğirdir,low,2089,5.094283155508213,0.6894383284848851,1.0570689260461616
TUR.39.3_1,Isparta,Eğirdir,low,2090,5.838885293581358,0.738231115923832,1.2078494297407945
TUR.39.3_1,Isparta,Eğirdir,low,2091,5.601912049386776,0.7235974620141751,1.155656738835535
TUR.39.3_1,Isparta,Eğirdir,low,2092,5.907325738292926,0.741686745244178,1.2135239698792746
TUR.39.3_1,Isparta,Eğirdir,low,2093,5.441947770914547,0.7132595507025984,1.1174964642455618
TUR.39.3_1,Isparta,Eğirdir,low,2094,5.778011796134046,0.7345476728211181,1.184221245531236
TUR.39.3_1,Isparta,Eğirdir,low,2095,5.92569945338917,0.743395974033846,1.2124106695494006
TUR.39.3_1,Isparta,Eğirdir,low,2096,5.683808763006975,0.7281123721549501,1.159076269507199
TUR.39.3_1,Isparta,Eğirdir,low,2097,5.384074023794497,0.709424877220193,1.0984293141662225
TUR.39.3_1,Isparta,Eğirdir,low,2098,5.348992605727235,0.707075486299363,1.0899613920616975
TUR.39.3_1,Isparta,Eğirdir,low,2099,5.253325803496178,0.7005717317823394,1.069325380213923
TUR.39.3_1,Isparta,Eğirdir,low,2100,6.322357524252201,0.7657280001864684,1.285709750649536
TUR.39.3_1,Isparta,Eğirdir,main,2024,2.481574225297159,0.4336927633259259,1
TUR.39.3_1,Isparta,Eğirdir,main,2025,2.532526541413226,0.44084667791720344,0.9449988234365747
TUR.39.3_1,Isparta,Eğirdir,main,2026,3.127204684604841,0.5121940552993973,1.0754719476161918
TUR.39.3_1,Isparta,Eğirdir,main,2027,3.2389920274909954,0.5245520914706869,1.0238316597676584
TUR.39.3_1,Isparta,Eğirdir,main,2028,3.3619358388886025,0.5371449105800201,0.9725170934514388
TUR.39.3_1,Isparta,Eğirdir,main,2029,3.4641997069418857,0.5485061358254797,0.9181745453371569
TUR.39.3_1,Isparta,Eğirdir,main,2030,4.484306527920042,0.6427627055752526,1.0847160873686814
TUR.39.3_1,Isparta,Eğirdir,main,2031,4.709617537050957,0.6607691021388382,1.0376587292610897
TUR.39.3_1,Isparta,Eğirdir,main,2032,4.576695042067569,0.6496023345801362,0.9152370533713479
TUR.39.3_1,Isparta,Eğirdir,main,2033,5.802335329476097,0.7360256619808161,1.0553152644018373
TUR.39.3_1,Isparta,Eğirdir,main,2034,6.51435967444889,0.7758289245814926,1.0742312068379716
TUR.39.3_1,Isparta,Eğirdir,main,2035,6.958101403881827,0.7975383853781104,1.0391557392313107
TUR.39.3_1,Isparta,Eğirdir,main,2036,8.512484367884896,0.8577996719484295,1.1482672966816596
TUR.39.3_1,Isparta,Eğirdir,main,2037,9.373792002392056,0.8837157086006471,1.1453852768651192
TUR.39.3_1,Isparta,Eğirdir,main,2038,9.580320432437661,0.8890998566174704,1.0579892266895694
TUR.39.3_1,Isparta,Eğirdir,main,2039,11.717694162497844,0.9321021475692391,1.1692041821586598
TUR.39.3_1,Isparta,Eğirdir,main,2040,11.002070202255522,0.9196186207912062,0.9900699168911139
TUR.39.3_1,Isparta,Eğirdir,main,2041,14.54166827213001,0.9644914968963519,1.1845788803509414
TUR.39.3_1,Isparta,Eğirdir,main,2042,15.342490362139621,0.9704540519484788,1.1297462283374116
TUR.39.3_1,Isparta,Eğirdir,main,2043,15.38784456744506,0.970760055634285,1.0248067919304436
TUR.39.3_1,Isparta,Eğirdir,main,2044,18.065252576141734,0.9840676494619617,1.087041825575943
TUR.39.3_1,Isparta,Eğirdir,main,2045,20.696087055167308,0.9913544094595557,1.1303356066766037
TUR.39.3_1,Isparta,Eğirdir,main,2046,23.15209862342666,0.9950801326167317,1.147014602437371
TUR.39.3_1,Isparta,Eğirdir,main,2047,25.3153431227875,0.997005679702731,1.139285887702081
TUR.39.3_1,Isparta,Eğirdir,main,2048,28.972325609261816,0.9986911534835211,1.184212195560138
TUR.39.3_1,Isparta,Eğirdir,main,2049,28.825132509710492,0.9986621567115153,1.0758752375758727
TUR.39.3_1,Isparta,Eğirdir,main,2050,32.24078896907103,0.9993892036932823,1.0991322404612933
TUR.39.3_1,Isparta,Eğirdir,main,2051,36.327791129598886,0.9997609654354942,1.1337337587353757
TUR.39.3_1,Isparta,Eğirdir,main,2052,38.295019734465974,0.9998454164612425,1.0947778487361988
TUR.39.3_1,Isparta,Eğirdir,main,2053,43.24959192790023,0.9999511997294418,1.1396503117034507
TUR.39.3_1,Isparta,Eğirdir,main,2054,45.87926490470525,0.9999733149173108,1.1154616886919977
TUR.39.3_1,Isparta,Eğirdir,main,2055,48.68232836154063,0.9999859773699986,1.095336792749361
TUR.39.3_1,Isparta,Eğirdir,main,2056,58.056445235227706,0.9999983302458547,1.2104347724505988
TUR.39.3_1,Isparta,Eğirdir,main,2057,53.4893284838199,0.9999953482459067,1.0404761497692954
TUR.39.3_1,Isparta,Eğirdir,main,2058,61.861417318719006,0.9999993192334801,1.1244353600889725
TUR.39.3_1,Isparta,Eğirdir,main,2059,63.27254328485834,0.9999995075952942,1.0783639604526398
TUR.39.3_1,Isparta,Eğirdir,main,2060,69.7200134496405,0.9999998846598264,1.116028608827199
TUR.39.3_1,Isparta,Eğirdir,main,2061,68.77854905378653,0.9999998608685934,1.0413830415356982
TUR.39.3_1,Isparta,Eğirdir,main,2062,78.29011740531344,0.9999999843248675,1.1231728862456545
TUR.39.3_1,Isparta,Eğirdir,main,2063,90.07481731933945,0.9999999989519369,1.2286595817056196
TUR.39.3_1,Isparta,Eğirdir,main,2064,85.64281957598435,0.9999999969976532,1.1125368705827523
TUR.39.3_1,Isparta,Eğirdir,main,2065,92.87000852780736,0.9999999994482617,1.1568999379558504
TUR.39.3_1,Isparta,Eğirdir,main,2066,94.38865720325454,0.9999999996106519,1.1291904584229049
TUR.39.3_1,Isparta,Eğirdir,main,2067,101.62005963736064,0.9999999999259653,1.171141680502561
TUR.39.3_1,Isparta,Eğirdir,main,2068,101.09978193587713,0.9999999999130442,1.1237886625361213
TUR.39.3_1,Isparta,Eğirdir,main,2069,110.2368352919297,0.9999999999897571,1.189469014524799
TUR.39.3_1,Isparta,Eğirdir,main,2070,106.05154279883246,0.9999999999732294,1.1118027403072113
TUR.39.3_1,Isparta,Eğirdir,main,2071,115.53934602188589,0.9999999999969674,1.1798433751520636
TUR.39.3_1,Isparta,Eğirdir,main,2072,119.65016913082955,0.9999999999987603,1.1908146841448441
TUR.39.3_1,Isparta,Eğirdir,main,2073,115.32480710517372,0.9999999999968143,1.1251244497646584
TUR.39.3_1,Isparta,Eğirdir,main,2074,122.05839215703435,0.9999999999993209,1.167628440649936
TUR.39.3_1,Isparta,Eğirdir,main,2075,120.33895945265417,0.9999999999989923,1.1308960153880834
TUR.39.3_1,Isparta,Eğirdir,main,2076,108.11862021603147,0.9999999999825885,0.9981009864256197
TUR.39.3_1,Isparta,Eğirdir,main,2077,111.13120152512748,0.9999999999916581,1.013004028268516
TUR.39.3_1,Isparta,Eğirdir,main,2078,146.2737551568533,0.9999999999999973,1.3161276860915518
TUR.39.3_1,Isparta,Eğirdir,main,2079,125.19897318397823,0.9999999999996697,1.1134325300574275
TUR.39.3_1,Isparta,Eğirdir,main,2080,121.74484384294229,0.999999999999233,1.069526126925978
TUR.39.3_1,Isparta,Eğirdir,main,2081,134.09391771105396,0.9999999999999571,1.169104018075231
TUR.39.3_1,Isparta,Eğirdir,main,2082,119.4942366048841,0.9999999999987766,1.0331085382891847
TUR.39.3_1,Isparta,Eğirdir,main,2083,119.82087712784569,0.999999999998865,1.028187683577582
TUR.39.3_1,Isparta,Eğirdir,main,2084,125.30745647196666,0.9999999999996609,1.0661766930411753
TUR.39.3_1,Isparta,Eğirdir,main,2085,124.36080735080225,0.9999999999995997,1.0536904475104978
TUR.39.3_1,Isparta,Eğirdir,main,2086,130.531231280363,0.9999999999999029,1.1000834402566562
TUR.39.3_1,Isparta,Eğirdir,main,2087,139.52086386020244,0.9999999999999877,1.1702634086180594
TUR.39.3_1,Isparta,Eğirdir,main,2088,138.4215446632263,0.9999999999999832,1.1540658549525875
TUR.39.3_1,Isparta,Eğirdir,main,2089,127.03988115929978,0.9999999999997836,1.0570689260461616
TUR.39.3_1,Isparta,Eğirdir,main,2090,145.64958427633803,0.999999999999997,1.2078494297407945
TUR.39.3_1,Isparta,Eğirdir,main,2091,139.77326270711112,0.9999999999999883,1.155656738835535
TUR.39.3_1,Isparta,Eğirdir,main,2092,147.42631262938434,0.9999999999999979,1.2135239698792746
TUR.39.3_1,Isparta,Eğirdir,main,2093,135.8388060750616,0.9999999999999712,1.1174964642455618
TUR.39.3_1,Isparta,Eğirdir,main,2094,144.25260749049835,0.9999999999999959,1.184221245531236
TUR.39.3_1,Isparta,Eğirdir,main,2095,147.9626415421172,0.9999999999999982,1.2124106695494006
TUR.39.3_1,Isparta,Eğirdir,main,2096,141.94219945713365,0.9999999999999925,1.159076269507199
TUR.39.3_1,Isparta,Eğirdir,main,2097,134.4732743391186,0.9999999999999607,1.0984293141662225
TUR.39.3_1,Isparta,Eğirdir,main,2098,133.61150798228954,0.9999999999999521,1.0899613920616975
TUR.39.3_1,Isparta,Eğirdir,main,2099,131.23443772480837,0.9999999999999174,1.069325380213923
TUR.39.3_1,Isparta,Eğirdir,main,2100,157.95356761402917,0.9999999999999998,1.285709750649536
TUR.40.25_1,Istanbul,Kartal,high,2024,40.306987959355354,0.9999025129187824,1
TUR.40.25_1,Istanbul,Kartal,high,2025,44.310640648806576,0.9999617487487413,0.9449988234365747
TUR.40.25_1,Istanbul,Kartal,high,2026,58.46917005332205,0.9999985168900302,1.0754719476161918
TUR.40.25_1,Istanbul,Kartal,high,2027,64.25778965126517,0.99999960726248,1.0238316597676584
TUR.40.25_1,Istanbul,Kartal,high,2028,70.32773061165018,0.9999998996528391,0.9725170934514388
TUR.40.25_1,Istanbul,Kartal,high,2029,75.98618948075818,0.9999999733994157,0.9181745453371569
TUR.40.25_1,Istanbul,Kartal,high,2030,102.62496686639558,0.9999999999412165,1.0847160873686814
TUR.40.25_1,Istanbul,Kartal,high,2031,111.95087785888745,0.9999999999930889,1.0376587292610897
TUR.40.25_1,Istanbul,Kartal,high,2032,112.54777357744594,0.9999999999936893,0.9152370533713479
TUR.40.25_1,Istanbul,Kartal,high,2033,147.08513638038002,0.9999999999999978,1.0553152644018373
TUR.40.25_1,Istanbul,Kartal,high,2034,169.67466398497908,1,1.0742312068379716
TUR.40.25_1,Istanbul,Kartal,high,2035,185.67677539643023,1,1.0391557392313107
TUR.40.25_1,Istanbul,Kartal,high,2036,232.1221473533646,1,1.1482672966816596
TUR.40.25_1,Istanbul,Kartal,high,2037,260.5898985260126,1,1.1453852768651192
TUR.40.25_1,Istanbul,Kartal,high,2038,270.9555820689784,1,1.0579892266895694
TUR.40.25_1,Istanbul,Kartal,high,2039,336.53063914039876,1,1.1692041821586598
TUR.40.25_1,Istanbul,Kartal,high,2040,320.32821950684973,1,0.9900699168911139
TUR.40.25_1,Istanbul,Kartal,high,2041,428.57234490341983,1,1.1845788803509414
TUR.40.25_1,Istanbul,Kartal,high,2042,457.10373580321084,1,1.1297462283374116
TUR.40.25_1,Istanbul,Kartal,high,2043,462.90050995569754,1,1.0248067919304436
TUR.40.25_1,Istanbul,Kartal,high,2044,548.1286928900026,1,1.087041825575943
TUR.40.25_1,Istanbul,Kartal,high,2045,632.7658159172838,1,1.1303356066766037
TUR.40.25_1,Istanbul,Kartal,high,2046,712.6787314544945,1,1.147014602437371
TUR.40.25_1,Istanbul,Kartal,high,2047,783.9861443759536,1,1.139285887702081
TUR.40.25_1,Istanbul,Kartal,high,2048,902.0640212406593,1,1.184212195560138
TUR.40.25_1,Istanbul,Kartal,high,2049,901.7685258088134,1,1.0758752375758727
TUR.40.25_1,Istanbul,Kartal,high,2050,1012.9035552900517,1,1.0991322404612933
TUR.40.25_1,Istanbul,Kartal,high,2051,1145.6040354385343,1,1.1337337587353757
TUR.40.25_1,Istanbul,Kartal,high,2052,1211.6805610390222,1,1.0947778487361988
TUR.40.25_1,Istanbul,Kartal,high,2053,1372.5103641002058,1,1.1396503117034507
TUR.40.25_1,Istanbul,Kartal,high,2054,1459.8001049840148,1,1.1154616886919977
TUR.40.25_1,Istanbul,Kartal,high,2055,1552.6130726992274,1,1.095336792749361
TUR.40.25_1,Istanbul,Kartal,high,2056,1855.424356381944,1,1.2104347724505988
TUR.40.25_1,Istanbul,Kartal,high,2057,1712.6143331208302,1,1.0404761497692954
TUR.40.25_1,Istanbul,Kartal,high,2058,1983.9099012992979,1,1.1244353600889725
TUR.40.25_1,Istanbul,Kartal,high,2059,2032.1096229419945,1,1.0783639604526398
TUR.40.25_1,Istanbul,Kartal,high,2060,2242.0646671488166,1,1.116028608827199
TUR.40.25_1,Istanbul,Kartal,high,2061,2214.3157260489406,1,1.0413830415356982
TUR.40.25_1,Istanbul,Kartal,high,2062,2523.0940835669285,1,1.1231728862456545
TUR.40.25_1,Istanbul,Kartal,high,2063,2905.495749843577,1,1.2286595817056196
TUR.40.25_1,Istanbul,Kartal,high,2064,2764.7389643552247,1,1.1125368705827523
TUR.40.25_1,Istanbul,Kartal,high,2065,3000.1703013571373,1,1.1568999379558504
TUR.40.25_1,Istanbul,Kartal,high,2066,3051.1446718757534,1,1.1291904584229049
TUR.40.25_1,Istanbul,Kartal,high,2067,3286.7315965976613,1,1.171141680502561
TUR.40.25_1,Istanbul,Kartal,high,2068,3271.5195068524195,1,1.1237886625361213
TUR.40.25_1,Istanbul,Kartal,high,2069,3568.751519958326,1,1.189469014524799
TUR.40.25_1,Istanbul,Kartal,high,2070,3434.593568244416,1,1.1118027403072113
TUR.40.25_1,Istanbul,Kartal,high,2071,3743.1565270235087,1,1.1798433751520636
TUR.40.25_1,Istanbul,Kartal,high,2072,3877.5214385603845,1,1.1908146841448441
TUR.40.25_1,Istanbul,Kartal,high,2073,3738.3626596114973,1,1.1251244497646584
TUR.40.25_1,Istanbul,Kartal,high,2074,3957.590268274749,1,1.167628440649936
TUR.40.25_1,Istanbul,Kartal,high,2075,3902.6726055429267,1,1.1308960153880834
TUR.40.25_1,Istanbul,Kartal,high,2076,3507.022657622389,1,0.9981009864256197
TUR.40.25_1,Istanbul,Kartal,high,2077,3605.3464557914513,1,1.013004028268516
TUR.40.25_1,Istanbul,Kartal,high,2078,4746.156795071665,1,1.3161276860915518
TUR.40.25_1,Istanbul,Kartal,high,2079,4062.878203875303,1,1.1134325300574275
TUR.40.25_1,Istanbul,Kartal,high,2080,3951.24986759372,1,1.069526126925978
TUR.40.25_1,Istanbul,Kartal,high,2081,4352.493447791063,1,1.169104018075231
TUR.40.25_1,Istanbul,Kartal,high,2082,3878.966538928387,1,1.0331085382891847
TUR.40.25_1,Istanbul,Kartal,high,2083,3889.8877672280164,1,1.028187683577582
TUR.40.25_1,Istanbul,Kartal,high,2084,4068.3000869997777,1,1.0661766930411753
TUR.40.25_1,Istanbul,Kartal,high,2085,4037.8253184796095,1,1.0536904475104978
TUR.40.25_1,Istanbul,Kartal,high,2086,4238.412285733617,1,1.1000834402566562
TUR.40.25_1,Istanbul,Kartal,high,2087,4530.539197445656,1,1.1702634086180594
TUR.40.25_1,Istanbul,Kartal,high,2088,4495.043648862892,1,1.1540658549525875
TUR.40.25_1,Istanbul,Kartal,high,2089,4125.6044227372695,1,1.0570689260461616
TUR.40.25_1,Istanbul,Kartal,high,2090,4730.119181823972,1,1.2078494297407945
TUR.40.25_1,Istanbul,Kartal,high,2091,4539.421736345842,1,1.155656738835535
TUR.40.25_1,Istanbul,Kartal,high,2092,4788.103082185402,1,1.2135239698792746
TUR.40.25_1,Istanbul,Kartal,high,2093,4411.873374524996,1,1.1174964642455618
TUR.40.25_1,Istanbul,Kartal,high,2094,4685.245382501347,1,1.184221245531236
TUR.40.25_1,Istanbul,Kartal,high,2095,4805.838346521501,1,1.2124106695494006
TUR.40.25_1,Istanbul,Kartal,high,2096,4610.373122142142,1,1.159076269507199
TUR.40.25_1,Istanbul,Kartal,high,2097,4367.844233064563,1,1.0984293141662225
TUR.40.25_1,Istanbul,Kartal,high,2098,4339.911742138131,1,1.0899613920616975
TUR.40.25_1,Istanbul,Kartal,high,2099,4262.751863514223,1,1.069325380213923
TUR.40.25_1,Istanbul,Kartal,high,2100,5130.696142121762,1,1.285709750649536
TUR.40.25_1,Istanbul,Kartal,low,2024,4.030698795935535,0.6029047366052633,1
TUR.40.25_1,Istanbul,Kartal,low,2025,3.859373388552525,0.5876587803564683,0.9449988234365747
TUR.40.25_1,Istanbul,Kartal,low,2026,4.4653225920538855,0.6412025800161583,1.0754719476161918
TUR.40.25_1,Istanbul,Kartal,low,2027,4.329060240104988,0.629802580514835,1.0238316597676584
TUR.40.25_1,Istanbul,Kartal,low,2028,4.2029098033799475,0.6182689009591706,0.9725170934514388
TUR.40.25_1,Istanbul,Kartal,low,2029,4.049216989690768,0.6052418285125538,0.9181745453371569
TUR.40.25_1,Istanbul,Kartal,low,2030,4.900551482630629,0.6753158545559905,1.0847160873686814
TUR.40.25_1,Istanbul,Kartal,low,2031,4.813209439134948,0.6687405602902721,1.0376587292610897
TUR.40.25_1,Istanbul,Kartal,low,2032,4.376838749812672,0.6331830275720844,0.9152370533713479
TUR.40.25_1,Istanbul,Kartal,low,2033,5.197194605866149,0.6966887273501767,1.0553152644018373
TUR.40.25_1,Istanbul,Kartal,low,2034,5.4717433345575115,0.7152140078069111,1.0742312068379716
TUR.40.25_1,Istanbul,Kartal,low,2035,5.488920527729191,0.7163346960119706,1.0391557392313107
TUR.40.25_1,Istanbul,Kartal,low,2036,6.317764621527785,0.7648728100311617,1.1482672966816596
TUR.40.25_1,Istanbul,Kartal,low,2037,6.558507755680754,0.7780892063965048,1.1453852768651192
TUR.40.25_1,Istanbul,Kartal,low,2038,6.33307019545723,0.7663033794318266,1.0579892266895694
TUR.40.25_1,Istanbul,Kartal,low,2039,7.336001220028093,0.8143608220582458,1.1692041821586598
TUR.40.25_1,Istanbul,Kartal,low,2040,6.5399598336122775,0.7765442000103217,0.9900699168911139
TUR.40.25_1,Istanbul,Kartal,low,2041,8.228980475576373,0.8487665015230295,1.1845788803509414
TUR.40.25_1,Istanbul,Kartal,low,2042,8.28779378776217,0.8507944889894343,1.1297462283374116
TUR.40.25_1,Istanbul,Kartal,low,2043,7.9566517391101605,0.8390108475700254,1.0248067919304436
TUR.40.25_1,Istanbul,Kartal,low,2044,8.966204642164135,0.8718408209436121,1.087041825575943
TUR.40.25_1,Istanbul,Kartal,low,2045,9.886877574905975,0.8966355395116055,1.1303356066766037
TUR.40.25_1,Istanbul,Kartal,low,2046,10.674365867867602,0.9137287557452808,1.147014602437371
TUR.40.25_1,Istanbul,Kartal,low,2047,11.294345534013933,0.925172727224209,1.139285887702081
TUR.40.25_1,Istanbul,Kartal,low,2048,12.539857166530016,0.9434898729527564,1.184212195560138
TUR.40.25_1,Istanbul,Kartal,low,2049,12.133155496936817,0.9382782191372487,1.0758752375758727
TUR.40.25_1,Istanbul,Kartal,low,2050,13.228541755288653,0.952000276578083,1.0991322404612933
TUR.40.25_1,Istanbul,Kartal,low,2051,14.561472725462352,0.9646525534261196,1.1337337587353757
TUR.40.25_1,Istanbul,Kartal,low,2052,15.026841242825556,0.9680375510955878,1.0947778487361988
TUR.40.25_1,Istanbul,Kartal,low,2053,16.64589867747905,0.9780941367166015,1.1396503117034507
TUR.40.25_1,Istanbul,Kartal,low,2054,17.3509663541641,0.9813674732621057,1.1154616886919977
TUR.40.25_1,Istanbul,Kartal,low,2055,18.121109195268733,0.984386662370367,1.095336792749361
TUR.40.25_1,Istanbul,Kartal,low,2056,21.30285594881325,0.9924125202894626,1.2104347724505988
TUR.40.25_1,Istanbul,Kartal,low,2057,19.37500075610744,0.9882916809302555,1.0404761497692954
TUR.40.25_1,Istanbul,Kartal,low,2058,22.14842412214873,0.9938054421996058,1.1244353600889725
TUR.40.25_1,Istanbul,Kartal,low,2059,22.41808672595612,0.9941772588650285,1.0783639604526398
TUR.40.25_1,Istanbul,Kartal,low,2060,24.47183803756143,0.9963293420690427,1.116028608827199
TUR.40.25_1,Istanbul,Kartal,low,2061,23.939239674103217,0.9958933959349211,1.0413830415356982
TUR.40.25_1,Istanbul,Kartal,low,2062,27.04548071950377,0.997987111127304,1.1231728862456545
TUR.40.25_1,Istanbul,Kartal,low,2063,30.90770122451169,0.9991705452099763,1.2286595817056196
TUR.40.25_1,Istanbul,Kartal,low,2064,29.21062788022185,0.9987607051518903,1.1125368705827523
TUR.40.25_1,Istanbul,Kartal,low,2065,31.50590165218536,0.9992769675984817,1.1568999379558504
TUR.40.25_1,Istanbul,Kartal,low,2066,31.867951260089438,0.9993346275461665,1.1291904584229049
TUR.40.25_1,Istanbul,Kartal,low,2067,34.16309676761637,0.9996071195808237,1.171141680502561
TUR.40.25_1,Istanbul,Kartal,low,2068,33.85895334317686,0.9995728231398624,1.1237886625361213
TUR.40.25_1,Istanbul,Kartal,low,2069,36.793950669615825,0.9997852224023226,1.189469014524799
TUR.40.25_1,Istanbul,Kartal,low,2070,35.29025076121655,0.9996966851129315,1.1118027403072113
TUR.40.25_1,Istanbul,Kartal,low,2071,38.344242755796195,0.9998495336340257,1.1798433751520636
TUR.40.25_1,Istanbul,Kartal,low,2072,39.61366336288075,0.9998857275347064,1.1908146841448441
TUR.40.25_1,Istanbul,Kartal,low,2073,38.10051515539045,0.9998408755986238,1.1251244497646584
TUR.40.25_1,Istanbul,Kartal,low,2074,40.24896148620133,0.9999028244787176,1.167628440649936
TUR.40.25_1,Istanbul,Kartal,low,2075,39.61535275820518,0.9998876115418266,1.1308960153880834
TUR.40.25_1,Istanbul,Kartal,low,2076,35.53933729130155,0.9997093379357936,0.9981009864256197
TUR.40.25_1,Istanbul,Kartal,low,2077,36.48117084760515,0.9997692348680788,1.013004028268516
TUR.40.25_1,Istanbul,Kartal,low,2078,47.960918055593915,0.9999834519318329,1.3161276860915518
TUR.40.25_1,Istanbul,Kartal,low,2079,41.0078905958078,0.9999183607924096,1.1134325300574275
TUR.40.25_1,Istanbul,Kartal,low,2080,39.83948758905394,0.9998914901302152,1.069526126925978
TUR.40.25_1,Istanbul,Kartal,low,2081,43.8443876528937,0.9999574277418363,1.169104018075231
TUR.40.25_1,Istanbul,Kartal,low,2082,39.042162993528606,0.999871807285213,1.0331085382891847
TUR.40.25_1,Istanbul,Kartal,low,2083,39.12344773531751,0.999874177004545,1.028187683577582
TUR.40.25_1,Istanbul,Kartal,low,2084,40.8913072571758,0.9999147292783186,1.0661766930411753
TUR.40.25_1,Istanbul,Kartal,low,2085,40.56161675819037,0.9999095542660466,1.0536904475104978
TUR.40.25_1,Istanbul,Kartal,low,2086,42.55482762654076,0.9999427620989005,1.1000834402566562
TUR.40.25_1,Istanbul,Kartal,low,2087,45.46722611316877,0.9999706677790823,1.1702634086180594
TUR.40.25_1,Istanbul,Kartal,low,2088,45.09284394601512,0.999967439270717,1.1540658549525875
TUR.40.25_1,Istanbul,Kartal,low,2089,41.37196617321174,0.9999249062369543,1.0570689260461616
TUR.40.25_1,Istanbul,Kartal,low,2090,47.419069078270034,0.9999812602172891,1.2078494297407945
TUR.40.25_1,Istanbul,Kartal,low,2091,45.49454923053173,0.9999708511725559,1.155656738835535
TUR.40.25_1,Istanbul,Kartal,low,2092,47.9748912964412,0.9999831773613912,1.2135239698792746
TUR.40.25_1,Istanbul,Kartal,low,2093,44.19543873434357,0.999960723733863,1.1174964642455618
TUR.40.25_1,Istanbul,Kartal,low,2094,46.92469995893434,0.9999790082567899,1.184221245531236
TUR.40.25_1,Istanbul,Kartal,low,2095,48.124108899042675,0.9999840603526745,1.2124106695494006
TUR.40.25_1,Istanbul,Kartal,low,2096,46.159653223019575,0.9999745004119188,1.159076269507199
TUR.40.25_1,Istanbul,Kartal,low,2097,43.72543134859808,0.9999562492489811,1.0984293141662225
TUR.40.25_1,Istanbul,Kartal,low,2098,43.44052625061236,0.9999532923655484,1.0899613920616975
TUR.40.25_1,Istanbul,Kartal,low,2099,42.66359187437473,0.9999441734324066,1.069325380213923
TUR.40.25_1,Istanbul,Kartal,low,2100,51.34546974396015,0.9999923907945095,1.285709750649536
TUR.40.25_1,Istanbul,Kartal,main,2024,20.153493979677677,0.9901264453605803,1
TUR.40.25_1,Istanbul,Kartal,main,2025,20.567290667936252,0.9910949891612505,0.9449988234365747
TUR.40.25_1,Istanbul,Kartal,main,2026,25.396822767554582,0.9970611629961766,1.0754719476161918
TUR.40.25_1,Istanbul,Kartal,main,2027,26.304676145017226,0.9976139966361717,1.0238316597676584
TUR.40.25_1,Istanbul,Kartal,main,2028,27.303134034199893,0.9980813564184772,0.9725170934514388
TUR.40.25_1,Istanbul,Kartal,main,2029,28.133644855976176,0.998432021644383,0.9181745453371569
TUR.40.25_1,Istanbul,Kartal,main,2030,36.41819119983965,0.9997658745271942,1.0847160873686814
TUR.40.25_1,Istanbul,Kartal,main,2031,38.247999077349846,0.9998461724857534,1.0376587292610897
TUR.40.25_1,Istanbul,Kartal,main,2032,37.16850176668985,0.9997998913001318,0.9152370533713479
TUR.40.25_1,Istanbul,Kartal,main,2033,47.1222375452682,0.9999799388481834,1.0553152644018373
TUR.40.25_1,Istanbul,Kartal,main,2034,52.904767925988445,0.9999946802412054,1.0742312068379716
TUR.40.25_1,Istanbul,Kartal,main,2035,56.508507109565585,0.9999976738751565,1.0391557392313107
TUR.40.25_1,Istanbul,Kartal,main,2036,69.13204558276931,0.999999868025262,1.1482672966816596
TUR.40.25_1,Istanbul,Kartal,main,2037,76.12694343822712,0.9999999742451319,1.1453852768651192
TUR.40.25_1,Istanbul,Kartal,main,2038,77.80421322493194,0.9999999824752714,1.0579892266895694
TUR.40.25_1,Istanbul,Kartal,main,2039,95.16236764238889,0.9999999996740083,1.1692041821586598
TUR.40.25_1,Istanbul,Kartal,main,2040,89.35060387266738,0.9999999987162229,0.9900699168911139
TUR.40.25_1,Istanbul,Kartal,main,2041,118.09657796624991,0.9999999999983139,1.1845788803509414
TUR.40.25_1,Istanbul,Kartal,main,2042,124.60025736671956,0.9999999999996211,1.1297462283374116
TUR.40.25_1,Istanbul,Kartal,main,2043,124.9685903765721,0.9999999999996518,1.0248067919304436
TUR.40.25_1,Istanbul,Kartal,main,2044,146.71250020378986,0.9999999999999974,1.087041825575943
TUR.40.25_1,Istanbul,Kartal,main,2045,168.07817457857968,1,1.1303356066766037
TUR.40.25_1,Istanbul,Kartal,main,2046,188.0240677339643,1,1.147014602437371
TUR.40.25_1,Istanbul,Kartal,main,2047,205.59232523358395,1,1.139285887702081
TUR.40.25_1,Istanbul,Kartal,main,2048,235.29160796050763,1,1.184212195560138
TUR.40.25_1,Istanbul,Kartal,main,2049,234.09621544900514,1,1.0758752375758727
TUR.40.25_1,Istanbul,Kartal,main,2050,261.83562827359106,1,1.0991322404612933
TUR.40.25_1,Istanbul,Kartal,main,2051,295.02720989040307,1,1.1337337587353757
TUR.40.25_1,Istanbul,Kartal,main,2052,311.0035725720759,1,1.0947778487361988
TUR.40.25_1,Istanbul,Kartal,main,2053,351.2409105708209,1,1.1396503117034507
TUR.40.25_1,Istanbul,Kartal,main,2054,372.597152091348,1,1.1154616886919977
TUR.40.25_1,Istanbul,Kartal,main,2055,395.361541697797,1,1.095336792749361
TUR.40.25_1,Istanbul,Kartal,main,2056,471.4911234982467,1,1.2104347724505988
TUR.40.25_1,Istanbul,Kartal,main,2057,434.4004094604828,1,1.0404761497692954
TUR.40.25_1,Istanbul,Kartal,main,2058,502.3922672947015,1,1.1244353600889725
TUR.40.25_1,Istanbul,Kartal,main,2059,513.852379336988,1,1.0783639604526398
TUR.40.25_1,Istanbul,Kartal,main,2060,566.2139205818521,1,1.116028608827199
TUR.40.25_1,Istanbul,Kartal,main,2061,558.5680493278292,1,1.0413830415356982
TUR.40.25_1,Istanbul,Kartal,main,2062,635.8139094579391,1,1.1231728862456545
TUR.40.25_1,Istanbul,Kartal,main,2063,731.5204478111053,1,1.2286595817056196
TUR.40.25_1,Istanbul,Kartal,main,2064,695.5270695239994,1,1.1125368705827523
TUR.40.25_1,Istanbul,Kartal,main,2065,754.22090489099,1,1.1568999379558504
TUR.40.25_1,Istanbul,Kartal,main,2066,766.5542361393047,1,1.1291904584229049
TUR.40.25_1,Istanbul,Kartal,main,2067,825.2822902650814,1,1.171141680502561
TUR.40.25_1,Istanbul,Kartal,main,2068,821.0569830315843,1,1.1237886625361213
TUR.40.25_1,Istanbul,Kartal,main,2069,895.2613118507829,1,1.189469014524799
TUR.40.25_1,Istanbul,Kartal,main,2070,861.2714895021386,1,1.1118027403072113
TUR.40.25_1,Istanbul,Kartal,main,2071,938.3243469935469,1,1.1798433751520636
TUR.40.25_1,Istanbul,Kartal,main,2072,971.7093845769766,1,1.1908146841448441
TUR.40.25_1,Istanbul,Kartal,main,2073,936.5820220119729,1,1.1251244497646584
TUR.40.25_1,Istanbul,Kartal,main,2074,991.2671748560595,1,1.167628440649936
TUR.40.25_1,Istanbul,Kartal,main,2075,977.3032255601091,1,1.1308960153880834
TUR.40.25_1,Istanbul,Kartal,main,2076,878.0587497252575,1,0.9981009864256197
TUR.40.25_1,Istanbul,Kartal,main,2077,902.5246869747813,1,1.013004028268516
TUR.40.25_1,Istanbul,Kartal,main,2078,1187.9262823925756,1,1.3161276860915518
TUR.40.25_1,Istanbul,Kartal,main,2079,1016.7726302939777,1,1.1134325300574275
TUR.40.25_1,Istanbul,Kartal,main,2080,988.7207694348654,1,1.069526126925978
TUR.40.25_1,Istanbul,Kartal,main,2081,1089.0107318782743,1,1.169104018075231
TUR.40.25_1,Istanbul,Kartal,main,2082,970.4430169661098,1,1.0331085382891847
TUR.40.25_1,Istanbul,Kartal,main,2083,973.0957475376636,1,1.028187683577582
TUR.40.25_1,Istanbul,Kartal,main,2084,1017.6536506032166,1,1.0661766930411753
TUR.40.25_1,Istanbul,Kartal,main,2085,1009.9656728793308,1,1.0536904475104978
TUR.40.25_1,Istanbul,Kartal,main,2086,1060.0772513478614,1,1.1000834402566562
TUR.40.25_1,Istanbul,Kartal,main,2087,1133.0843386356146,1,1.1702634086180594
TUR.40.25_1,Istanbul,Kartal,main,2088,1124.15648848624,1,1.1540658549525875
TUR.40.25_1,Istanbul,Kartal,main,2089,1031.7231110894256,1,1.0570689260461616
TUR.40.25_1,Istanbul,Kartal,main,2090,1182.8572322894104,1,1.2078494297407945
TUR.40.25_1,Istanbul,Kartal,main,2091,1135.1341337172196,1,1.155656738835535
TUR.40.25_1,Istanbul,Kartal,main,2092,1197.2864940868703,1,1.2135239698792746
TUR.40.25_1,Istanbul,Kartal,main,2093,1103.181413045398,1,1.1174964642455618
TUR.40.25_1,Istanbul,Kartal,main,2094,1171.5120293306725,1,1.184221245531236
TUR.40.25_1,Istanbul,Kartal,main,2095,1201.6421572798965,1,1.2124106695494006
TUR.40.25_1,Istanbul,Kartal,main,2096,1152.7486194288635,1,1.159076269507199
TUR.40.25_1,Istanbul,Kartal,main,2097,1092.0915833160088,1,1.0984293141662225
TUR.40.25_1,Istanbul,Kartal,main,2098,1085.0929600601744,1,1.0899613920616975
TUR.40.25_1,Istanbul,Kartal,main,2099,1065.7881693208683,1,1.069325380213923
TUR.40.25_1,Istanbul,Kartal,main,2100,1282.7810030936143,1,1.285709750649536
TUR.59.4_1,Mugla,Fethiye,high,2024,31.694298627693385,0.9992985154256812,1
TUR.59.4_1,Mugla,Fethiye,high,2025,34.84246152364062,0.9996638492347079,0.9449988234365747
TUR.59.4_1,Mugla,Fethiye,high,2026,45.975634251113966,0.9999738987422746,1.0754719476161918
TUR.59.4_1,Mugla,Fethiye,high,2027,50.527357102851994,0.9999908188421821,1.0238316597676584
TUR.59.4_1,Mugla,Fethiye,high,2028,55.30028932107939,0.9999968600353768,0.9725170934514388
TUR.59.4_1,Mugla,Fethiye,high,2029,59.7496638402291,0.9999988945982179,0.9181745453371569
TUR.59.4_1,Mugla,Fethiye,high,2030,80.69633855550194,0.9999999909773608,1.0847160873686814
TUR.59.4_1,Mugla,Fethiye,high,2031,88.02951384186618,0.9999999983239578,1.0376587292610897
TUR.59.4_1,Mugla,Fethiye,high,2032,88.49886648048711,0.9999999984395559,0.9152370533713479
TUR.59.4_1,Mugla,Fethiye,high,2033,115.65637801652622,0.9999999999970478,1.0553152644018373
TUR.59.4_1,Mugla,Fethiye,high,2034,133.41903580878403,0.9999999999999499,1.0742312068379716
TUR.59.4_1,Mugla,Fethiye,high,2035,146.00185887310172,0.9999999999999972,1.0391557392313107
TUR.59.4_1,Mugla,Fethiye,high,2036,182.52290803117228,1,1.1482672966816596
TUR.59.4_1,Mugla,Fethiye,high,2037,204.90774630870857,1,1.1453852768651192
TUR.59.4_1,Mugla,Fethiye,high,2038,213.0585183292379,1,1.0579892266895694
TUR.59.4_1,Mugla,Fethiye,high,2039,264.6216726747177,1,1.1692041821586598
TUR.59.4_1,Mugla,Fethiye,high,2040,251.88134271320496,1,0.9900699168911139
TUR.59.4_1,Mugla,Fethiye,high,2041,336.9961530401846,1,1.1845788803509414
TUR.59.4_1,Mugla,Fethiye,high,2042,359.4310326782585,1,1.1297462283374116
TUR.59.4_1,Mugla,Fethiye,high,2043,363.9891676411455,1,1.0248067919304436
TUR.59.4_1,Mugla,Fethiye,high,2044,431.0060205039649,1,1.087041825575943
TUR.59.4_1,Mugla,Fethiye,high,2045,497.55810955910493,1,1.1303356066766037
TUR.59.4_1,Mugla,Fethiye,high,2046,560.3954471393774,1,1.147014602437371
TUR.59.4_1,Mugla,Fethiye,high,2047,616.4660828757897,1,1.139285887702081
TUR.59.4_1,Mugla,Fethiye,high,2048,709.3133949708471,1,1.184212195560138
TUR.59.4_1,Mugla,Fethiye,high,2049,709.0810402121763,1,1.0758752375758727
TUR.59.4_1,Mugla,Fethiye,high,2050,796.4690339746408,1,1.0991322404612933
TUR.59.4_1,Mugla,Fethiye,high,2051,900.814430611705,1,1.1337337587353757
TUR.59.4_1,Mugla,Fethiye,high,2052,952.7719010328161,1,1.0947778487361988
TUR.59.4_1,Mugla,Fethiye,high,2053,1079.2360221324716,1,1.1396503117034507
TUR.59.4_1,Mugla,Fethiye,high,2054,1147.8739247585665,1,1.1154616886919977
TUR.59.4_1,Mugla,Fethiye,high,2055,1220.854865886063,1,1.095336792749361
TUR.59.4_1,Mugla,Fethiye,high,2056,1458.962244749326,1,1.2104347724505988
TUR.59.4_1,Mugla,Fethiye,high,2057,1346.6674851203063,1,1.0404761497692954
TUR.59.4_1,Mugla,Fethiye,high,2058,1559.9933422369102,1,1.1244353600889725
TUR.59.4_1,Mugla,Fethiye,high,2059,1597.8938763342678,1,1.0783639604526398
TUR.59.4_1,Mugla,Fethiye,high,2060,1762.9862885033858,1,1.116028608827199
TUR.59.4_1,Mugla,Fethiye,high,2061,1741.1666668857006,1,1.0413830415356982
TUR.59.4_1,Mugla,Fethiye,high,2062,1983.9660912141144,1,1.1231728862456545
TUR.59.4_1,Mugla,Fethiye,high,2063,2284.6571926906404,1,1.2286595817056196
TUR.59.4_1,Mugla,Fethiye,high,2064,2173.9769404812573,1,1.1125368705827523
TUR.59.4_1,Mugla,Fethiye,high,2065,2359.1019393717743,1,1.1568999379558504
TUR.59.4_1,Mugla,Fethiye,high,2066,2399.1842427977917,1,1.1291904584229049
TUR.59.4_1,Mugla,Fethiye,high,2067,2584.4315838406246,1,1.171141680502561
TUR.59.4_1,Mugla,Fethiye,high,2068,2572.4699727268603,1,1.1237886625361213
TUR.59.4_1,Mugla,Fethiye,high,2069,2806.1902446208696,1,1.189469014524799
TUR.59.4_1,Mugla,Fethiye,high,2070,2700.698805042502,1,1.1118027403072113
TUR.59.4_1,Mugla,Fethiye,high,2071,2943.3288564581726,1,1.1798433751520636
TUR.59.4_1,Mugla,Fethiye,high,2072,3048.983033238329,1,1.1908146841448441
TUR.59.4_1,Mugla,Fethiye,high,2073,2939.5593298070853,1,1.1251244497646584
TUR.59.4_1,Mugla,Fethiye,high,2074,3111.9429696715843,1,1.167628440649936
TUR.59.4_1,Mugla,Fethiye,high,2075,3068.759966160816,1,1.1308960153880834
TUR.59.4_1,Mugla,Fethiye,high,2076,2757.6514404116397,1,0.9981009864256197
TUR.59.4_1,Mugla,Fethiye,high,2077,2834.9656724877677,1,1.013004028268516
TUR.59.4_1,Mugla,Fethiye,high,2078,3732.010711109046,1,1.3161276860915518
TUR.59.4_1,Mugla,Fethiye,high,2079,3194.7332609278365,1,1.1134325300574275
TUR.59.4_1,Mugla,Fethiye,high,2080,3106.957368842109,1,1.069526126925978
TUR.59.4_1,Mugla,Fethiye,high,2081,3422.4642944909106,1,1.169104018075231
TUR.59.4_1,Mugla,Fethiye,high,2082,3050.119348426569,1,1.0331085382891847
TUR.59.4_1,Mugla,Fethiye,high,2083,3058.706957886713,1,1.028187683577582
TUR.59.4_1,Mugla,Fethiye,high,2084,3198.996610574425,1,1.0661766930411753
TUR.59.4_1,Mugla,Fethiye,high,2085,3175.0336090457063,1,1.0536904475104978
TUR.59.4_1,Mugla,Fethiye,high,2086,3332.75968987771,1,1.1000834402566562
TUR.59.4_1,Mugla,Fethiye,high,2087,3562.465704783204,1,1.1702634086180594
TUR.59.4_1,Mugla,Fethiye,high,2088,3534.554750040806,1,1.1540658549525875
TUR.59.4_1,Mugla,Fethiye,high,2089,3244.0563091893914,1,1.0570689260461616
TUR.59.4_1,Mugla,Fethiye,high,2090,3719.3999721458567,1,1.2078494297407945
TUR.59.4_1,Mugla,Fethiye,high,2091,3569.450246539547,1,1.155656738835535
TUR.59.4_1,Mugla,Fethiye,high,2092,3764.994027834332,1,1.2135239698792746
TUR.59.4_1,Mugla,Fethiye,high,2093,3469.156077372171,1,1.1174964642455618
TUR.59.4_1,Mugla,Fethiye,high,2094,3684.1146861868897,1,1.184221245531236
TUR.59.4_1,Mugla,Fethiye,high,2095,3778.9396683440186,1,1.2124106695494006
TUR.59.4_1,Mugla,Fethiye,high,2096,3625.240930074229,1,1.159076269507199
TUR.59.4_1,Mugla,Fethiye,high,2097,3434.534965043583,1,1.0984293141662225
TUR.59.4_1,Mugla,Fethiye,high,2098,3412.571014035127,1,1.0899613920616975
TUR.59.4_1,Mugla,Fethiye,high,2099,3351.8984518072393,1,1.069325380213923
TUR.59.4_1,Mugla,Fethiye,high,2100,4034.3827194514647,1,1.285709750649536
TUR.59.4_1,Mugla,Fethiye,low,2024,3.1694298627693387,0.5162713475059018,1
TUR.59.4_1,Mugla,Fethiye,low,2025,3.0347128099946707,0.501726650709049,0.9449988234365747
TUR.59.4_1,Mugla,Fethiye,low,2026,3.511184409121629,0.5533494023392442,1.0754719476161918
TUR.59.4_1,Mugla,Fethiye,low,2027,3.4040382319194236,0.542227830322238,1.0238316597676584
TUR.59.4_1,Mugla,Fethiye,low,2028,3.304843282954021,0.5310500738399245,0.9725170934514388
TUR.59.4_1,Mugla,Fethiye,low,2029,3.18399113843488,0.5185113956159668,0.9181745453371569
TUR.59.4_1,Mugla,Fethiye,low,2030,3.853414754967585,0.5870944019698592,1.0847160873686814
TUR.59.4_1,Mugla,Fethiye,low,2031,3.784735725611769,0.5805333626201541,1.0376587292610897
TUR.59.4_1,Mugla,Fethiye,low,2032,3.4416075575209417,0.5455179825930032,0.9152370533713479
TUR.59.4_1,Mugla,Fethiye,low,2033,4.08667196940293,0.6086212703506726,1.0553152644018373
TUR.59.4_1,Mugla,Fethiye,low,2034,4.302555860399006,0.6275434427316186,1.0742312068379716
TUR.59.4_1,Mugla,Fethiye,low,2035,4.316062676897371,0.628696432479258,1.0391557392313107
TUR.59.4_1,Mugla,Fethiye,low,2036,4.967801582596358,0.6796378662926928,1.1482672966816596
TUR.59.4_1,Mugla,Fethiye,low,2037,5.157103368036271,0.6938845349515859,1.1453852768651192
TUR.59.4_1,Mugla,Fethiye,low,2038,4.979836702443994,0.6811715329134662,1.0579892266895694
TUR.59.4_1,Mugla,Fethiye,low,2039,5.768464109378518,0.7339652604490368,1.1692041821586598
TUR.59.4_1,Mugla,Fethiye,low,2040,5.142518716323913,0.6922099173030837,0.9900699168911139
TUR.59.4_1,Mugla,Fethiye,low,2041,6.470633947080652,0.7735675741849425,1.1845788803509414
TUR.59.4_1,Mugla,Fethiye,low,2042,6.516880188094249,0.7759585866355259,1.1297462283374116
TUR.59.4_1,Mugla,Fethiye,low,2043,6.256495686311427,0.7621592909201004,1.0248067919304436
TUR.59.4_1,Mugla,Fethiye,low,2044,7.050330026453947,0.801205955412659,1.087041825575943
TUR.59.4_1,Mugla,Fethiye,low,2045,7.774276030511078,0.8321281959076272,1.1303356066766037
TUR.59.4_1,Mugla,Fethiye,low,2046,8.39349593223398,0.8543711720630198,1.147014602437371
TUR.59.4_1,Mugla,Fethiye,low,2047,8.88100000229136,0.8697889680056332,1.139285887702081
TUR.59.4_1,Mugla,Fethiye,low,2048,9.860374041974922,0.8955836277806916,1.184212195560138
TUR.59.4_1,Mugla,Fethiye,low,2049,9.540575296867342,0.8880834473799847,1.0758752375758727
TUR.59.4_1,Mugla,Fethiye,low,2050,10.401902350624946,0.9081607955023646,1.0991322404612933
TUR.59.4_1,Mugla,Fethiye,low,2051,11.450016197816563,0.9277993653737127,1.1337337587353757
TUR.59.4_1,Mugla,Fethiye,low,2052,11.815946015646404,0.9332940520563047,1.0947778487361988
TUR.59.4_1,Mugla,Fethiye,low,2053,13.089047590019554,0.950438437237697,1.1396503117034507
TUR.59.4_1,Mugla,Fethiye,low,2054,13.643458292206573,0.956360933041528,1.1154616886919977
TUR.59.4_1,Mugla,Fethiye,low,2055,14.24903907181144,0.9620243911806569,1.095336792749361
TUR.59.4_1,Mugla,Fethiye,low,2056,16.750918692938722,0.9784685822445979,1.2104347724505988
TUR.59.4_1,Mugla,Fethiye,low,2057,15.23500243915709,0.9697159841061775,1.0404761497692954
TUR.59.4_1,Mugla,Fethiye,low,2058,17.4158081216103,0.981642749324599,1.1244353600889725
TUR.59.4_1,Mugla,Fethiye,low,2059,17.627849941813068,0.9825148620870295,1.0783639604526398
TUR.59.4_1,Mugla,Fethiye,low,2060,19.242761168687004,0.9878352575537325,1.116028608827199
TUR.59.4_1,Mugla,Fethiye,low,2061,18.823966998378694,0.9867129847010729,1.0413830415356982
TUR.59.4_1,Mugla,Fethiye,low,2062,21.26647476903619,0.9924154054466783,1.1231728862456545
TUR.59.4_1,Mugla,Fethiye,low,2063,24.303426331260525,0.9962227402895086,1.2286595817056196
TUR.59.4_1,Mugla,Fethiye,low,2064,22.96897907806317,0.9948203870494078,1.1125368705827523
TUR.59.4_1,Mugla,Fethiye,low,2065,24.773804892244087,0.9966093377945908,1.1568999379558504
TUR.59.4_1,Mugla,Fethiye,low,2066,25.058492708722017,0.9968238293656112,1.1291904584229049
TUR.59.4_1,Mugla,Fethiye,low,2067,26.86321766566795,0.9979011098362244,1.171141680502561
TUR.59.4_1,Mugla,Fethiye,low,2068,26.624062794320185,0.9977583363691666,1.1237886625361213
TUR.59.4_1,Mugla,Fethiye,low,2069,28.931917745661135,0.9986945514504987,1.189469014524799
TUR.59.4_1,Mugla,Fethiye,low,2070,27.74952441001175,0.9982874894284595,1.1118027403072113
TUR.59.4_1,Mugla,Fethiye,low,2071,30.150947567217074,0.9990131890824019,1.1798433751520636
TUR.59.4_1,Mugla,Fethiye,low,2072,31.149121775760182,0.9992051776182601,1.1908146841448441
TUR.59.4_1,Mugla,Fethiye,low,2073,29.959299028287294,0.9989688080750038,1.1251244497646584
TUR.59.4_1,Mugla,Fethiye,low,2074,31.648671096052716,0.9993002788706746,1.167628440649936
TUR.59.4_1,Mugla,Fethiye,low,2075,31.150450185612247,0.9992155000325335,1.1308960153880834
TUR.59.4_1,Mugla,Fethiye,low,2076,27.945386796866625,0.9983439171236304,0.9981009864256197
TUR.59.4_1,Mugla,Fethiye,low,2077,28.685971879065505,0.9986187310443678,1.013004028268516
TUR.59.4_1,Mugla,Fethiye,low,2078,37.712757421744016,0.9998260627561999,1.3161276860915518
TUR.59.4_1,Mugla,Fethiye,low,2079,32.245434264299675,0.9993898546439788,1.1134325300574275
TUR.59.4_1,Mugla,Fethiye,low,2080,31.326692485556645,0.9992368681736922,1.069526126925978
TUR.59.4_1,Mugla,Fethiye,low,2081,34.47583622027087,0.9996343351621535,1.169104018075231
TUR.59.4_1,Mugla,Fethiye,low,2082,30.69973807608138,0.9991299891063994,1.0331085382891847
TUR.59.4_1,Mugla,Fethiye,low,2083,30.763654111750682,0.9991426604422201,1.028187683577582
TUR.59.4_1,Mugla,Fethiye,low,2084,32.15376214150692,0.9993686128786721,1.0661766930411753
TUR.59.4_1,Mugla,Fethiye,low,2085,31.894519026142056,0.9993386729897502,1.0536904475104978
TUR.59.4_1,Mugla,Fethiye,low,2086,33.461825929678575,0.9995385012860737,1.1000834402566562
TUR.59.4_1,Mugla,Fethiye,low,2087,35.75191090082825,0.9997271835520044,1.1702634086180594
TUR.59.4_1,Mugla,Fethiye,low,2088,35.45752571336111,0.9997038377943369,1.1540658549525875
TUR.59.4_1,Mugla,Fethiye,low,2089,32.53171514653593,0.999428661096239,1.0570689260461616
TUR.59.4_1,Mugla,Fethiye,low,2090,37.286689283987585,0.9998081916222252,1.2078494297407945
TUR.59.4_1,Mugla,Fethiye,low,2091,35.77339568758569,0.9997285257018967,1.155656738835535
TUR.59.4_1,Mugla,Fethiye,low,2092,37.72374489787735,0.9998237974107491,1.2135239698792746
TUR.59.4_1,Mugla,Fethiye,low,2093,34.751875645996925,0.9996567862607709,1.1174964642455618
TUR.59.4_1,Mugla,Fethiye,low,2094,36.89795563521346,0.9997902892647048,1.184221245531236
TUR.59.4_1,Mugla,Fethiye,low,2095,37.84107808243902,0.9998311114448403,1.2124106695494006
TUR.59.4_1,Mugla,Fethiye,low,2096,36.2963820386779,0.9997556271989594,1.159076269507199
TUR.59.4_1,Mugla,Fethiye,low,2097,34.382298180767805,0.9996263989706936,1.0984293141662225
TUR.59.4_1,Mugla,Fethiye,low,2098,34.158270841756085,0.9996066841175826,1.0899613920616975
TUR.59.4_1,Mugla,Fethiye,low,2099,33.54734972407231,0.9995474729163818,1.069325380213923
TUR.59.4_1,Mugla,Fethiye,low,2100,40.37410716189609,0.999905576296256,1.285709750649536
TUR.59.4_1,Mugla,Fethiye,main,2024,15.847149313846693,0.973514445931435,1
TUR.59.4_1,Mugla,Fethiye,main,2025,16.172527033016447,0.975579695431279,0.9449988234365747
TUR.59.4_1,Mugla,Fethiye,main,2026,19.97009763669652,0.9897866319136315,1.0754719476161918
TUR.59.4_1,Mugla,Fethiye,main,2027,20.683963333743286,0.9913303156783996,1.0238316597676584
TUR.59.4_1,Mugla,Fethiye,main,2028,21.46907341288992,0.992696066478398,0.9725170934514388
TUR.59.4_1,Mugla,Fethiye,main,2029,22.122122904592242,0.99376793041607,0.9181745453371569
TUR.59.4_1,Mugla,Fethiye,main,2030,28.63644955391039,0.9986029396685071,1.0847160873686814
TUR.59.4_1,Mugla,Fethiye,main,2031,30.0752689804474,0.9989958967115661,1.0376587292610897
TUR.59.4_1,Mugla,Fethiye,main,2032,29.2264357665553,0.9987651859552014,0.9152370533713479
TUR.59.4_1,Mugla,Fethiye,main,2033,37.053283918680634,0.999797634770809,1.0553152644018373
TUR.59.4_1,Mugla,Fethiye,main,2034,41.60021868083814,0.9999287394387587,1.0742312068379716
TUR.59.4_1,Mugla,Fethiye,main,2035,44.43392051873753,0.9999628160260625,1.0391557392313107
TUR.59.4_1,Mugla,Fethiye,main,2036,54.36009506969483,0.9999961051931605,1.1482672966816596
TUR.59.4_1,Mugla,Fethiye,main,2037,59.86034186870266,0.9999989223279947,1.1453852768651192
TUR.59.4_1,Mugla,Fethiye,main,2038,61.1792171355084,0.9999992038275701,1.0579892266895694
TUR.59.4_1,Mugla,Fethiye,main,2039,74.8283275648776,0.9999999653008268,1.1692041821586598
TUR.59.4_1,Mugla,Fethiye,main,2040,70.25840592605641,0.9999998980461174,0.9900699168911139
TUR.59.4_1,Mugla,Fethiye,main,2041,92.86201719526507,0.9999999994472487,1.1845788803509414
TUR.59.4_1,Mugla,Fethiye,main,2042,97.97600778431925,0.9999999998291115,1.1297462283374116
TUR.59.4_1,Mugla,Fethiye,main,2043,98.26563638223075,0.9999999998401032,1.0248067919304436
TUR.59.4_1,Mugla,Fethiye,main,2044,115.36336574103095,0.9999999999966895,1.087041825575943
TUR.59.4_1,Mugla,Fethiye,main,2045,132.16367998677632,0.9999999999999333,1.1303356066766037
TUR.59.4_1,Mugla,Fethiye,main,2046,147.847588064956,0.9999999999999982,1.147014602437371
TUR.59.4_1,Mugla,Fethiye,main,2047,161.66190731209593,0.9999999999999999,1.139285887702081
TUR.59.4_1,Mugla,Fethiye,main,2048,185.01512677678522,1,1.184212195560138
TUR.59.4_1,Mugla,Fethiye,main,2049,184.07516253844838,1,1.0758752375758727
TUR.59.4_1,Mugla,Fethiye,main,2050,205.8872918572117,1,1.0991322404612933
TUR.59.4_1,Mugla,Fethiye,main,2051,231.98658512986933,1,1.1337337587353757
TUR.59.4_1,Mugla,Fethiye,main,2052,244.549161384088,1,1.0947778487361988
TUR.59.4_1,Mugla,Fethiye,main,2053,276.18869266838135,1,1.1396503117034507
TUR.59.4_1,Mugla,Fethiye,main,2054,292.981589646922,1,1.1154616886919977
TUR.59.4_1,Mugla,Fethiye,main,2055,310.88174539637913,1,1.095336792749361
TUR.59.4_1,Mugla,Fethiye,main,2056,370.74416186912447,1,1.2104347724505988
TUR.59.4_1,Mugla,Fethiye,main,2057,341.5788923577266,1,1.0404761497692954
TUR.59.4_1,Mugla,Fethiye,main,2058,395.0424319460086,1,1.1244353600889725
TUR.59.4_1,Mugla,Fethiye,main,2059,404.0537779126513,1,1.0783639604526398
TUR.59.4_1,Mugla,Fethiye,main,2060,445.2268451359941,1,1.116028608827199
TUR.59.4_1,Mugla,Fethiye,main,2061,439.21472319231873,1,1.0413830415356982
TUR.59.4_1,Mugla,Fethiye,main,2062,499.95489462823707,1,1.1231728862456545
TUR.59.4_1,Mugla,Fethiye,main,2063,575.2111159625327,1,1.2286595817056196
TUR.59.4_1,Mugla,Fethiye,main,2064,546.9087064348993,1,1.1125368705827523
TUR.59.4_1,Mugla,Fethiye,main,2065,593.061000116628,1,1.1568999379558504
TUR.59.4_1,Mugla,Fethiye,main,2066,602.7589781459593,1,1.1291904584229049
TUR.59.4_1,Mugla,Fethiye,main,2067,648.938178813661,1,1.171141680502561
TUR.59.4_1,Mugla,Fethiye,main,2068,645.6157239235251,1,1.1237886625361213
TUR.59.4_1,Mugla,Fethiye,main,2069,703.964270320363,1,1.189469014524799
TUR.59.4_1,Mugla,Fethiye,main,2070,677.2373022594776,1,1.1118027403072113
TUR.59.4_1,Mugla,Fethiye,main,2071,737.8257113440858,1,1.1798433751520636
TUR.59.4_1,Mugla,Fethiye,main,2072,764.0771234300737,1,1.1908146841448441
TUR.59.4_1,Mugla,Fethiye,main,2073,736.4556817023725,1,1.1251244497646584
TUR.59.4_1,Mugla,Fethiye,main,2074,779.4558574160542,1,1.167628440649936
TUR.59.4_1,Mugla,Fethiye,main,2075,768.4756874402153,1,1.1308960153880834
TUR.59.4_1,Mugla,Fethiye,main,2076,690.4375056383271,1,0.9981009864256197
TUR.59.4_1,Mugla,Fethiye,main,2077,709.6756268835748,1,1.013004028268516
TUR.59.4_1,Mugla,Fethiye,main,2078,934.0933730846326,1,1.3161276860915518
TUR.59.4_1,Mugla,Fethiye,main,2079,799.5113753847961,1,1.1134325300574275
TUR.59.4_1,Mugla,Fethiye,main,2080,777.4535610914595,1,1.069526126925978
TUR.59.4_1,Mugla,Fethiye,main,2081,856.3138327209547,1,1.169104018075231
TUR.59.4_1,Mugla,Fethiye,main,2082,763.0813498616859,1,1.0331085382891847
TUR.59.4_1,Mugla,Fethiye,main,2083,765.1672520630217,1,1.028187683577582
TUR.59.4_1,Mugla,Fethiye,main,2084,800.2041416318359,1,1.0661766930411753
TUR.59.4_1,Mugla,Fethiye,main,2085,794.1589104161071,1,1.0536904475104978
TUR.59.4_1,Mugla,Fethiye,main,2086,833.5627808885981,1,1.1000834402566562
TUR.59.4_1,Mugla,Fethiye,main,2087,890.9699091207902,1,1.1702634086180594
TUR.59.4_1,Mugla,Fethiye,main,2088,883.9497381017376,1,1.1540658549525875
TUR.59.4_1,Mugla,Fethiye,main,2089,811.2672774491311,1,1.0570689260461616
TUR.59.4_1,Mugla,Fethiye,main,2090,930.107464043489,1,1.2078494297407945
TUR.59.4_1,Mugla,Fethiye,main,2091,892.581709474304,1,1.155656738835535
TUR.59.4_1,Mugla,Fethiye,main,2092,941.4535197906218,1,1.2135239698792746
TUR.59.4_1,Mugla,Fethiye,main,2093,867.4565606549183,1,1.1174964642455618
TUR.59.4_1,Mugla,Fethiye,main,2094,921.1864736949018,1,1.184221245531236
TUR.59.4_1,Mugla,Fethiye,main,2095,944.878476527668,1,1.2124106695494006
TUR.59.4_1,Mugla,Fethiye,main,2096,906.4323790128227,1,1.159076269507199
TUR.59.4_1,Mugla,Fethiye,main,2097,858.7363760673734,1,1.0984293141662225
TUR.59.4_1,Mugla,Fethiye,main,2098,853.233199901573,1,1.0899613920616975
TUR.59.4_1,Mugla,Fethiye,main,2099,838.0534051906986,1,1.069325380213923
TUR.59.4_1,Mugla,Fethiye,main,2100,1008.6797908833702,1,1.285709750649536
TUR.81.6_1,Zonguldak,Merkez,high,2024,16.32987444368575,0.9762878009071152,1
TUR.81.6_1,Zonguldak,Merkez,high,2025,17.951904494673187,0.9837683051577804,0.9449988234365747
TUR.81.6_1,Zonguldak,Merkez,high,2026,23.688056442224177,0.9956496576025443,1.0754719476161918
TUR.81.6_1,Zonguldak,Merkez,high,2027,26.033243617509736,0.997460604631604,1.0238316597676584
TUR.81.6_1,Zonguldak,Merkez,high,2028,28.492404640993414,0.9985390111483938,0.9725170934514388
TUR.81.6_1,Zonguldak,Merkez,high,2029,30.784858817189114,0.9991468233661885,0.9181745453371569
TUR.81.6_1,Zonguldak,Merkez,high,2030,41.57722788429494,0.9999283623707891,1.0847160873686814
TUR.81.6_1,Zonguldak,Merkez,high,2031,45.35550463704926,0.9999699058190306,1.0376587292610897
TUR.81.6_1,Zonguldak,Merkez,high,2032,45.597329507462874,0.9999709937586277,0.9152370533713479
TUR.81.6_1,Zonguldak,Merkez,high,2033,59.58971213740912,0.9999988532576763,1.0553152644018373
TUR.81.6_1,Zonguldak,Merkez,high,2034,68.74157805944849,0.9999998596828237,1.0742312068379716
TUR.81.6_1,Zonguldak,Merkez,high,2035,75.22463430881076,0.9999999683181109,1.0391557392313107
TUR.81.6_1,Zonguldak,Merkez,high,2036,94.04139862054305,0.9999999995617757,1.1482672966816596
TUR.81.6_1,Zonguldak,Merkez,high,2037,105.57475365099579,0.9999999999701331,1.1453852768651192
TUR.81.6_1,Zonguldak,Merkez,high,2038,109.77428130983004,0.9999999999886097,1.0579892266895694
TUR.81.6_1,Zonguldak,Merkez,high,2039,136.34119942570675,0.9999999999999745,1.1692041821586598
TUR.81.6_1,Zonguldak,Merkez,high,2040,129.77699079353198,0.9999999999998782,0.9900699168911139
TUR.81.6_1,Zonguldak,Merkez,high,2041,173.63075081090133,1,1.1845788803509414
TUR.81.6_1,Zonguldak,Merkez,high,2042,185.18988868463984,1,1.1297462283374116
TUR.81.6_1,Zonguldak,Merkez,high,2043,187.53837957619348,1,1.0248067919304436
TUR.81.6_1,Zonguldak,Merkez,high,2044,222.06751699981118,1,1.087041825575943
TUR.81.6_1,Zonguldak,Merkez,high,2045,256.3571938594162,1,1.1303356066766037
TUR.81.6_1,Zonguldak,Merkez,high,2046,288.7329168597905,1,1.147014602437371
TUR.81.6_1,Zonguldak,Merkez,high,2047,317.62222759384184,1,1.139285887702081
TUR.81.6_1,Zonguldak,Merkez,high,2048,365.4600096112424,1,1.184212195560138
TUR.81.6_1,Zonguldak,Merkez,high,2049,365.3402933152593,1,1.0758752375758727
TUR.81.6_1,Zonguldak,Merkez,high,2050,410.3652671375147,1,1.0991322404612933
TUR.81.6_1,Zonguldak,Merkez,high,2051,464.1272148580111,1,1.1337337587353757
TUR.81.6_1,Zonguldak,Merkez,high,2052,490.897296706325,1,1.0947778487361988
TUR.81.6_1,Zonguldak,Merkez,high,2053,556.0554894603996,1,1.1396503117034507
TUR.81.6_1,Zonguldak,Merkez,high,2054,591.4198414256676,1,1.1154616886919977
TUR.81.6_1,Zonguldak,Merkez,high,2055,629.0218599903791,1,1.095336792749361
TUR.81.6_1,Zonguldak,Merkez,high,2056,751.7020822797837,1,1.2104347724505988
TUR.81.6_1,Zonguldak,Merkez,high,2057,693.8443790074518,1,1.0404761497692954
TUR.81.6_1,Zonguldak,Merkez,high,2058,803.7564014575069,1,1.1244353600889725
TUR.81.6_1,Zonguldak,Merkez,high,2059,823.2839187068615,1,1.0783639604526398
TUR.81.6_1,Zonguldak,Merkez,high,2060,908.344591416347,1,1.116028608827199
TUR.81.6_1,Zonguldak,Merkez,high,2061,897.102453339368,1,1.0413830415356982
TUR.81.6_1,Zonguldak,Merkez,high,2062,1022.2001613169723,1,1.1231728862456545
TUR.81.6_1,Zonguldak,Merkez,high,2063,1177.1254363995654,1,1.2286595817056196
TUR.81.6_1,Zonguldak,Merkez,high,2064,1120.0995768528433,1,1.1125368705827523
TUR.81.6_1,Zonguldak,Merkez,high,2065,1215.481652467798,1,1.1568999379558504
TUR.81.6_1,Zonguldak,Merkez,high,2066,1236.1332841713204,1,1.1291904584229049
TUR.81.6_1,Zonguldak,Merkez,high,2067,1331.5783942143269,1,1.171141680502561
TUR.81.6_1,Zonguldak,Merkez,high,2068,1325.415405409101,1,1.1237886625361213
TUR.81.6_1,Zonguldak,Merkez,high,2069,1445.8352556732243,1,1.189469014524799
TUR.81.6_1,Zonguldak,Merkez,high,2070,1391.4828314901195,1,1.1118027403072113
TUR.81.6_1,Zonguldak,Merkez,high,2071,1516.4932733498727,1,1.1798433751520636
TUR.81.6_1,Zonguldak,Merkez,high,2072,1570.9295447290854,1,1.1908146841448441
TUR.81.6_1,Zonguldak,Merkez,high,2073,1514.5510976403712,1,1.1251244497646584
TUR.81.6_1,Zonguldak,Merkez,high,2074,1603.3684344175656,1,1.167628440649936
TUR.81.6_1,Zonguldak,Merkez,high,2075,1581.119226958659,1,1.1308960153880834
TUR.81.6_1,Zonguldak,Merkez,high,2076,1420.8265754782701,1,0.9981009864256197
TUR.81.6_1,Zonguldak,Merkez,high,2077,1460.6612384043647,1,1.013004028268516
TUR.81.6_1,Zonguldak,Merkez,high,2078,1922.846346934176,1,1.3161276860915518
TUR.81.6_1,Zonguldak,Merkez,high,2079,1646.0245309367508,1,1.1134325300574275
TUR.81.6_1,Zonguldak,Merkez,high,2080,1600.7997000048556,1,1.069526126925978
TUR.81.6_1,Zonguldak,Merkez,high,2081,1763.358541974509,1,1.169104018075231
TUR.81.6_1,Zonguldak,Merkez,high,2082,1571.51500915505,1,1.0331085382891847
TUR.81.6_1,Zonguldak,Merkez,high,2083,1575.9396088568094,1,1.028187683577582
TUR.81.6_1,Zonguldak,Merkez,high,2084,1648.221139394825,1,1.0661766930411753
TUR.81.6_1,Zonguldak,Merkez,high,2085,1635.8746662687124,1,1.0536904475104978
TUR.81.6_1,Zonguldak,Merkez,high,2086,1717.1399792114864,1,1.1000834402566562
TUR.81.6_1,Zonguldak,Merkez,high,2087,1835.4915611924978,1,1.1702634086180594
TUR.81.6_1,Zonguldak,Merkez,high,2088,1821.1109815210327,1,1.1540658549525875
TUR.81.6_1,Zonguldak,Merkez,high,2089,1671.4372777134624,1,1.0570689260461616
TUR.81.6_1,Zonguldak,Merkez,high,2090,1916.348907557775,1,1.2078494297407945
TUR.81.6_1,Zonguldak,Merkez,high,2091,1839.090211261003,1,1.155656738835535
TUR.81.6_1,Zonguldak,Merkez,high,2092,1939.8403630248054,1,1.2135239698792746
TUR.81.6_1,Zonguldak,Merkez,high,2093,1787.4155801490847,1,1.1174964642455618
TUR.81.6_1,Zonguldak,Merkez,high,2094,1898.1688463364176,1,1.184221245531236
TUR.81.6_1,Zonguldak,Merkez,high,2095,1947.025584607875,1,1.2124106695494006
TUR.81.6_1,Zonguldak,Merkez,high,2096,1867.8352820370037,1,1.159076269507199
TUR.81.6_1,Zonguldak,Merkez,high,2097,1769.5777215465728,1,1.0984293141662225
TUR.81.6_1,Zonguldak,Merkez,high,2098,1758.261220542132,1,1.0899613920616975
TUR.81.6_1,Zonguldak,Merkez,high,2099,1727.00085617829,1,1.069325380213923
TUR.81.6_1,Zonguldak,Merkez,high,2100,2078.637676772988,1,1.285709750649536
TUR.81.6_1,Zonguldak,Merkez,low,2024,1.632987444368575,0.312144548963877,1
TUR.81.6_1,Zonguldak,Merkez,low,2025,1.5635770881693216,0.3015648918164885,0.9449988234365747
TUR.81.6_1,Zonguldak,Merkez,low,2026,1.8090698653127433,0.33983462903063555,1.0754719476161918
TUR.81.6_1,Zonguldak,Merkez,low,2027,1.75386486956931,0.3314157235358093,1.0238316597676584
TUR.81.6_1,Zonguldak,Merkez,low,2028,1.702756590409049,0.3230536131565328,0.9725170934514388
TUR.81.6_1,Zonguldak,Merkez,low,2029,1.6404898600601598,0.31378756850672296,0.9181745453371569
TUR.81.6_1,Zonguldak,Merkez,low,2030,1.9853974327447137,0.36602148735917506,1.0847160873686814
TUR.81.6_1,Zonguldak,Merkez,low,2031,1.9500118910272914,0.3608509547344949,1.0376587292610897
TUR.81.6_1,Zonguldak,Merkez,low,2032,1.7732217380463011,0.3338959029189157,0.9152370533713479
TUR.81.6_1,Zonguldak,Merkez,low,2033,2.105578701608157,0.38327209996626743,1.0553152644018373
TUR.81.6_1,Zonguldak,Merkez,low,2034,2.216808701545746,0.3988193268123399,1.0742312068379716
TUR.81.6_1,Zonguldak,Merkez,low,2035,2.2237678275432353,0.3997789103200021,1.0391557392313107
TUR.81.6_1,Zonguldak,Merkez,low,2036,2.5595636949687512,0.4437229063611505,1.1482672966816596
TUR.81.6_1,Zonguldak,Merkez,low,2037,2.657097779079963,0.4566091413790849,1.1453852768651192
TUR.81.6_1,Zonguldak,Merkez,low,2038,2.565764557727547,0.4450965924791985,1.0579892266895694
TUR.81.6_1,Zonguldak,Merkez,low,2039,2.9720895781789447,0.49451228344388354,1.1692041821586598
TUR.81.6_1,Zonguldak,Merkez,low,2040,2.649583319332316,0.45507957006212674,0.9900699168911139
TUR.81.6_1,Zonguldak,Merkez,low,2041,3.3338690080540756,0.5347947597122202,1.1845788803509414
TUR.81.6_1,Zonguldak,Merkez,low,2042,3.357696489397505,0.5373322564255616,1.1297462283374116
TUR.81.6_1,Zonguldak,Merkez,low,2043,3.223538410332778,0.5228625319074729,1.0248067919304436
TUR.81.6_1,Zonguldak,Merkez,low,2044,3.6325462024246558,0.5649733086459051,1.087041825575943
TUR.81.6_1,Zonguldak,Merkez,low,2045,4.005545380893031,0.6012646154121468,1.1303356066766037
TUR.81.6_1,Zonguldak,Merkez,low,2046,4.32458646039277,0.6294222152084552,1.147014602437371
TUR.81.6_1,Zonguldak,Merkez,low,2047,4.575763504830246,0.6501842246291543,1.139285887702081
TUR.81.6_1,Zonguldak,Merkez,low,2048,5.080367039027521,0.6877952567142962,1.184212195560138
TUR.81.6_1,Zonguldak,Merkez,low,2049,4.915596920079628,0.6764352565388427,1.0758752375758727
TUR.81.6_1,Zonguldak,Merkez,low,2050,5.359379027645232,0.7077730340865895,1.0991322404612933
TUR.81.6_1,Zonguldak,Merkez,low,2051,5.899399418327504,0.7418421519675209,1.1337337587353757
TUR.81.6_1,Zonguldak,Merkez,low,2052,6.087937680383911,0.7521587854468981,1.0947778487361988
TUR.81.6_1,Zonguldak,Merkez,low,2053,6.743878646542633,0.7873336921623514,1.1396503117034507
TUR.81.6_1,Zonguldak,Merkez,low,2054,7.0295280393024715,0.8008308215930485,1.1154616886919977
TUR.81.6_1,Zonguldak,Merkez,low,2055,7.341541824892795,0.8145967723781034,1.095336792749361
TUR.81.6_1,Zonguldak,Merkez,low,2056,8.630586916760725,0.8615962340796751,1.2104347724505988
TUR.81.6_1,Zonguldak,Merkez,low,2057,7.849540382739408,0.835003546537552,1.0404761497692954
TUR.81.6_1,Zonguldak,Merkez,low,2058,8.973158336834802,0.8725145969690983,1.1244353600889725
TUR.81.6_1,Zonguldak,Merkez,low,2059,9.082408784096513,0.8756719223632968,1.0783639604526398
TUR.81.6_1,Zonguldak,Merkez,low,2060,9.914460563576739,0.8968696930881008,1.116028608827199
TUR.81.6_1,Zonguldak,Merkez,low,2061,9.69868496622982,0.892072460501135,1.0413830415356982
TUR.81.6_1,Zonguldak,Merkez,low,2062,10.957139860313287,0.9191507207283377,1.1231728862456545
TUR.81.6_1,Zonguldak,Merkez,low,2063,12.52187042227455,0.9435469742367432,1.2286595817056196
TUR.81.6_1,Zonguldak,Merkez,low,2064,11.834322281442885,0.9335743381470426,1.1125368705827523
TUR.81.6_1,Zonguldak,Merkez,low,2065,12.76422387934558,0.946601769881406,1.1568999379558504
TUR.81.6_1,Zonguldak,Merkez,low,2066,12.91090377131421,0.9483697466476421,1.1291904584229049
TUR.81.6_1,Zonguldak,Merkez,low,2067,13.840753404477022,0.9582931885825041,1.171141680502561
TUR.81.6_1,Zonguldak,Merkez,low,2068,13.717533481942041,0.9568547829102431,1.1237886625361213
TUR.81.6_1,Zonguldak,Merkez,low,2069,14.906611114873368,0.9673449018376972,1.189469014524799
TUR.81.6_1,Zonguldak,Merkez,low,2070,14.297405814544234,0.9624436795930585,1.1118027403072113
TUR.81.6_1,Zonguldak,Merkez,low,2071,15.534692656066508,0.9717292605602472,1.1798433751520636
TUR.81.6_1,Zonguldak,Merkez,low,2072,16.048982613699195,0.9747114395759481,1.1908146841448441
TUR.81.6_1,Zonguldak,Merkez,low,2073,15.435949452602628,0.9710811554281883,1.1251244497646584
TUR.81.6_1,Zonguldak,Merkez,low,2074,16.306365740381732,0.9763185322968437,1.167628440649936
TUR.81.6_1,Zonguldak,Merkez,low,2075,16.04966705118585,0.9748811899691259,1.1308960153880834
TUR.81.6_1,Zonguldak,Merkez,low,2076,14.39832012166148,0.9630864499663832,0.9981009864256197
TUR.81.6_1,Zonguldak,Merkez,low,2077,14.779892263365458,0.9663810866398328,1.013004028268516
TUR.81.6_1,Zonguldak,Merkez,low,2078,19.43076894858793,0.9884406081903474,1.3161276860915518
TUR.81.6_1,Zonguldak,Merkez,low,2079,16.613836422240393,0.977932319967655,1.1134325300574275
TUR.81.6_1,Zonguldak,Merkez,low,2080,16.140472487948024,0.9752360617339453,1.069526126925978
TUR.81.6_1,Zonguldak,Merkez,low,2081,17.763007897142078,0.9830490093444925,1.169104018075231
TUR.81.6_1,Zonguldak,Merkez,low,2082,15.81744635290364,0.9735058932281042,1.0331085382891847
TUR.81.6_1,Zonguldak,Merkez,low,2083,15.850377854233852,0.973705414987032,1.028187683577582
TUR.81.6_1,Zonguldak,Merkez,low,2084,16.566604133784452,0.9775397675216956,1.0661766930411753
TUR.81.6_1,Zonguldak,Merkez,low,2085,16.43303413199873,0.9769971860329313,1.0536904475104978
TUR.81.6_1,Zonguldak,Merkez,low,2086,17.240558704481625,0.9808892224217233,1.1000834402566562
TUR.81.6_1,Zonguldak,Merkez,low,2087,18.420480698766426,0.9854235681538432,1.1702634086180594
TUR.81.6_1,Zonguldak,Merkez,low,2088,18.268804423929446,0.9847936885734044,1.1540658549525875
TUR.81.6_1,Zonguldak,Merkez,low,2089,16.761337110533297,0.9786669846324266,1.0570689260461616
TUR.81.6_1,Zonguldak,Merkez,low,2090,19.21124558018191,0.9878431963893604,1.2078494297407945
TUR.81.6_1,Zonguldak,Merkez,low,2091,18.431550319656907,0.985460559677572,1.155656738835535
TUR.81.6_1,Zonguldak,Merkez,low,2092,19.436430033182923,0.9883632842131815,1.2135239698792746
TUR.81.6_1,Zonguldak,Merkez,low,2093,17.905231873023805,0.983593471738157,1.1174964642455618
TUR.81.6_1,Zonguldak,Merkez,low,2094,19.01095808522625,0.9872712375543016,1.184221245531236
TUR.81.6_1,Zonguldak,Merkez,low,2095,19.49688368746558,0.9886147134250939,1.2124106695494006
TUR.81.6_1,Zonguldak,Merkez,low,2096,18.70100892321896,0.9862274584986548,1.159076269507199
TUR.81.6_1,Zonguldak,Merkez,low,2097,17.714814231185414,0.9828604450812478,1.0984293141662225
TUR.81.6_1,Zonguldak,Merkez,low,2098,17.599388477140877,0.9824002538982352,1.0899613920616975
TUR.81.6_1,Zonguldak,Merkez,low,2099,17.284623185630203,0.9810815503535321,1.069325380213923
TUR.81.6_1,Zonguldak,Merkez,low,2100,20.801977935350163,0.9915620229876609,1.285709750649536
TUR.81.6_1,Zonguldak,Merkez,main,2024,8.164937221842875,0.8460123411020066,1
TUR.81.6_1,Zonguldak,Merkez,main,2025,8.3325817992866,0.8523205995060741,0.9449988234365747
TUR.81.6_1,Zonguldak,Merkez,main,2026,10.289206613029659,0.9057540234231861,1.0754719476161918
TUR.81.6_1,Zonguldak,Merkez,main,2027,10.657012108250246,0.9133844099151419,1.0238316597676584
TUR.81.6_1,Zonguldak,Merkez,main,2028,11.061524893579227,0.9207062489219666,0.9725170934514388
TUR.81.6_1,Zonguldak,Merkez,main,2029,11.397996015098023,0.9269320474354923,0.9181745453371569
TUR.81.6_1,Zonguldak,Merkez,main,2030,14.754376843023081,0.9661836040825378,1.0847160873686814
TUR.81.6_1,Zonguldak,Merkez,main,2031,15.495700727753427,0.9714750890941726,1.0376587292610897
TUR.81.6_1,Zonguldak,Merkez,main,2032,15.058355829564809,0.9682675248598923,0.9152370533713479
TUR.81.6_1,Zonguldak,Merkez,main,2033,19.090987979446908,0.9875029371711941,1.0553152644018373
TUR.81.6_1,Zonguldak,Merkez,main,2034,21.43370818417118,0.9927010435845998,1.0742312068379716
TUR.81.6_1,Zonguldak,Merkez,main,2035,22.89371825624471,0.9947795073312942,1.0391557392313107
TUR.81.6_1,Zonguldak,Merkez,main,2036,28.007987735033876,0.9983675026502219,1.1482672966816596
TUR.81.6_1,Zonguldak,Merkez,main,2037,30.84188353099897,0.9991579185027605,1.1453852768651192
TUR.81.6_1,Zonguldak,Merkez,main,2038,31.521408506983192,0.9992795366846109,1.0579892266895694
TUR.81.6_1,Zonguldak,Merkez,main,2039,38.55384870065412,0.9998566018033636,1.1692041821586598
TUR.81.6_1,Zonguldak,Merkez,main,2040,36.19928495226354,0.999750129348157,0.9900699168911139
TUR.81.6_1,Zonguldak,Merkez,main,2041,47.845358535906065,0.9999830071001012,1.1845788803509414
TUR.81.6_1,Zonguldak,Merkez,main,2042,50.480243289357475,0.9999907190110197,1.1297462283374116
TUR.81.6_1,Zonguldak,Merkez,main,2043,50.62946882341183,0.9999910315400311,1.0248067919304436
TUR.81.6_1,Zonguldak,Merkez,main,2044,59.43874322891541,0.9999987835438143,1.087041825575943
TUR.81.6_1,Zonguldak,Merkez,main,2045,68.09478024901757,0.9999998372239527,1.1303356066766037
TUR.81.6_1,Zonguldak,Merkez,main,2046,76.17561058104447,0.9999999745312474,1.147014602437371
TUR.81.6_1,Zonguldak,Merkez,main,2047,83.29317142316,0.9999999950288856,1.139285887702081
TUR.81.6_1,Zonguldak,Merkez,main,2048,95.3254661331303,0.9999999996734756,1.184212195560138
TUR.81.6_1,Zonguldak,Merkez,main,2049,94.84116773694547,0.9999999996490647,1.0758752375758727
TUR.81.6_1,Zonguldak,Merkez,main,2050,106.07944555179557,0.9999999999734003,1.0991322404612933
TUR.81.6_1,Zonguldak,Merkez,main,2051,119.52660168602331,0.9999999999987857,1.1337337587353757
TUR.81.6_1,Zonguldak,Merkez,main,2052,125.99922615802754,0.9999999999997106,1.0947778487361988
TUR.81.6_1,Zonguldak,Merkez,main,2053,142.30088278715166,0.9999999999999934,1.1396503117034507
TUR.81.6_1,Zonguldak,Merkez,main,2054,150.95309820376633,0.9999999999999991,1.1154616886919977
TUR.81.6_1,Zonguldak,Merkez,main,2055,160.1758072892309,0.9999999999999999,1.095336792749361
TUR.81.6_1,Zonguldak,Merkez,main,2056,191.01875971984285,1,1.2104347724505988
TUR.81.6_1,Zonguldak,Merkez,main,2057,175.99191862037654,1,1.0404761497692954
TUR.81.6_1,Zonguldak,Merkez,main,2058,203.53797348176485,1,1.1244353600889725
TUR.81.6_1,Zonguldak,Merkez,main,2059,208.18089522401507,1,1.0783639604526398
TUR.81.6_1,Zonguldak,Merkez,main,2060,229.39452188023472,1,1.116028608827199
TUR.81.6_1,Zonguldak,Merkez,main,2061,226.29689231494234,1,1.0413830415356982
TUR.81.6_1,Zonguldak,Merkez,main,2062,257.592091015753,1,1.1231728862456545
TUR.81.6_1,Zonguldak,Merkez,main,2063,296.3664037062216,1,1.2286595817056196
TUR.81.6_1,Zonguldak,Merkez,main,2064,281.7841345268621,1,1.1125368705827523
TUR.81.6_1,Zonguldak,Merkez,main,2065,305.5632113243596,1,1.1568999379558504
TUR.81.6_1,Zonguldak,Merkez,main,2066,310.55990695838847,1,1.1291904584229049
TUR.81.6_1,Zonguldak,Merkez,main,2067,334.3528470600644,1,1.171141680502561
TUR.81.6_1,Zonguldak,Merkez,main,2068,332.6410164296392,1,1.1237886625361213
TUR.81.6_1,Zonguldak,Merkez,main,2069,362.7039765798093,1,1.189469014524799
TUR.81.6_1,Zonguldak,Merkez,main,2070,348.9334231493161,1,1.1118027403072113
TUR.81.6_1,Zonguldak,Merkez,main,2071,380.1504292334898,1,1.1798433751520636
TUR.81.6_1,Zonguldak,Merkez,main,2072,393.6759616445168,1,1.1908146841448441
TUR.81.6_1,Zonguldak,Merkez,main,2073,379.44454795508983,1,1.1251244497646584
TUR.81.6_1,Zonguldak,Merkez,main,2074,401.59955692718614,1,1.167628440649936
TUR.81.6_1,Zonguldak,Merkez,main,2075,395.94223668855153,1,1.1308960153880834
TUR.81.6_1,Zonguldak,Merkez,main,2076,355.73457266645306,1,0.9981009864256197
TUR.81.6_1,Zonguldak,Merkez,main,2077,365.6466425992073,1,1.013004028268516
TUR.81.6_1,Zonguldak,Merkez,main,2078,481.27354639811676,1,1.3161276860915518
TUR.81.6_1,Zonguldak,Merkez,main,2079,411.93277471439023,1,1.1134325300574275
TUR.81.6_1,Zonguldak,Merkez,main,2080,400.56791246760133,1,1.069526126925978
TUR.81.6_1,Zonguldak,Merkez,main,2081,441.1991423752855,1,1.169104018075231
TUR.81.6_1,Zonguldak,Merkez,main,2082,393.162908570299,1,1.0331085382891847
TUR.81.6_1,Zonguldak,Merkez,main,2083,394.2376293410517,1,1.028187683577582
TUR.81.6_1,Zonguldak,Merkez,main,2084,412.28970912602904,1,1.0661766930411753
TUR.81.6_1,Zonguldak,Merkez,main,2085,409.1750206485991,1,1.0536904475104978
TUR.81.6_1,Zonguldak,Merkez,main,2086,429.47710289277927,1,1.1000834402566562
TUR.81.6_1,Zonguldak,Merkez,main,2087,459.05501553935073,1,1.1702634086180594
TUR.81.6_1,Zonguldak,Merkez,main,2088,455.43800818225577,1,1.1540658549525875
TUR.81.6_1,Zonguldak,Merkez,main,2089,417.9897759100285,1,1.0570689260461616
TUR.81.6_1,Zonguldak,Merkez,main,2090,479.21988384667753,1,1.2078494297407945
TUR.81.6_1,Zonguldak,Merkez,main,2091,459.88546450149215,1,1.155656738835535
TUR.81.6_1,Zonguldak,Merkez,main,2092,485.06571965324264,1,1.2135239698792746
TUR.81.6_1,Zonguldak,Merkez,main,2093,446.9402174581961,1,1.1174964642455618
TUR.81.6_1,Zonguldak,Merkez,main,2094,474.6235160892767,1,1.184221245531236
TUR.81.6_1,Zonguldak,Merkez,main,2095,486.8303623780434,1,1.2124106695494006
TUR.81.6_1,Zonguldak,Merkez,main,2096,467.0217541282758,1,1.159076269507199
TUR.81.6_1,Zonguldak,Merkez,main,2097,442.44731098586453,1,1.0984293141662225
TUR.81.6_1,Zonguldak,Merkez,main,2098,439.61190589030946,1,1.0899613920616975
TUR.81.6_1,Zonguldak,Merkez,main,2099,431.79081022192605,1,1.069325380213923
TUR.81.6_1,Zonguldak,Merkez,main,2100,519.70275576997,1,1.285709750649536
